dataset,balance,features,model,family,accuracy_mean,accuracy_std,accuracy_count,precision_mean,precision_std,precision_count,recall_mean,recall_std,recall_count,f1_mean,f1_std,f1_count,f1_macro_mean,f1_macro_std,f1_macro_count,balanced_accuracy_mean,balanced_accuracy_std,balanced_accuracy_count,mcc_mean,mcc_std,mcc_count,roc_auc_mean,roc_auc_std,roc_auc_count,pr_auc_mean,pr_auc_std,pr_auc_count,train_seconds_mean,train_seconds_std,train_seconds_count,predict_seconds_mean,predict_seconds_std,predict_seconds_count
CIC-IDS2017,balanced,all,CNN,DL,0.9976794602337735,0.0005175267649298431,5,0.9896491149356773,0.0037878413229567136,5,0.9966998974101948,0.0010271019288131218,5,0.9931575630549375,0.0015102561573828277,5,0.9958801851584591,0.0009112561003792259,5,0.9972892138776637,0.0002848239665099879,5,0.9917726765241814,0.0018098241617505394,5,0.9999231558639636,1.1228852791929238e-05,5,0.9996731995896309,3.5740389992937914e-05,5,619.9760086059571,115.27124128764464,5,1.2799312591552734,0.008078681509327194,5
CIC-IDS2017,balanced,all,DT,ML,0.9991010950609169,5.1445945629324254e-05,5,0.9966777345768769,0.0002381305400889182,5,0.9980045891317456,0.0001519954962951474,5,0.9973407070515276,0.0001520411220168684,5,0.9983999209315778,9.15010792294449e-05,5,0.9986642599411963,8.366617380230894e-05,5,0.9968001712962128,0.00018294750208668178,5,0.9986650413333168,8.279132841500006e-05,5,0.9950272779057204,0.0002873500331714808,5,74.54747948646545,3.4397250594595508,5,0.06421823501586914,0.002523808636018726,5
CIC-IDS2017,balanced,all,GNB,ML,0.4466343311319244,0.01807837876726076,5,0.2318443720350988,0.005969061487495541,5,0.9830906940865983,0.000703147158430447,5,0.37517411536001133,0.007835382941104311,5,0.4391856297956682,0.015945397786264456,5,0.660352263066204,0.011061901230356923,5,0.2666224071346758,0.013312293281757318,5,0.712647314560137,0.01516821124762469,5,0.26310444607952244,0.010540522975215778,5,0.6452032089233398,0.004305330996434124,5,0.10849542617797851,0.0023837807037019416,5
CIC-IDS2017,balanced,all,GRU,DL,0.9964453838533076,0.0009612844277982034,5,0.9867635726865203,0.005745655900935674,5,0.9922940176830366,0.0014733117937096264,5,0.9895130279283245,0.0027997969864294306,5,0.9936865172620847,0.001690012206324629,5,0.9947915281925683,0.0008209049716627954,5,0.9873845003934101,0.0033632910138837197,5,0.9998340052728386,4.2708672150473746e-05,5,0.9992721167785593,0.00016276000719006245,5,194.35527081489562,43.969279258967234,5,0.8772120475769043,0.04620285559245113,5
CIC-IDS2017,balanced,all,KNN,ML,0.9949422708857176,7.663314703729823e-05,5,0.9759574029694505,0.0004203906677974451,5,0.994555692167934,0.00032715646871259174,5,0.9851687039407949,0.00022333773570442074,5,0.9910600053540914,0.00013479019029138037,5,0.9947882624522274,0.00015455888179674202,5,0.9821839741368279,0.0002684055956010528,5,0.9973347944008587,0.00011048841439979572,5,0.9848795425401228,0.00022548171706433372,5,0.06960148811340332,0.0018452752094569348,5,462.3513144016266,1.4092174412593788,5
CIC-IDS2017,balanced,all,LSTM,DL,0.9960546591343477,0.000649589318279599,5,0.9837831406654866,0.0053102009682373325,5,0.9930411220662057,0.0017247020375004368,5,0.9883805329283064,0.0018729809784837615,5,0.9930022329710784,0.0011329340751735878,5,0.9948541012614512,0.0003615536982572169,5,0.9860274508538334,0.0022425919630553316,5,0.9998505180166315,1.4743381240733812e-05,5,0.9993133308988256,7.006452981410485e-05,5,196.7227482318878,20.295174823985825,5,0.8783449649810791,0.023977878021461625,5
CIC-IDS2017,balanced,all,MLP,DL,0.9961326982623728,0.0011472307772125896,5,0.9834206232564376,0.008237196175369704,5,0.9939307557971071,0.0029850699185803966,5,0.9886250744868805,0.0033109770885630025,5,0.9931476906647518,0.0020023606037295827,5,0.9952554701737302,0.0010793851436705457,5,0.986332251998008,0.003958984323472438,5,0.9998018210070982,3.579238993214981e-05,5,0.999118716032951,0.00015376928764051373,5,87.7881669998169,12.196367634320197,5,0.3914817810058594,0.0027875919263322924,5
CIC-IDS2017,balanced,all,RF,ML,0.9992875953499262,2.582817968649738e-05,5,0.997024661164312,0.00022312491833192824,5,0.9987626573108941,0.00015769878196612982,5,0.997892877193209,7.621722531035771e-05,5,0.9987321050345216,4.5882840622211114e-05,5,0.9990784661833381,6.404355955562086e-05,5,0.9974647765448598,9.166498872272447e-05,5,0.999971222505194,1.1410937948172563e-05,5,0.9998555061209118,3.97338679714283e-05,5,47.97369966506958,1.9012025824647518,5,0.43047494888305665,0.045006145167012686,5
CIC-IDS2017,balanced,all,SVM,ML,0.9434917351272633,0.0008659843378750602,5,0.7630568260190949,0.0030267331041516237,5,0.9651413938117204,0.00020349283696254,5,0.8522814186021348,0.001948357584862236,5,0.9086724798224868,0.0012506934490111078,5,0.9521167055827189,0.0005843547555884925,5,0.8265653853433083,0.0022100085664860766,5,0.9893709926047048,0.000368946266055993,5,0.9606645702148361,0.0015125508722032075,5,8.632246160507203,0.4020226572496816,5,72.64639110565186,1.3695481661932316,5
CIC-IDS2017,balanced,all,SimpleRNN,DL,0.9965985521757705,0.0006244101171896025,5,0.9869767710210107,0.004420417417041309,5,0.9929831705731715,0.0012750088483349988,5,0.9899648817480019,0.0018150824985917239,5,0.9939585516034535,0.00109605756694701,5,0.9951582264892507,0.0004298378178851709,5,0.9879280724823861,0.002177275020177715,5,0.9998383543756617,3.63900339948288e-05,5,0.9993034139221537,0.00017358630805029384,5,132.00829949378968,40.78538921705898,5,0.627101993560791,0.004079481539267184,5
CIC-IDS2017,balanced,top10,CNN,DL,0.9882906917838025,0.0035190165910671672,5,0.9483061573365233,0.020143724879427116,5,0.9847885162068397,0.008935036600721348,5,0.9660739119620155,0.009879459416153159,5,0.979498967264397,0.006009263438038902,5,0.9868954660520082,0.004199074178927308,5,0.9593469468086603,0.011734807954557488,5,0.9991031991854495,0.0004250331047475977,5,0.9958548523845809,0.001905234072517505,5,227.3538984298706,65.24343506653216,5,0.6427989482879639,0.012169736503300494,5
CIC-IDS2017,balanced,top10,DT,ML,0.9963654929493633,0.001608394597550636,5,0.9836088804288663,0.0096801636077745,5,0.9951493034073913,0.0016575201979637194,5,0.9893229966660619,0.004656126476134363,5,0.993566491716216,0.0028140812158930916,5,0.9958809772800574,0.0010186032752395346,5,0.9871739003978666,0.005564061714214628,5,0.9973322294001641,0.0009160954602335089,5,0.9887990752838973,0.004689415419706009,5,17.06709728240967,1.3302041290747793,5,0.036376571655273436,0.002491276995601643,5
CIC-IDS2017,balanced,top10,GNB,ML,0.6242355141521975,0.26818011965251415,5,0.36847739109378874,0.16634726012662207,5,0.7501993061483402,0.2075745532005793,5,0.45089062096819205,0.11547916549549553,5,0.5583114080487734,0.2088040232009924,5,0.6744180135744104,0.07951935531008923,5,0.32705209609671837,0.14505060246159654,5,0.782659309918101,0.028475181419267432,5,0.5801065442660585,0.04305277458380988,5,0.3194558143615723,0.004201958948503797,5,0.0207611083984375,0.0006119595288495376,5
CIC-IDS2017,balanced,top10,GRU,DL,0.9911466593301068,0.0007638152506601472,5,0.9656318680636575,0.003889885309440755,5,0.9825691306492917,0.0033920639118342625,5,0.9740199994322161,0.0022271620959140237,5,0.984342080446163,0.0013439358445984588,5,0.987729472365124,0.0016264947042092543,5,0.96874288534258,0.0026859107116449384,5,0.999215151510189,5.027039791412963e-05,5,0.9965453890953233,0.000284817534567283,5,335.8587244510651,64.11565442120383,5,0.7578398227691651,0.042257289448750596,5
CIC-IDS2017,balanced,top10,KNN,ML,0.9967591276019105,0.0009357394330283906,5,0.9873962908375299,0.005205595002183428,5,0.9935188303195946,0.003034991412377763,5,0.9904393788470263,0.0027367456160586733,5,0.9942441192749859,0.001650530568361595,5,0.995468231115541,0.001498611815966951,5,0.9885014481333908,0.003289371509147505,5,0.9971662425362169,0.001570404762077346,5,0.9906770438892721,0.002432402878087498,5,5.818673324584961,0.2941522567843769,5,19.95241756439209,8.072410516545762,5
CIC-IDS2017,balanced,top10,LSTM,DL,0.9884256068864901,0.002351118829801849,5,0.9501353940334466,0.014553014595400295,5,0.9833068374930498,0.005401387415281681,5,0.966368844898137,0.006589488352123808,5,0.9796893454095151,0.004009610957417105,5,0.9863863491120288,0.0022998782265754207,5,0.9596375952089303,0.007834050598577058,5,0.9990430884206164,0.00017659206149648224,5,0.9959437284543325,0.0005850317969361197,5,244.28236737251282,68.48323809798943,5,0.80809006690979,0.01993161107110117,5
CIC-IDS2017,balanced,top10,MLP,DL,0.9889031005342372,0.0009261758849034594,5,0.953779895570554,0.006771210975748986,5,0.9819379292521908,0.0028665308763864516,5,0.9676365385302681,0.002567715974088889,5,0.9804699980425063,0.001566050914356673,5,0.9861282578727237,0.0009706087627404244,5,0.9611028397911479,0.003050702879591283,5,0.9986547449595886,0.00020508451576527445,5,0.9943457069755803,0.0009257841095044884,5,124.92914023399354,35.58827879261728,5,0.30080242156982423,0.003669977751126968,5
CIC-IDS2017,balanced,top10,RF,ML,0.9966109855283711,0.0015635296155227327,5,0.9844626453328867,0.009242357009708784,5,0.995725685824595,0.0016728764007594794,5,0.9900422039230465,0.004531782684025962,5,0.9940000995415191,0.0027382356801946527,5,0.9962582924951653,0.0010803691478297557,5,0.988038087921038,0.005416929376139231,5,0.9996064274765372,0.00030695994653117054,5,0.998347734110339,0.0011006117428166275,5,31.391100263595582,1.6839008216454736,5,0.30655879974365235,0.01821782236841594,5
CIC-IDS2017,balanced,top10,SVM,ML,0.8833312390629485,0.008668023522958222,5,0.5983085452498987,0.019918110402243883,5,0.9455083677257171,0.0035912362450711307,5,0.7326910623156158,0.01428453515645402,5,0.8290316271000258,0.010126698633289025,5,0.9081018788932405,0.00458641576813118,5,0.691408005968994,0.015365331862800279,5,0.9553139315226147,0.005048013511581313,5,0.8812974849231067,0.022214792568452983,5,8.87204842567444,0.20569616699455162,5,79.52856464385987,2.4190047302991946,5
CIC-IDS2017,balanced,top10,SimpleRNN,DL,0.9891745179761149,0.0054658237381144436,5,0.95654328029739,0.0206556258195131,5,0.9806692614317152,0.012048656564942245,5,0.9684190300306401,0.01572538809891096,5,0.9809433132960793,0.009516468812304012,5,0.9857861233838164,0.007918148640887185,5,0.9620239450238852,0.018935209061973914,5,0.998879805242329,0.0008706101064072688,5,0.9950420085700475,0.00371074059693566,5,312.25067005157473,122.1406009454166,5,0.5171570301055908,0.006490043185485876,5
CIC-IDS2017,balanced,top20,CNN,DL,0.9921728077287837,0.007433018611832962,5,0.9632841586379177,0.03834917799693385,5,0.9928453399951446,0.0017879317825113428,5,0.9775370133305362,0.020665644880371932,5,0.9863985619295219,0.012598096976217334,5,0.9924407367068913,0.004877162438645954,5,0.9731898193642587,0.02442051093944918,5,0.9996713113607644,0.0003913522109955493,5,0.9984661389834641,0.0018288798792718123,5,275.09541301727296,90.44552801249056,5,0.7894163131713867,0.031274208517114765,5
CIC-IDS2017,balanced,top20,DT,ML,0.9986918525827644,0.0006409098664835157,5,0.9952092203105775,0.0021504407750796255,5,0.9970554376512417,0.0016451473186259989,5,0.996131409613836,0.001894372740571542,5,0.9976721241299987,0.0011400366677183336,5,0.9980399240400117,0.0010403260004966089,5,0.995344914473178,0.002279716323887812,5,0.9982422757773877,0.0008290345560105418,5,0.9933310635551875,0.0029417581237064366,5,30.595600652694703,2.1911476819934492,5,0.0356480598449707,0.00057979975480919,5
CIC-IDS2017,balanced,top20,GNB,ML,0.2785295841043555,0.034473474862215324,5,0.18845679069599214,0.007194252010408705,5,0.9875795854118863,0.003023742377510825,5,0.3164564776497595,0.009937297969533316,5,0.275514135465016,0.03674691171075412,5,0.5610068001127847,0.01955672774318331,5,0.1429172442767433,0.026147915901997953,5,0.6079771838938404,0.007455168211023443,5,0.20640126538582235,0.003273346718083033,5,0.4237360000610352,0.0021259898773863615,5,0.04274873733520508,0.000966277990799038,5
CIC-IDS2017,balanced,top20,GRU,DL,0.9940314616728679,0.0007771262435915856,5,0.9745269171488852,0.0041440006974373025,5,0.9905695692011308,0.0018819323845865224,5,0.9824783347915174,0.002255274098454595,5,0.9894407221153934,0.0013623295941972377,5,0.9926522842583928,0.0010124871994606503,5,0.9789323665886519,0.002706845889301335,5,0.9996863784633898,9.125515980804301e-05,5,0.9985975767801009,0.00036779615404266804,5,286.66428513526915,125.4639253739729,5,0.7533214569091797,0.043837013048387996,5
CIC-IDS2017,balanced,top20,KNN,ML,0.9959313837660095,0.002751570475672979,5,0.98110279158318,0.012389934343673144,5,0.99517123099935,0.003603984101905804,5,0.9880708655926016,0.008046223519022684,5,0.9928091569161552,0.004852879353670406,5,0.9956285478068091,0.0030889556070608296,5,0.9856665096734153,0.009665010545518559,5,0.9977308825733445,0.0015355453345479511,5,0.9882072448720163,0.007470548926858053,5,0.056843137741088866,0.0004661905601520035,5,328.92785968780515,2.0273711743355896,5
CIC-IDS2017,balanced,top20,LSTM,DL,0.9909977236383163,0.006108448926860886,5,0.9599204200218757,0.03134734225538353,5,0.9888686145677523,0.0025730954669619006,5,0.9739820232791978,0.01704111858910318,5,0.9842694313707459,0.010380720050966952,5,0.990149511521086,0.004302916226131679,5,0.9688443581371511,0.02021804767070894,5,0.9994151699892188,0.00047793684730867915,5,0.9974196258942027,0.002235133558311662,5,225.9142825603485,113.30202583839754,5,0.8116226196289062,0.02401633119824735,5
CIC-IDS2017,balanced,top20,MLP,DL,0.9939192969600453,0.0013533345079625332,5,0.9744444734137202,0.00982488837011215,5,0.9900668008426461,0.0026159919447091068,5,0.9821623354115546,0.003844287103934864,5,0.989248630382877,0.0023326527153734243,5,0.9923845076279539,0.0004999994259758074,5,0.9785654095015431,0.004575608994552368,5,0.9996052012114458,0.00012124220589288956,5,0.9983600773091968,0.0004035548179522943,5,99.3892306804657,36.22308645096264,5,0.3085740089416504,0.003153134191497267,5
CIC-IDS2017,balanced,top20,RF,ML,0.9980656877826439,0.001264283456877891,5,0.9903599911146832,0.0064625686841879556,5,0.9982943465969161,0.0010861003995445066,5,0.9943049750697843,0.003713251402921553,5,0.9965699858663241,0.002237542759091733,5,0.9981567827761595,0.0011568366349947767,5,0.9931560957516365,0.004460168960931522,5,0.9999314778006596,4.9553224366108054e-05,5,0.9997716041809962,0.00012880406472193988,5,37.72034077644348,2.720482866360002,5,0.2944175720214844,0.0458095933045999,5
CIC-IDS2017,balanced,top20,SVM,ML,0.9398961153709304,0.020317447688606306,5,0.7781100423141779,0.07413034381227511,5,0.9178012890291558,0.018874101164173214,5,0.8398804975934038,0.03975087928172653,5,0.9014153004242393,0.026547997632028197,5,0.9310937953346781,0.005458330800245665,5,0.8093411656823823,0.043391878129267855,5,0.9767351010477754,0.003682317896984676,5,0.9358582963857461,0.007169724612656249,5,7.878423023223877,2.4977981735842856,5,70.84808778762817,8.81620939147727,5
CIC-IDS2017,balanced,top20,SimpleRNN,DL,0.99450763262353,0.0018844192466139127,5,0.9760092066943914,0.010303985587973519,5,0.9919541400076748,0.00235277987125796,5,0.9838944949313765,0.005434175071777064,5,0.9902918881622378,0.0032869657536018,5,0.9934903510723068,0.0016494121005848467,5,0.9806473883904567,0.006507954823275791,5,0.9996980974308046,7.74614383192978e-05,5,0.998650501841493,0.0003441895172769263,5,216.19677033424378,102.9410964486874,5,0.536453104019165,0.005559890794118444,5
CIC-IDS2017,imbalanced,all,CNN,DL,0.9983815478465831,0.000170726841259577,5,0.9964524636676962,0.0015488734301621842,5,0.9939589484153399,0.0006293984042696309,5,0.9952032252183918,0.0005011395509194516,5,0.9971148880051153,0.0003020129787823942,5,0.9966196360314017,0.00018199645795596923,5,0.9942315713871013,0.0006055997416249317,5,0.9999282320293185,7.315438921994883e-06,5,0.9997160212418889,4.186039568892074e-05,5,602.2903324127197,85.83666002660567,5,1.2827656745910645,0.0157403537324446,5
CIC-IDS2017,imbalanced,all,DT,ML,0.9990770219739666,3.4762029556718526e-05,5,0.997218656462716,0.00022306396584993873,5,0.9973170024981792,0.00016357823435627177,5,0.997267804831129,0.0001027478157225565,5,0.9983562623396891,6.183374180057075e-05,5,0.9983758508284561,7.383814420302335e-05,5,0.9967125425300466,0.00012365710944321455,5,0.9983875885646368,7.793848960402683e-05,5,0.995015723870892,0.00020337541516175886,5,41.729956007003786,0.9349528616666446,5,0.062310409545898435,0.0065864999546152245,5
CIC-IDS2017,imbalanced,all,GNB,ML,0.44150332459912356,0.015187876678724519,5,0.23024390523271418,0.005061871845842976,5,0.9837485218453634,0.0009603049715289004,5,0.3731322553646933,0.006693299656353037,5,0.43470014595217893,0.013444852060994113,5,0.6575274603153654,0.009519333823731185,5,0.2634411752086295,0.011592240927756582,5,0.7096031587606635,0.012918275582121191,5,0.26088541490530465,0.008911625505124037,5,0.4723839282989502,0.007552792455623703,5,0.10777673721313477,0.003057675968308752,5
CIC-IDS2017,imbalanced,all,GRU,DL,0.9971617565946371,0.00012084920923300902,5,0.9957011724368698,0.00031846918477877533,5,0.9874589836561126,0.000692893743599336,5,0.9915628192616277,0.00036149674000407163,5,0.9949283684534158,0.00021702293817930018,5,0.9932962854964323,0.00034287255840135953,5,0.9898692229886361,0.0004323842389570057,5,0.9998298702204433,2.8920234294060563e-05,5,0.9993259412625497,6.499055389993769e-05,5,208.0224214553833,62.09562731579952,5,0.9117012977600097,0.08604672833294949,5
CIC-IDS2017,imbalanced,all,KNN,ML,0.9951197768345479,0.00010047971812067469,5,0.9828064564873136,0.00043012005095347623,5,0.9883971713406373,0.0002970008210348264,5,0.9855938453338853,0.00029533883293972975,5,0.991328073483834,0.0001779367584709024,5,0.9924415695420565,0.00016662845929003275,5,0.982661933327674,0.00035554333565925,5,0.9974416903771886,6.927498104407539e-05,5,0.9895934919358229,0.00020535399923720814,5,0.18822884559631348,0.0031154415733541025,5,279.4283352851868,0.7518747271092168,5
CIC-IDS2017,imbalanced,all,LSTM,DL,0.9971339799558484,0.00018598221664598808,5,0.9954156142302295,0.0011081282662069893,5,0.9875811516684548,0.0012995966096445851,5,0.9914819747647702,0.0005547366833895861,5,0.9948795623840274,0.00033321986645968676,5,0.9933282450504773,0.0005900019454414766,5,0.9897709949336638,0.0006645717772570655,5,0.9998384973318639,3.1179296876035224e-05,5,0.9993278070620357,0.00011873841305357679,5,212.08399381637574,49.27764429765621,5,0.8959546566009522,0.02397774120193108,5
CIC-IDS2017,imbalanced,all,MLP,DL,0.9967972212779636,0.0004637091890079853,5,0.9932023789383058,0.0023598730299119186,5,0.9878019938446118,0.0008489739103409172,5,0.9904938076780103,0.0013672362104726157,5,0.9942840006813414,0.0008232153791267431,5,0.9932136280221279,0.0005476839638167427,5,0.9885740658449655,0.001649147450901476,5,0.9997602391857449,4.895804946454779e-05,5,0.9990115678027506,0.0002381777519258378,5,64.2940062046051,10.230750562496116,5,0.3909162044525146,0.007628836498863212,5
CIC-IDS2017,imbalanced,all,RF,ML,0.9992762201549936,1.7306620743097677e-05,5,0.9982538144757805,0.0001073899820250909,5,0.9974595318459117,0.0001000750929227294,5,0.9978565085683941,5.123919514901034e-05,5,0.9987105546624353,3.082537852227373e-05,5,0.9985524728100135,4.538606266562405e-05,5,0.997421228482423,6.16521604445103e-05,5,0.9999624101514508,9.874298169108848e-06,5,0.9998408306520515,2.946836611618331e-05,5,26.535277366638184,0.8521546978106557,5,0.42427902221679686,0.04806279583833294,5
CIC-IDS2017,imbalanced,all,SVM,ML,0.9501840532994017,0.00037269862758375615,5,0.7955821899295964,0.0012904021882374642,5,0.9488585905257141,0.0015928971757855088,5,0.8654855332485412,0.0009808546224822714,5,0.9174586172262279,0.0006037652158716923,5,0.9496560044544067,0.0007681187230663064,5,0.8400885266730385,0.0012061158207279537,5,0.9899629860772456,0.000566698546777435,5,0.9611228651552496,0.0021602226282518983,5,8.961332845687867,1.3337883795441565,5,71.89008502960205,1.899033245722311,5
CIC-IDS2017,imbalanced,all,SimpleRNN,DL,0.9972350340131555,0.00012771597581525925,5,0.9951236667678529,0.0008332124453781444,5,0.9884739179124932,0.0004379360918272425,5,0.9917874050577626,0.00037653289496021727,5,0.995062546787594,0.00022671414285406604,5,0.9937447079703123,0.00019790465496375746,5,0.9901333339297755,0.00045493123277151175,5,0.9998253090750602,2.067322437726843e-05,5,0.9992739787069536,8.423135775870172e-05,5,124.88328227996826,37.201873664684314,5,0.6341465473175049,0.025297433374991143,5
CIC-IDS2017,imbalanced,top10,CNN,DL,0.9927852164792185,0.0015733537704889617,5,0.9792430445347883,0.0038615580013770913,5,0.9780160228046956,0.006907600777059752,5,0.9786216189809667,0.0047097763779252195,5,0.98714097106938,0.0028270609579153076,5,0.986901342698561,0.0036483398844388538,5,0.9742876859593146,0.005650006736927998,5,0.9994553157201752,0.00017914283832171058,5,0.9976688544449195,0.0007071037021056315,5,260.045422410965,66.95580042864894,5,0.6430478572845459,0.014011848593962555,5
CIC-IDS2017,imbalanced,top10,DT,ML,0.9975217947412209,0.0005579858442350249,5,0.9941577597540949,0.002044896470482063,5,0.9911553491577456,0.0026335161554887944,5,0.99265200574993,0.0016564636331486112,5,0.9955807838471721,0.0009959767272565267,5,0.9949854773856425,0.001328837645708184,5,0.9911648584463117,0.0019901346309188317,5,0.9968397710479702,0.0010123093150310562,5,0.9903180195596217,0.00301052213992168,5,8.208304166793823,0.6210090815464089,5,0.0337946891784668,0.0025921321277481814,5
CIC-IDS2017,imbalanced,top10,GNB,ML,0.6467255972308014,0.28512443333462373,5,0.4207656255208372,0.2040501447240467,5,0.7480206432615727,0.2081719906492178,5,0.48132886971131317,0.13761879759263482,5,0.581803980331401,0.2263231116505011,5,0.687080357184899,0.08882883700616326,5,0.36766020523875426,0.17439102419529343,5,0.7886923781778339,0.027918198350219536,5,0.593577332572748,0.03349404485206441,5,0.14983949661254883,0.00596228831187177,5,0.022059202194213867,0.0019578167085786786,5
CIC-IDS2017,imbalanced,top10,GRU,DL,0.9919527109338109,0.001992786156859312,5,0.9819687130769295,0.0076287620215138244,5,0.9702098000673491,0.007843904530472328,5,0.9760332704392167,0.005931932281897514,5,0.9855989001192722,0.0035645740786612104,5,0.98329058990123,0.004111783673454427,5,0.9712383021082787,0.007111919168974874,5,0.9991050117467053,0.00027582231421589826,5,0.996416707641143,0.001035957734853375,5,354.3729364871979,119.16444493685873,5,0.7561291217803955,0.04606466405298744,5
CIC-IDS2017,imbalanced,top10,KNN,ML,0.9974818492892487,0.00046450534164841945,5,0.9936202148207004,0.0013162663491711236,5,0.9914592029320323,0.0029335843368546643,5,0.9925359016146752,0.0013860612260868294,5,0.9955106716920789,0.0008325267371444223,5,0.9950824975187775,0.0014239025886439915,5,0.9910240983230892,0.0016622400260885403,5,0.997857394661985,0.0008696704259936248,5,0.99407815503397,0.0015934712756690182,5,3.2678781032562254,0.28605357909439644,5,16.59623818397522,5.889787120133587,5
CIC-IDS2017,imbalanced,top10,LSTM,DL,0.991469661958306,0.0010109656857534982,5,0.9813555246892551,0.003159560266331202,5,0.9678854753197121,0.0035558655299634816,5,0.9745721459609731,0.003020044617823956,5,0.9847236821667824,0.001813549874876483,5,0.9820739982234381,0.0019857043478818917,5,0.9694823834615054,0.0036258763011636987,5,0.9991049130633035,0.00020947648668506069,5,0.9964134507458938,0.0006490417822542172,5,318.1091626644135,88.96860990017473,5,0.8125149726867675,0.010921337721089221,5
CIC-IDS2017,imbalanced,top10,MLP,DL,0.9870896828304658,0.0029607153285695718,5,0.9751364432231252,0.008165142747241035,5,0.9478185961642376,0.01849194020379446,5,0.9611797317716343,0.00924321732822988,5,0.9767184571141682,0.00550224097985995,5,0.9714445418521915,0.008994860673623591,5,0.953651874979404,0.01085070571104089,5,0.9978450474101628,0.0008787831899240971,5,0.9923912164134059,0.003162077284138769,5,115.3433424949646,4.082363787765301,5,0.2951467514038086,0.003010853204728271,5
CIC-IDS2017,imbalanced,top10,RF,ML,0.997853262630765,0.0005227298211220169,5,0.9953688975636258,0.0018650569255562947,5,0.9919087185671884,0.002973992943139794,5,0.9936327642873891,0.0015551554789352906,5,0.9961708807600415,0.0009346547349853305,5,0.9954850258993329,0.0014516593437120134,5,0.9923461323721117,0.001865866708413642,5,0.9994653581989521,0.0005120668630227541,5,0.9984469715817361,0.0006947546654801639,5,16.979254484176636,0.6516669521411683,5,0.28862438201904295,0.03176036863489899,5
CIC-IDS2017,imbalanced,top10,SVM,ML,0.9183954097120356,0.012199333081109006,5,0.717084002180405,0.03210852435684167,5,0.8542833201506739,0.03466847441683463,5,0.7796197844013018,0.03239973970790666,5,0.8647725050796454,0.019944758577487173,5,0.8928539041223308,0.020817765252730894,5,0.7342892364163323,0.03975851925185056,5,0.958643779881864,0.0064534210646758445,5,0.8743789334267908,0.029713546456372714,5,9.227445316314697,2.0909061136528724,5,70.67741045951843,3.174806821988378,5
CIC-IDS2017,imbalanced,top10,SimpleRNN,DL,0.9915754777251198,0.0015078660911436628,5,0.9793494311321023,0.004213371270943618,5,0.9706076292357452,0.00881098046754136,5,0.9749363622960013,0.0045763755500841,5,0.9849365674296313,0.002739311768719879,5,0.9832221324659096,0.0043314938592005706,5,0.969903625820389,0.005438300123317577,5,0.9989976044670156,0.00016369091218229216,5,0.9961131824684537,0.0006445497834688626,5,275.9718814849854,4.343288775268545,5,0.5213198184967041,0.005335470023023363,5
CIC-IDS2017,imbalanced,top20,CNN,DL,0.997177364420242,0.0007043290564958536,5,0.9944353614031675,0.0018969890946964917,5,0.9888216268706976,0.0027603833469888347,5,0.9916195475660905,0.002094593272726367,5,0.9949612118523848,0.001258964979346242,5,0.9938485364443027,0.0015022236641093016,5,0.9899288986097812,0.0025156650906748654,5,0.9998781756334294,4.524213775796811e-05,5,0.9994782764585354,0.00018070611769298843,5,364.5024370193481,168.68042147138075,5,0.7808939456939697,0.008251916708484859,5
CIC-IDS2017,imbalanced,top20,DT,ML,0.9987217455368894,0.0004724423291236204,5,0.9963537835098825,0.0010698124097461297,5,0.9960765272959364,0.0017637954516758231,5,0.9962150014424,0.0014002793868736901,5,0.9977230133270385,0.0008422182709862385,5,0.9976679215709332,0.0009854450240071426,5,0.9954461381469013,0.0016843079604853912,5,0.9979277106600473,0.0007692142826276612,5,0.9936530143132642,0.002030979926073975,5,16.40020794868469,1.7258195933975722,5,0.03421807289123535,0.0008913071551411539,5
CIC-IDS2017,imbalanced,top20,GNB,ML,0.2834063682573863,0.037192927605113515,5,0.18935086933904383,0.007633453883259692,5,0.9860007987908499,0.005758692184262241,5,0.3176196257920128,0.010367586939108692,5,0.28067384056952555,0.03909358037079334,5,0.5633117604781543,0.02014955136531045,5,0.14558258051826312,0.025491327227796158,5,0.6107556682904993,0.008070185124807379,5,0.20762944658355073,0.0036242757465061648,5,0.20428729057312012,0.0016473799874886297,5,0.05274186134338379,0.003101424181888736,5
CIC-IDS2017,imbalanced,top20,GRU,DL,0.9958030821487478,0.0001885898887957393,5,0.9922692014997965,0.0011150614388975462,5,0.9828103341608388,0.001485499608942124,5,0.9875159748110892,0.0005668426211935068,5,0.9924967551918721,0.0003399589142503046,5,0.9906269235236076,0.0006721971972222861,5,0.985010726494227,0.0006766875682590942,5,0.9996609449459752,7.422342145841864e-05,5,0.9986406819475503,0.00019542247197465963,5,344.49589385986326,94.76027138757735,5,0.7877255916595459,0.0328752233246198,5
CIC-IDS2017,imbalanced,top20,KNN,ML,0.9961530677974844,0.0026281459535167757,5,0.9871551885996205,0.008135534755088361,5,0.9901122222831322,0.007446490914197956,5,0.9886310546296055,0.007765681017023731,5,0.99315794793868,0.004673702471798734,5,0.9937464656959619,0.004543704679508335,5,0.986317820169452,0.0093464502660784,5,0.9977760413433376,0.0015151723267488207,5,0.9916723529937291,0.005037862818953016,5,0.056077766418457034,0.0008379219758390085,5,198.8183189868927,0.3074438539583172,5
CIC-IDS2017,imbalanced,top20,LSTM,DL,0.9956279570546711,0.0006680606336947946,5,0.991241621610387,0.001980778881721495,5,0.9827993703648594,0.002618376272509894,5,0.9870012772168361,0.001993336639542313,5,0.9921866517079927,0.0011972987537053365,5,0.9905171983680082,0.0014154915545227245,5,0.984387213581029,0.002391810031365022,5,0.9996108389989986,0.00016849861523866484,5,0.9984688526031806,0.0005778632934913096,5,305.3916876792908,118.33959012947773,5,0.8285985469818116,0.012816121109218202,5
CIC-IDS2017,imbalanced,top20,MLP,DL,0.9953475452726146,0.001092947490822142,5,0.9889875486887603,0.007694793595380088,5,0.9834634631498986,0.002061298673477852,5,0.9862001471365005,0.0031644195805890364,5,0.991701136140866,0.0019124374250752254,5,0.9906130661432867,0.0006967690563045875,5,0.9834206392487703,0.003824074011072516,5,0.999528061457687,0.00010750219067375082,5,0.9982633729393695,0.00035779092560858373,5,106.88783349990845,14.894377035048567,5,0.3120090961456299,0.007043908937158475,5
CIC-IDS2017,imbalanced,top20,RF,ML,0.9986852390973386,0.0007308592636701854,5,0.9974715456150157,0.0009321967694499012,5,0.9947358116733103,0.003562839525626011,5,0.9961001243706287,0.0021718097787479375,5,0.9976547334991009,0.0013055825511944328,5,0.9971118334679618,0.001856155530225721,5,0.9953120391767097,0.002608712695434825,5,0.9999311103708146,4.694606457796481e-05,5,0.9997953878848422,0.00011439333509091869,5,20.40985221862793,0.9011342572338431,5,0.2873568534851074,0.03701549404912669,5
CIC-IDS2017,imbalanced,top20,SVM,ML,0.9513895594228279,0.00925083202203554,5,0.8508196420221106,0.026333059068174132,5,0.8635633903189681,0.02866407051032063,5,0.8571374871261268,0.02736413788072329,5,0.9139247224714573,0.01646493019123156,5,0.9164006422866672,0.016965098017853265,5,0.8278895396884393,0.03294404207285722,5,0.979900438342146,0.004043456995613374,5,0.9405069588610779,0.008955514570449017,5,6.569239568710327,0.7231904598839106,5,69.93949823379516,10.283981417718701,5
CIC-IDS2017,imbalanced,top20,SimpleRNN,DL,0.996171585556677,0.0002777547353103489,5,0.9919331332077471,0.0027224093717985193,5,0.9853555010846327,0.001604409883103055,5,0.9886298760420786,0.0008070515054999764,5,0.9931640822272374,0.0004873692969705604,5,0.9918625841828093,0.0005870248250740652,5,0.9863386144520156,0.0009793442057879531,5,0.9997027486597834,4.402706371251875e-05,5,0.9987932221470033,9.803751466743619e-05,5,200.45499539375305,54.36780929012035,5,0.5352604866027832,0.004795680092239682,5
HIKARI-2021,balanced,all,CNN,DL,0.9944454622561493,0.00031861101198069275,5,0.8382791369615326,0.0075223606314852535,5,0.9981468282252315,0.0009262812397062211,5,0.9112414525681073,0.00468244868547427,5,0.9541872369443475,0.0024236556694692602,5,0.9962417362002624,0.0005661220935369729,5,0.9120924749844942,0.004506760648727978,5,0.9992524367828752,0.00012768984832895076,5,0.9783095576616045,0.0011960542711593005,5,75.89764485359191,19.946531725360334,5,0.3443950653076172,0.005839009959439305,5
HIKARI-2021,balanced,all,DT,ML,0.9948919423240034,9.006978663164325e-05,5,0.8523440998804077,0.001622412039185097,5,0.9932050368258494,0.0017181928944418681,5,0.9173983517618923,0.0014416094740743136,5,0.9573814165341646,0.0007440109900567973,5,0.994073286612078,0.0008707248856751166,5,0.9176284612811164,0.0014830018200154968,5,0.9958415806665334,0.0008449853366233693,5,0.9478569440780674,0.003059779469558728,5,17.584337043762208,0.5844480274413717,5,0.005054664611816406,0.0002778881507239934,5
HIKARI-2021,balanced,all,GNB,ML,0.8498361323155216,0.0013481179755642629,5,0.15962492020795388,0.0011982019310798743,5,0.9983368971252078,0.0007322896178390272,5,0.2752397974391363,0.0017829248505982578,5,0.5957402181781012,0.001298067458152387,5,0.9219035951756267,0.0007615602381596411,5,0.3669372253926865,0.0016900914364975836,5,0.9227375602116435,0.0007968244535675264,5,0.16043957465518704,0.0012762985164388122,5,0.13645434379577637,0.0024035785962927404,5,0.014799165725708007,0.00033158386499932785,5
HIKARI-2021,balanced,all,GRU,DL,0.9942174724342664,0.0003144582480280487,5,0.8330405732313387,0.007456202175104562,5,0.9975291043003087,0.0010571915163357887,5,0.9078812090154142,0.004593016484250354,5,0.9524481285388522,0.0023778694535455456,5,0.9958246083087395,0.0005968134664383458,5,0.9088454731408095,0.004405526202658252,5,0.9991774597290721,0.00014359942600171815,5,0.9753107360067501,0.002890661513736387,5,74.70212874412536,23.769258742547674,5,0.4140146732330322,0.008881680951660541,5
HIKARI-2021,balanced,all,KNN,ML,0.9931833757421543,0.00013710897111932012,5,0.8202716551218516,0.0033002443888153128,5,0.9749584224281301,0.0013185494821108756,5,0.8909473341204366,0.001972765309041352,5,0.9437145310189103,0.001021799160201122,5,0.9843388007814206,0.0006516675195209064,5,0.8909875604748333,0.0019026907092466936,5,0.9918500818242126,0.0009958834770404845,5,0.8442295782012119,0.003479511175931781,5,0.015287017822265625,0.00044051691216645766,5,22.431111097335815,0.18843766909716012,5
HIKARI-2021,balanced,all,LSTM,DL,0.9942283290924513,8.854896837464125e-05,5,0.8332060114733764,0.0021869047922082577,5,0.997624138750297,0.0011016415413988494,5,0.9080306110956602,0.0012923490757609942,5,0.9525256448170325,0.0006690335860153691,5,0.9958763164729231,0.0005406779592142833,5,0.9089901886992455,0.0012458534097062519,5,0.9992396933671644,0.0001240520811895367,5,0.9759929573898314,0.0022202958048101558,5,61.945928478240965,14.382446909906143,5,0.37201318740844724,0.00849038270860565,5
HIKARI-2021,balanced,all,MLP,DL,0.9941333333333333,0.00010638174777139434,5,0.8309544567025686,0.0028669069037549153,5,0.9975291043003089,0.0008664567606942725,5,0.9066513248477104,0.0014949961759470045,5,0.9518114126768786,0.0007750366559372245,5,0.995781301937115,0.00039294038245526347,5,0.9076719459798485,0.0013863653116128103,5,0.9991136404243942,0.0001206488933966361,5,0.9741729963728085,0.002313800540006673,5,18.147566652297975,5.269850799618566,5,0.12755537033081055,0.0012780224171182952,5
HIKARI-2021,balanced,all,RF,ML,0.9949340118744698,0.00014478547893073877,5,0.8507958042470054,0.003381331153133119,5,0.997576621525303,0.0011566321163827937,5,0.9183556921812981,0.0021914886622231384,5,0.9578707980914702,0.001133150158749936,5,0.9962164710800453,0.0006029865599640794,5,0.9188495727972465,0.002147703066945905,5,0.9993097579246546,0.00012714084056614165,5,0.9681485944044856,0.0007433299743659075,5,13.33791208267212,0.24450988908740393,5,0.05372695922851563,0.009965384408859414,5
HIKARI-2021,balanced,all,SVM,ML,0.9888257845631891,0.0006831632228617035,5,0.719961739769474,0.012622624436399176,5,0.9968163459253979,0.0010163577874178296,5,0.8360127912711679,0.00833800516603819,5,0.9151142980964574,0.004346841737009258,5,0.9927036062359622,0.00045909030745761145,5,0.8422112841935018,0.007483476574545265,5,0.9976850183900983,0.00015782636790824357,5,0.8693316313216073,0.01380576841258044,5,4.527862787246704,2.225580224146783,5,3.5693954944610597,0.07623498317781055,5
HIKARI-2021,balanced,all,SimpleRNN,DL,0.994260899067006,0.00031195924141015906,5,0.8339823549449715,0.007949052769794568,5,0.9977666904252791,0.0011831693607022135,5,0.9085326876482982,0.004424838009582786,5,0.9527850969744189,0.002293212533980879,5,0.9959622605975774,0.0004880338410155349,5,0.9094863310332553,0.004141741793767365,5,0.9992091317388627,0.0001774330182085349,5,0.9770056860214501,0.000977637784034677,5,33.67556362152099,8.67324010901031,5,0.23325071334838868,0.0020871241710229845,5
HIKARI-2021,balanced,top10,CNN,DL,0.9942432569974555,0.00028151689661100315,5,0.833725101191515,0.007181779913559427,5,0.9974340698503207,0.0011443663177754682,5,0.9082457106163282,0.003998062564151626,5,0.9526370583997394,0.0020719363297708494,5,0.9957917593709087,0.00048670832415691103,5,0.9091860299640114,0.003746652034893409,5,0.999281760578936,0.00010700420945964919,5,0.9783691806307132,0.0018107163113823686,5,32.658226299285886,8.215929553376617,5,0.20454988479614258,0.0011557454863107101,5
HIKARI-2021,balanced,top10,DT,ML,0.9948824427480917,0.00013489152043202315,5,0.8505637055326863,0.0031034077001995974,5,0.9957709669755287,0.0005915846803511006,5,0.9174555871723321,0.0020414505102625295,5,0.9574074759031357,0.001055594695939165,5,0.9953136438051582,0.000353746947283097,5,0.9178596424678602,0.0019992900107522714,5,0.9971527556709635,0.0002873140189540486,5,0.9521288421540623,0.0021836213749329733,5,3.3626862525939942,0.21081874741775444,5,0.0036778926849365236,0.000567668363423552,5
HIKARI-2021,balanced,top10,GNB,ML,0.8936875318066158,0.012125116599408094,5,0.21255881066524976,0.018499208122453804,5,0.9956284153005465,0.0012184254126831307,5,0.3500092549340842,0.025186279083947494,5,0.6460467443253155,0.01609258343042959,5,0.9431594711904993,0.005746901269421275,5,0.433656086120669,0.02177576636560218,5,0.9869430260652686,0.000849752735279473,5,0.5754764830310464,0.014498014102229919,5,0.07030415534973145,0.0003872495009814441,5,0.0034307003021240234,0.00012915781625309896,5
HIKARI-2021,balanced,top10,GRU,DL,0.9941401187446989,0.00010562163572390274,5,0.8306964403275028,0.0024535377283410524,5,0.9982893799002138,0.0009562657066998808,5,0.9068128421192068,0.0015446655462760348,5,0.9518938945889873,0.0007996311442077915,5,0.9961537563485535,0.00048196989579304153,5,0.9078847395636089,0.0014924932067830903,5,0.999271588913626,0.00017637660076071391,5,0.9782689881096338,0.000868765585769693,5,76.56265044212341,11.538184888516199,5,0.3901453971862793,0.00655001841997308,5
HIKARI-2021,balanced,top10,KNN,ML,0.9944631043256997,0.000171725879353211,5,0.8517935174655923,0.003940168189485891,5,0.9759562841530055,0.0017491244779573568,5,0.9096543220171185,0.002640402171908113,5,0.9533991795028269,0.0013645258541533538,5,0.9854817392993069,0.0009037412514603932,5,0.9090480267429065,0.0026266458309112395,5,0.9925522752287577,0.0007431822671344912,5,0.8678809285145108,0.004340546248924765,5,0.8307746410369873,0.027560096033853943,5,13.554094457626343,8.006038769677266,5
HIKARI-2021,balanced,top10,LSTM,DL,0.9940736217133164,0.0001027491432412095,5,0.8289851444749216,0.0022941035835479066,5,0.9984794488001901,0.0007624997166016137,5,0.9058709408800383,0.0015137260546517234,5,0.9514057191145839,0.0007834293316306511,5,0.9962117708357013,0.00039962533285918024,5,0.9070053578379713,0.001470649581466696,5,0.9992938567837955,7.626614861790653e-05,5,0.9775356552896977,0.0009195698635881676,5,65.75495858192444,6.525193901208798,5,0.3677353382110596,0.005992526845991256,5
HIKARI-2021,balanced,top10,MLP,DL,0.9938456318914334,0.0005104415618621089,5,0.8238896023148655,0.011960302143746646,5,0.9980517937752434,0.00109392867029902,5,0.9026091805697332,0.007279857867641585,5,0.9497157955722326,0.003772110129704552,5,0.995886883434707,0.0006319689865078683,5,0.9038933887853442,0.006899553273557271,5,0.9991841815945932,6.104174519756198e-05,5,0.9762230480100929,0.0030976117318759037,5,20.470999336242677,3.770748792090269,5,0.11033029556274414,0.0010526474222807118,5
HIKARI-2021,balanced,top10,RF,ML,0.9948987277353689,0.00015821798470256013,5,0.8497039694625983,0.0036981168127400944,5,0.9979092421002613,0.0010678168236751772,5,0.9178595867993644,0.002387846084336354,5,0.9576136046948813,0.0012348109264923878,5,0.9963597312019823,0.0005678467283216394,5,0.9183974188510371,0.002334563587330927,5,0.9992769795162113,0.00012163868999007228,5,0.9681360347662779,0.0008573611028897736,5,5.846007585525513,0.27564665267979677,5,0.043932628631591794,0.004398327916565147,5
HIKARI-2021,balanced,top10,SVM,ML,0.9680420695504666,0.01993423678059236,5,0.502247798620904,0.11556137197638061,5,0.9963411736754573,0.0016850200262768134,5,0.6608570098144917,0.11450648216147138,5,0.8220228010252123,0.06262855512337749,5,0.9817756327285128,0.01089016340087266,5,0.6918801660532048,0.09450635333584644,5,0.9909660719559001,0.0006697536572230248,5,0.573474293402801,0.023364738430036534,5,3.2634297370910645,1.016011045813662,5,3.776202392578125,0.736296185739191,5
HIKARI-2021,balanced,top10,SimpleRNN,DL,0.9941441899915183,0.0003844700543051935,5,0.8309909046365963,0.008857707443991435,5,0.9980517937752434,0.0010274054792321129,5,0.9068739834264141,0.005595270086899868,5,0.9519255168650854,0.002897140831433841,5,0.9960405512049876,0.0006585843198680133,5,0.907930596861023,0.0053721327421155304,5,0.9993301518704824,5.544324441021848e-05,5,0.9788951709834282,0.0014317059746030022,5,36.35551609992981,7.153434891477697,5,0.21780314445495605,0.0011157224371140559,5
HIKARI-2021,balanced,top20,CNN,DL,0.9944468193384225,0.00030903805767192955,5,0.8386147099464297,0.0075783276240795625,5,0.997624138750297,0.0015579564087198758,5,0.9112191253136901,0.004496865421671258,5,0.9541764462960339,0.0023283790396105984,5,0.9959887733411741,0.0007802766896270064,5,0.9120328693224504,0.004293175284853155,5,0.9993394220872427,8.938369906328388e-05,5,0.9798098586428411,0.0005855758217818124,5,57.98365664482117,29.635662865568307,5,0.2343212127685547,0.006098646270942672,5
HIKARI-2021,balanced,top20,DT,ML,0.994849872773537,0.0001391423013021506,5,0.851326283685982,0.0024801041986591893,5,0.9931100023758612,0.0020712278182659126,5,0.9167680492481104,0.0022090664305266213,5,0.9570553868571012,0.0011404333845419817,5,0.9940055131810016,0.0010706829656236415,5,0.9170158951015445,0.002254144460002674,5,0.9957696903106366,0.0010678107564466752,5,0.9462533334702525,0.005125947163227224,5,8.418364667892456,0.8042961926707572,5,0.0033971786499023436,0.00038337119623440234,5
HIKARI-2021,balanced,top20,GNB,ML,0.8792386768447837,0.014949881579441765,5,0.19242595642273957,0.01952243093032672,5,0.9965787598004276,0.0014988653167581226,5,0.3222002376046658,0.027223257377121255,5,0.6279372114376118,0.017971369034968484,5,0.936183852051423,0.007021089785583772,5,0.4092998399108991,0.023941315830816264,5,0.9645036095065344,0.005651971076061346,5,0.30381967467885485,0.03714934392713724,5,0.08823251724243164,0.0011686986070740175,5,0.005733203887939453,0.00013066440991682605,5
HIKARI-2021,balanced,top20,GRU,DL,0.9943328244274809,0.00019074128081624512,5,0.8356112428514727,0.004356482031442695,5,0.9979092421002613,0.0011807815290842934,5,0.9095728765822482,0.002814753468211456,5,0.9533238118533308,0.0014567012484275662,5,0.996068460928314,0.000628830767003933,5,0.9104810628987803,0.002728342487283702,5,0.9993582325238541,7.504214501684854e-05,5,0.9796602774811071,0.0012856344251745708,5,77.5313814163208,19.94453383801129,5,0.3904306411743164,0.009806810669512278,5
HIKARI-2021,balanced,top20,KNN,ML,0.9934534351145038,0.00012779291484573524,5,0.8275609603454768,0.00308341193977089,5,0.9736754573532906,0.00173291352138851,5,0.8946886431205335,0.0018846957768329845,5,0.9456551782384238,0.0009752835108008062,5,0.9838551769534709,0.0008578469696910566,5,0.8944740100523912,0.0018478736582074474,5,0.991359559724297,0.001411843105922538,5,0.8482105813563063,0.004711865775738892,5,0.011534309387207032,0.00036040454431509006,5,14.801571035385132,0.2587216859438821,5
HIKARI-2021,balanced,top20,LSTM,DL,0.9943382527565733,0.00027999998150109157,5,0.8357915698319026,0.006522176464895248,5,0.9978617248752674,0.0013228235597125186,5,0.9096547293938476,0.004141874716965221,5,0.9533661414350936,0.0021433504102561177,5,0.9960481947651416,0.0007312790172607814,5,0.9105574873494074,0.0040068669245304205,5,0.9993443598081836,8.406795303043793e-05,5,0.9794792934045329,0.001381768559349397,5,76.36346611976623,18.154016400513825,5,0.36415867805480956,0.0038479036312721276,5
HIKARI-2021,balanced,top20,MLP,DL,0.9941577608142493,0.000504567313663798,5,0.8318943640483202,0.011641344395617136,5,0.9971014492753623,0.001866223510254779,5,0.9070062156368444,0.007392901883663068,5,0.9519951790343871,0.0038269972539491893,5,0.9955863336509945,0.0010885207806697803,5,0.907986825542775,0.007125180803823577,5,0.9991901045695917,0.0001486970506783223,5,0.9770278694355534,0.0024144862283939465,5,20.135847330093384,4.76984043819698,5,0.11390371322631836,0.003398518835481597,5
HIKARI-2021,balanced,top20,RF,ML,0.9949014418999151,0.000153206114148514,5,0.8499137629297604,0.0035851445516401695,5,0.9976716559752911,0.001283844721891796,5,0.917881427215893,0.0023169620773533317,5,0.9576252364133486,0.0011980602788138328,5,0.9962458275685517,0.0006648358064243416,5,0.9184016063935736,0.0022703151789403133,5,0.999284984850636,0.00012228526572322681,5,0.968849977906815,0.0009718666653444811,5,9.682846021652221,0.20858796509397207,5,0.04349861145019531,0.008273869914452484,5
HIKARI-2021,balanced,top20,SVM,ML,0.9822819338422392,0.0012161266980302168,5,0.6179720341094744,0.016716977868927563,5,0.996768828700404,0.0008332467529935551,5,0.7628291049728881,0.012421467151205023,5,0.8768131196197091,0.0065293935841272506,5,0.9893124279847241,0.00028397008284781046,5,0.7775499348476291,0.010658282261747927,5,0.9948766254646596,0.00032305842240694887,5,0.7095370784305127,0.021441357369827753,5,2.797434663772583,0.9166088866227093,5,2.9604169368743896,0.2727002175925759,5
HIKARI-2021,balanced,top20,SimpleRNN,DL,0.9942106870229008,0.0005530921955032128,5,0.8329209963731001,0.012753632170778718,5,0.997624138750297,0.0012114562873824658,5,0.9078251426580701,0.008006351278094626,5,0.9524183147922951,0.0041463481072386,5,0.9958672361046792,0.0008254615358424174,5,0.9088093767337169,0.007666398268611682,5,0.9992571695537134,0.00017892449564869647,5,0.9783567650147059,0.002257121936701756,5,36.133850240707396,13.153491136511544,5,0.220601224899292,0.0017984136619608995,5
HIKARI-2021,imbalanced,all,CNN,DL,0.9945947413061917,0.0001637380360483657,5,0.8426521176028633,0.003912144414586812,5,0.996911380375386,0.001705001199145567,5,0.9133096795532267,0.0024470552795373746,5,0.955260041067071,0.0012658122293778599,5,0.9957190068969677,0.0008565245056582627,5,0.9139711059020137,0.002386633675572166,5,0.9993184552768357,7.696564595517319e-05,5,0.9789833696974295,0.0004277327682393661,5,84.40159549713135,16.561452886535477,5,0.34487237930297854,0.0018846817863336968,5
HIKARI-2021,imbalanced,all,DT,ML,0.9944644614079727,5.725536382619913e-05,5,0.9044979734818105,0.002130225493197412,5,0.9013542409123307,0.0021076982766658828,5,0.9029202493108706,0.000982495616163648,5,0.950035627062136,0.0005056938558029138,5,0.9492780452567466,0.001031443650436304,5,0.9000743661426276,0.001011708186532916,5,0.950719729665537,0.001235238486640967,5,0.8206203092925708,0.0014363217868094361,5,3.2856350898742677,0.36105618862011957,5,0.0048691749572753905,0.00024140840087493118,5
HIKARI-2021,imbalanced,all,GNB,ML,0.8540593723494487,0.0008110908488165098,5,0.1634750512060693,0.000685812617165933,5,0.9982418626752197,0.0007624997166016323,5,0.28094153543230244,0.0009877471060048427,5,0.5998648424314268,0.00073833778433877,5,0.9240311753899686,0.0002010148422674937,5,0.37227015340185926,0.0008066691586765517,5,0.9248201415150092,0.00033909120030761194,5,0.16451234986612678,0.000918978284647965,5,0.06789312362670899,0.005277221595293143,5,0.01474466323852539,0.00033341666631669497,5
HIKARI-2021,imbalanced,all,GRU,DL,0.9943043256997456,0.000126452835911227,5,0.8367803592956266,0.003050902681371476,5,0.9945830363506772,0.00120444683826435,5,0.9088803352925459,0.001861871610507937,5,0.9529703102522206,0.0009636056383663016,5,0.9944395840569026,0.0006010659451050844,5,0.90956803413668,0.001801183472626775,5,0.9991576497665742,9.76698763191581e-05,5,0.975099479159973,0.001105701452355948,5,47.02372231483459,4.609035784457821,5,0.4166375160217285,0.007647362332067736,5
HIKARI-2021,imbalanced,all,KNN,ML,0.9934439355385921,0.000235317831368323,5,0.8709673720178213,0.004401868263823906,5,0.9044428605369447,0.004109621916928437,5,0.8873875720872082,0.004006768164761303,5,0.9420056293020158,0.002063927990479848,5,0.9502516888494202,0.002105468664067826,5,0.8841802840665794,0.004123696274947129,5,0.9879564596832265,0.0007370202437765076,5,0.9129242305551273,0.0036968262854434517,5,0.01517333984375,0.0011748895720536123,5,11.663520812988281,0.11630216584664513,5
HIKARI-2021,imbalanced,all,LSTM,DL,0.9942703986429177,0.0001671471469402768,5,0.8361653909705472,0.003970359743006686,5,0.9942028985507246,0.0015268490390173426,5,0.9083572337423614,0.002471334229805107,5,0.9526999937410805,0.0012788573277059349,5,0.994237640829223,0.0007700233550142781,5,0.9090411215570267,0.0023996543738734094,5,0.9991620016787189,0.00015369282236383245,5,0.974815269281559,0.0011907018158261984,5,38.61516075134277,8.878637709305787,5,0.37683520317077634,0.004161488283160268,5
HIKARI-2021,imbalanced,all,MLP,DL,0.9943355385920271,0.00015719617689858271,5,0.8369908768216197,0.003922461947903195,5,0.9955808980755524,0.0016766242589096806,5,0.9094187363664534,0.002297629611222377,5,0.9532475452774942,0.0011894188762848438,5,0.9949399118990702,0.0008226623835956456,5,0.9101575658872504,0.0022094980166105383,5,0.9991017335701965,0.0001522847116348046,5,0.9755987498014393,0.0015009515418160848,5,16.43831162452698,2.5913103966042725,5,0.130576229095459,0.002973487706700332,5
HIKARI-2021,imbalanced,all,RF,ML,0.9947643765903308,8.221275646944828e-05,5,0.8774606538539809,0.006940855384084638,5,0.9493941553813258,0.011119690590483768,5,0.9119426400367304,0.0019062707407527775,5,0.9546223066945092,0.0009720059858800465,5,0.9727461954979635,0.005417073190732455,5,0.9100351601486452,0.002236816325516763,5,0.9993566611290973,0.00013747790094695002,5,0.9818215184541366,0.0007180078330409166,5,2.419134521484375,0.08710057177474471,5,0.05486388206481933,0.008335669568054146,5
HIKARI-2021,imbalanced,all,SVM,ML,0.9915955894826125,9.446111514322493e-05,5,0.7801420257542879,0.0013066828473417976,5,0.9826562128771681,0.001980676170175001,5,0.8697661628938244,0.001483201271715775,5,0.9327119228426015,0.0007659398765787182,5,0.9872573075058766,0.0010054233063571509,5,0.8716414537472724,0.0015601733716888715,5,0.9971776953602884,0.00028465687092855935,5,0.8453740328450966,0.021019205143263688,5,3.815280628204346,0.22792832732608584,5,3.910626173019409,0.1421908272250535,5
HIKARI-2021,imbalanced,all,SimpleRNN,DL,0.9943993214588633,0.00023212653273624136,5,0.8387187000255825,0.0058634570777852,5,0.9953433119505821,0.0002708898610356763,5,0.910334019191653,0.0033741543165121003,5,0.953721701288833,0.0017471555251523459,5,0.9948574403095604,0.00010381964526076739,5,0.9110149194818755,0.0032098429794977894,5,0.9990765403069792,0.00016773015977647557,5,0.9771684440773261,0.001208570158480171,5,25.77205910682678,6.558662566888556,5,0.23486881256103515,0.0013205384543591354,5
HIKARI-2021,imbalanced,top10,CNN,DL,0.9944698897370653,0.00015970961555132642,5,0.8403910418904765,0.0035715627405197704,5,0.9954383464005702,0.0017083086730575456,5,0.9113642884959638,0.0024051971120508777,5,0.9542550987843805,0.0012438411850487418,5,0.9949398820278,0.0008734572445178745,5,0.9120032905353833,0.0023690604773432536,5,0.9993275436107517,4.22074914742365e-05,5,0.9792713726605266,0.0004167067292375951,5,31.781413316726685,5.328924146760418,5,0.20570917129516603,0.0031276860056000805,5
HIKARI-2021,imbalanced,top10,DT,ML,0.9944576759966074,0.0001875770487426773,5,0.8962378979269552,0.011466780951641687,5,0.911903064861012,0.02206956429068803,5,0.9037587197405607,0.004864339775909393,5,0.9504526880295433,0.002479194333823141,5,0.9543939000317522,0.01079990645537177,5,0.9010713549881695,0.005290561527902453,5,0.9557667988712655,0.011496013825791457,5,0.8344569613254436,0.03713103296336853,5,0.7743341445922851,0.02745326165012644,5,0.0034829139709472655,0.00015897832377132653,5
HIKARI-2021,imbalanced,top10,GNB,ML,0.9202782018659882,0.002524980034611349,5,0.2632252192629094,0.005958452011768783,5,0.9948681397006414,0.0016166334840773747,5,0.41627476617234427,0.007490194164565454,5,0.6867457185141645,0.004451905551635976,5,0.9564767196414723,0.0014450813179132224,5,0.4900438026720404,0.006263545200353106,5,0.9889274462264284,0.001066445948005131,5,0.6448120245189373,0.026122537772351108,5,0.027397727966308592,0.0005350571511158226,5,0.0034781932830810548,6.271623268986026e-05,5
HIKARI-2021,imbalanced,top10,GRU,DL,0.9943925360474978,0.00015662399235973716,5,0.8393903902927933,0.002802091083755864,5,0.9938227607507721,0.002333913364740836,5,0.9101008426151228,0.002455592140922691,5,0.9536034270985196,0.0012682110778053654,5,0.9941160239360081,0.0012035161863031617,5,0.9106762529155997,0.0025003751286032144,5,0.9992696663654945,7.833115634577416e-05,5,0.9770669668129347,0.0016036890547952846,5,84.2693259716034,8.18162512340813,5,0.390518856048584,0.0065084072416833685,5
HIKARI-2021,imbalanced,top10,KNN,ML,0.994285326547922,0.00012634355791080288,5,0.8967129273168378,0.004226893858747761,5,0.9040627227369921,0.003505502561353867,5,0.900363336584849,0.002100945196188965,5,0.9487108191002619,0.0010826147628696984,5,0.9505002715846087,0.0017183670219073253,5,0.8974346583363613,0.0021636859298376754,5,0.9882163964881648,0.0012855182274769425,5,0.9289389338045305,0.003497086983317534,5,0.3600350856781006,0.011269573236193065,5,11.258977127075195,5.361442016977569,5
HIKARI-2021,imbalanced,top10,LSTM,DL,0.9944142493638678,0.00017520294801602902,5,0.8396311228432112,0.0032237022614656193,5,0.9943454502257069,0.0022936599450980376,5,0.9104613959968286,0.002730803748515364,5,0.9537893004108527,0.001410632535105868,5,0.9943808611227999,0.0011949046754774738,5,0.9110592509588884,0.0027644678509539866,5,0.9993004563430608,5.0253586342001585e-05,5,0.9776517276146599,0.0013299594134347653,5,66.96845617294312,5.228586167445063,5,0.36886110305786135,0.0056414753352085545,5
HIKARI-2021,imbalanced,top10,MLP,DL,0.9942934690415607,0.0002723478505904697,5,0.8372830168707608,0.005741001851634839,5,0.9932525540508435,0.002584124577083192,5,0.9086173094109334,0.004125134018194472,5,0.9528360418216983,0.0021329188627042975,5,0.9937883127042839,0.0013595818224049914,5,0.9092189872510357,0.0040844663479123215,5,0.9992044713228788,8.333100483089841e-05,5,0.9764185169588012,0.0021035598321289396,5,19.773558187484742,1.2630836771656422,5,0.1117462158203125,0.0006400565032483966,5
HIKARI-2021,imbalanced,top10,RF,ML,0.9948743002544529,0.00012888709830657496,5,0.8793235013524597,0.0062923380936132,5,0.951152292706106,0.008743363081102826,5,0.9137841230695833,0.0022886682434351906,5,0.9555713758391257,0.0011759225402708984,5,0.9736559977144097,0.004261495942036117,5,0.9119167109968936,0.00246580692532524,5,0.999289137123126,0.0001392518594159494,5,0.9817662778732638,0.000610540843364289,5,1.4421780109405518,0.06028641190528639,5,0.043507957458496095,0.0083885669713673,5
HIKARI-2021,imbalanced,top10,SVM,ML,0.9733360474978795,0.003656897976927689,5,0.5389214003929254,0.10265600751912572,5,0.36459966737942506,0.11746749134922828,5,0.4325765066336487,0.11584668056841917,5,0.7094611760799522,0.05883496865423092,5,0.6779161112975245,0.058810843205088524,5,0.42916658656221485,0.11339138659485484,5,0.9899048044774856,0.0008055353223479332,5,0.5458943262619064,0.024888140108578424,5,1.726727294921875,0.1496409524725403,5,5.365488338470459,3.0436386226152785,5
HIKARI-2021,imbalanced,top10,SimpleRNN,DL,0.9945187446988975,0.00017579323401895096,5,0.8415239854582396,0.003766239377646899,5,0.9955808980755524,0.0016766242589097246,5,0.9120903440974715,0.0026710574797218665,5,0.9546307631644568,0.0013809380112915367,5,0.9950342080308332,0.0008796871308015262,5,0.912707380352856,0.0026443240714214026,5,0.9992952448021442,6.0190854816676067e-05,5,0.9785908807902638,0.0016245980619768847,5,33.03100209236145,2.8990394544625846,5,0.21739721298217773,0.0029606288283705426,5
HIKARI-2021,imbalanced,top20,CNN,DL,0.9945214588634436,0.00019762911024784623,5,0.841542512835289,0.004417175723060941,5,0.9956759325255404,0.0022312866489662925,5,0.9121389629089496,0.0029876461735969637,5,0.9546557701776482,0.0015448424212044214,5,0.9950817252558274,0.0011373455874526932,5,0.9127617516590203,0.002948090070355499,5,0.9993282630105055,5.066108570812e-05,5,0.9766466304721539,0.0064275164155015545,5,40.46997075080871,5.597611331323494,5,0.23347783088684082,0.0015916094086816238,5
HIKARI-2021,imbalanced,top20,DT,ML,0.9943898218829517,8.119844099283603e-05,5,0.903683278029437,0.0038432050857291067,5,0.8994535519125684,0.003456857707078529,5,0.9015532078856495,0.0013314698633279014,5,0.9493329235005096,0.000685981492874917,5,0.9483172234088917,0.0016780865153838778,5,0.8986739246022394,0.0013772922458465595,5,0.949498144242369,0.0017806674732328512,5,0.8177579814422499,0.002170837112982166,5,1.836712408065796,0.07320865606920371,5,0.0036014556884765626,0.00015518134000048675,5
HIKARI-2021,imbalanced,top20,GNB,ML,0.9207626802374893,0.014597480088453265,5,0.26807801048233826,0.03322613291719942,5,0.9962936564504632,0.0012299528729431926,5,0.4215809370635374,0.04178639241608796,5,0.6895082954998893,0.02498720169140858,5,0.9574178842022094,0.00692332241897593,5,0.494502260012351,0.03486301287303932,5,0.9752718447378207,0.0020137820323366793,5,0.38824341885496827,0.023120295366104226,5,0.03541984558105469,9.007326441236939e-05,5,0.0056801319122314455,0.00011353236391393053,5
HIKARI-2021,imbalanced,top20,GRU,DL,0.9942758269720102,0.00029996583839107013,5,0.8370486276867617,0.006702257079029076,5,0.992919933475885,0.0026900793261521957,5,0.9083362574154767,0.004510783432916547,5,0.9526909621854015,0.002332886347939874,5,0.9936178114776153,0.0013990006154781056,5,0.908927569565846,0.004433875134161137,5,0.999211479454738,0.00013645839829525214,5,0.9772556882487067,0.002315799596125121,5,62.75570788383484,10.038410295911431,5,0.3890234470367432,0.004793889317294276,5
HIKARI-2021,imbalanced,top20,KNN,ML,0.993564715860899,0.00017981980240497412,5,0.8767870729382207,0.0042809501245474665,5,0.9013542409123307,0.0030211764046589366,5,0.8888964339102191,0.00298604198354212,5,0.9427914133956632,0.0015392025614628,5,0.9488149464763097,0.0015277215948607226,5,0.8856755363769043,0.0030659702109433196,5,0.9872138539352712,0.0010396738868234483,5,0.915001080241382,0.004404609970336044,5,0.00846095085144043,9.633606497113056e-05,5,7.617466259002685,0.10792161288347951,5
HIKARI-2021,imbalanced,top20,LSTM,DL,0.9943436810856658,0.00025318769409854973,5,0.8383598009507889,0.005358312163930009,5,0.9935376574008078,0.0026848283367102146,5,0.909370804767681,0.0038521539731155934,5,0.9532257733923494,0.0019914610272459814,5,0.9939525175650784,0.0013953071213750944,5,0.9099596073261618,0.0038252981409695446,5,0.9990529416717285,0.0002904618075439507,5,0.9775833141934335,0.0010952057397285082,5,59.429246282577516,6.488913291233833,5,0.36315488815307617,0.004589146363420598,5
HIKARI-2021,imbalanced,top20,MLP,DL,0.9943029686174725,0.000412254925568298,5,0.8705312639728829,0.06568573914257032,5,0.9525302922309337,0.09195724852255485,5,0.9042175050495874,0.015719739886207958,5,0.9506405398407913,0.00795661208076513,5,0.9740306770376133,0.04481150401583767,5,0.9051663221798624,0.014780639448759772,5,0.9992505932276579,0.0001302124897919302,5,0.9787482757576329,0.0017070500889686438,5,18.66180009841919,4.749372384328125,5,0.11427855491638184,0.0031364116909375355,5
HIKARI-2021,imbalanced,top20,RF,ML,0.9947100932994063,0.0001590307039687163,5,0.8841480706408861,0.0069340238720645925,5,0.937752435257781,0.008711671236540324,5,0.910114839265687,0.002745810567172551,5,0.9536948457233783,0.0014123447088079234,5,0.9670685258584981,0.004247216328594481,5,0.9078343228524034,0.0028791652980149855,5,0.9993762754347765,0.0001171361781804353,5,0.981722171590957,0.0008075090172070882,5,2.0765448093414305,0.05772851254514019,5,0.04737124443054199,0.004298176743094278,5
HIKARI-2021,imbalanced,top20,SVM,ML,0.9879993214588634,0.0006416538430589644,5,0.7098337612274038,0.012298362603930095,5,0.9813257305773343,0.0039061066524357295,5,0.8237241270582274,0.007522121341764005,5,0.9087561592508002,0.003927950472219253,5,0.9847606259301603,0.0017482675743759498,5,0.8292228933778508,0.006612571012148961,5,0.9942313456250093,0.0003309212592631713,5,0.6855172402262393,0.020307002712605625,5,1.2165325164794922,0.11492388726299217,5,3.1571431159973145,0.3510250484369948,5
HIKARI-2021,imbalanced,top20,SimpleRNN,DL,0.9942554707379134,0.00047702455357419255,5,0.8717805312804696,0.06887586553165984,5,0.9499643620812546,0.09795877904580641,5,0.9030463596161704,0.01801791146010121,5,0.9500428608822313,0.009125000646222837,5,0.9727609832702069,0.0477713413617989,5,0.9042395820715565,0.01654935331128771,5,0.9993140190613288,7.229214484078262e-05,5,0.9793196798269121,0.0006465215971768638,5,30.87558832168579,8.529387888273394,5,0.22103266716003417,0.000926418983605465,5
HIKARI-2021-noID,balanced,all,CNN,DL,0.9943911789652248,0.00017143070221922955,5,0.8373375888515733,0.004058986526798992,5,0.9973865526253267,0.0014155827141617186,5,0.9103769811276511,0.00253642708576538,5,0.953740991074925,0.0013125217946368243,5,0.9958448346435519,0.0007192923004856687,5,0.9112072972845396,0.0024590766251771047,5,0.999194220830606,0.0001704167269342794,5,0.978324863180297,0.0014368576361118632,5,105.81717677116394,11.461323523371046,5,0.33574090003967283,0.005721862898324204,5
HIKARI-2021-noID,balanced,all,DT,ML,0.9944943172179814,0.0001255392794028937,5,0.8443598999221174,0.0015530645147943441,5,0.9896412449512948,0.003040731148638839,5,0.9112456141633007,0.0020824022216315353,5,0.9542023282075883,0.0010735408711049588,5,0.99213911988425,0.0015375120609097115,5,0.9114731001672975,0.0022036040565534647,5,0.9938692809391523,0.001516360024313863,5,0.9330209120491595,0.004298458060873799,5,28.766489791870118,2.6547153003935304,5,0.005789518356323242,0.0005713883429292475,5
HIKARI-2021-noID,balanced,all,GNB,ML,0.8469550466497031,0.0012736526214481283,5,0.15708522255597945,0.001125897878712048,5,0.9982893799002138,0.0006803431248883829,5,0.271454463450773,0.0016901456994897895,5,0.5929754306742718,0.001230102905100646,5,0.9203976410697863,0.0008144855215485818,5,0.3633531995396325,0.0016511564048337535,5,0.9211868818445599,0.000805645446469608,5,0.1577916853621521,0.001144729979750572,5,0.1323474884033203,0.002517498432278763,5,0.014002180099487305,0.0002840125035157196,5
HIKARI-2021-noID,balanced,all,GRU,DL,0.9941279050042409,0.00020040526089645048,5,0.8307778227029324,0.0044475097037927425,5,0.997624138750297,0.0011143777048760479,5,0.9065843931797499,0.0029592992851976726,5,0.9517765354346348,0.0015314856433568508,5,0.9958246282229195,0.0006180924637658027,5,0.9076161691525868,0.002876456412909855,5,0.9991860191755565,0.0001172349825562746,5,0.9773203149680725,0.0008835381856763178,5,60.85825338363647,21.279022710806895,5,0.41471233367919924,0.0051093410693713705,5
HIKARI-2021-noID,balanced,all,KNN,ML,0.9936094995759118,0.00012940403916168036,5,0.8311051827697391,0.0035881366057304268,5,0.9742456640532193,0.001460719995147525,5,0.8969958483940322,0.0018244332702153302,5,0.9468491528737747,0.000945652498881111,5,0.984212224759521,0.0006876122991136567,5,0.8967281598678657,0.0017238490673264042,5,0.9916893627746829,0.0012448100850116484,5,0.8497189817787112,0.004796562698604959,5,0.014784526824951173,0.00031048861695725605,5,21.526251888275148,0.1693934023774022,5
HIKARI-2021-noID,balanced,all,LSTM,DL,0.9940614079728582,0.00015273959476685763,5,0.829113174254184,0.0035423666926159936,5,0.997719173200285,0.0011711815199683254,5,0.9056322771754829,0.0022392624000435804,5,0.951283258035234,0.0011591216174362626,5,0.995836522464803,0.0005990891214415348,5,0.9067191117183249,0.002164053326139789,5,0.9992396631639915,6.783278711545167e-05,5,0.9758363894805067,0.001202200104863962,5,45.958251762390134,12.37292888179529,5,0.3734566688537598,0.006730092344198437,5
HIKARI-2021-noID,balanced,all,MLP,DL,0.9939392705682781,0.0003090678530883317,5,0.8266190940265208,0.007947555851376048,5,0.9970064148253742,0.0010965056554254424,5,0.9038324314682994,0.0043350407994325576,5,0.950351733087629,0.0022475992214095217,5,0.9954277565374794,0.00038638406819430907,5,0.9049613359492744,0.004026056174494382,5,0.9990362847877368,0.00016166596340873264,5,0.9754147083120372,0.001084690768413707,5,16.01090350151062,5.113095639282306,5,0.12778029441833497,0.004708660216872531,5
HIKARI-2021-noID,balanced,all,RF,ML,0.9947833757421544,0.00015995446968478477,5,0.8480838163161024,0.003767162390182115,5,0.9957234497505345,0.001322823559712553,5,0.9159893214061258,0.0024100870676899,5,0.9566487164028568,0.0012463685882591572,5,0.9952395939223875,0.0006827988287308178,5,0.9164504043023843,0.0023577154538620033,5,0.998951573350827,0.00027272295094007173,5,0.9642702825064144,0.0009638516131265679,5,20.1434534072876,0.4843099304057266,5,0.06377630233764649,0.009147430964756531,5
HIKARI-2021-noID,balanced,all,SVM,ML,0.9864712468193384,0.0006135715496720369,5,0.6797689637763191,0.010123895563024156,5,0.9955808980755524,0.0015268490390173404,5,0.807870354563866,0.006921395823878448,5,0.9004295563554031,0.003620823066000728,5,0.9908921631319046,0.0006570074044958704,5,0.8168396734546789,0.006057209349213404,5,0.9969188880212613,0.0002753138218340935,5,0.8446788126098299,0.02407667915940619,5,5.7728128910064695,1.9907977373814028,5,6.1024405002594,0.45713884436029284,5
HIKARI-2021-noID,balanced,all,SimpleRNN,DL,0.9938442748091603,0.0005233219647370264,5,0.824108120371228,0.012709002013964708,5,0.997624138750297,0.0014741831368485195,5,0.9025572905268298,0.007453804978612457,5,0.9496895160484267,0.0038624334035870077,5,0.995678643841153,0.0007044090063390524,5,0.9038127197386576,0.007038956783803859,5,0.9991483281048488,0.00012878748865073421,5,0.9753507314940386,0.001270291647982725,5,22.68174386024475,10.661615494258339,5,0.23234381675720214,0.0030511411801989008,5
HIKARI-2021-noID,balanced,top10,CNN,DL,0.9933923664122137,0.0005992981953790615,5,0.8144618300812233,0.013985255958906125,5,0.9957709669755286,0.0014969811358539616,5,0.8959830925504075,0.008440471100588813,5,0.9462854440327121,0.004375497750445098,5,0.9945467019334847,0.0007837281293935373,5,0.8974463140045706,0.007962187746407143,5,0.9988447015803199,0.0002596385206698369,5,0.9740190414092043,0.004763973400118746,5,44.78810200691223,16.887853433223373,5,0.2041849136352539,0.0015465571739503295,5
HIKARI-2021-noID,balanced,top10,DT,ML,0.9944712468193384,0.0001526642161931145,5,0.8417092481134297,0.003128579402726985,5,0.9932050368258494,0.0017016872966947032,5,0.9112015597311227,0.002341951788851499,5,0.9541741801201896,0.0012103952423895708,5,0.9938567547539554,0.0008870998130035675,5,0.911684071438116,0.0023387500911767967,5,0.9957068404946234,0.0008626894454424576,5,0.9400045537370023,0.0022462449650904478,5,5.294783306121826,0.21850016023824548,5,0.0036731719970703124,0.00032311059890104073,5
HIKARI-2021-noID,balanced,top10,GNB,ML,0.45845903307888036,0.024666741083958835,5,0.049976691926754954,0.0020561809093693462,5,0.9957709669755286,0.001658003927048491,5,0.09517032917870663,0.0037268282041937125,5,0.35422152971686177,0.014205811216880724,5,0.7192166654723137,0.012073528457040326,5,0.14761019414265744,0.00701618805302463,5,0.9278770340339346,0.04844773576485661,5,0.25355076613688643,0.13415499807578807,5,0.06941914558410645,0.0005755765969182013,5,0.003854036331176758,0.00011110305786132812,5
HIKARI-2021-noID,balanced,top10,GRU,DL,0.992493977947413,0.0005294664793128409,5,0.793263532293558,0.011907003742148502,5,0.9973390354003326,0.0011443663177754363,5,0.8836296446396092,0.00719665540802507,5,0.9398757775730789,0.003735655995151319,5,0.9948452856897727,0.0005039784231505163,5,0.88598650553722,0.006673457563021757,5,0.9990237999244634,0.0001584228195993201,5,0.968390792176448,0.005670011119486176,5,82.22485685348511,22.220023985525142,5,0.3851642608642578,0.008273068829452255,5
HIKARI-2021-noID,balanced,top10,KNN,ML,0.9939406276505514,0.0002570856171056295,5,0.839170354279578,0.005852942705688609,5,0.9746733190781658,0.0017345414348723253,5,0.9018537739157061,0.003862728970437343,5,0.9493637920982136,0.0019978062538289093,5,0.9845901973902487,0.0009370719832666824,5,0.9014303681419376,0.0038029316811211,5,0.9917222571832248,0.0006239782596154372,5,0.8583273981637021,0.005755654816636342,5,0.8362551212310791,0.04804941278637898,5,6.201787662506104,0.9120760790860456,5
HIKARI-2021-noID,balanced,top10,LSTM,DL,0.9927830364715862,0.00026999628452313606,5,0.7997856291877191,0.005719375004486706,5,0.996911380375386,0.0014645792356780792,5,0.8875269664540445,0.003821692980836467,5,0.9418994373439299,0.001980753136751476,5,0.9947865229273101,0.0007949896834922561,5,0.88957820451614,0.0036588487086799816,5,0.9991220881855188,8.222499220004237e-05,5,0.9712171143941347,0.003029849670073166,5,85.10026469230652,13.807567995377076,5,0.36951360702514646,0.0030041067494403994,5
HIKARI-2021-noID,balanced,top10,MLP,DL,0.9919036471586089,0.0005058067923418813,5,0.7808554936426954,0.01154758538731431,5,0.9963886909004515,0.0019835240166064735,5,0.8755071818731602,0.006697434778194426,5,0.9356614679361502,0.0034799764125291828,5,0.9940802401458937,0.0008052579734582674,5,0.8783319415932762,0.006101624032584208,5,0.9988233570642983,0.00020012536768327545,5,0.9654260598879005,0.005503402166047077,5,17.8317654132843,3.6791723672985435,5,0.11402440071105957,0.002420347261942547,5
HIKARI-2021-noID,balanced,top10,RF,ML,0.9947290924512299,0.00018184396078677815,5,0.8467367337895206,0.0036177724837919627,5,0.9956759325255404,0.0019763967063991567,5,0.9151846571866491,0.00281573441498083,5,0.9562323429993791,0.0014548261369121223,5,0.9951885942051588,0.0010418273531500473,5,0.9156750527524607,0.0028233484473580528,5,0.9990326170936278,0.0001975127860526521,5,0.964171277874447,0.0014752506352932787,5,8.651787185668946,0.28874948589392335,5,0.05604186058044434,0.012031371817343662,5
HIKARI-2021-noID,balanced,top10,SVM,ML,0.9492844783715013,0.008966614191930303,5,0.3583908009853092,0.041096126497362745,5,0.9519125683060109,0.0975778681647689,5,0.5191256630417258,0.04951452324576304,5,0.746170785933467,0.026751199163590294,5,0.9505598911546679,0.04703211330175563,5,0.5661962991106204,0.05247115697743207,5,0.984633193266616,0.0037434627241041706,5,0.5593595488121734,0.07003585294817954,5,5.369003820419311,2.054255912799869,5,9.429927444458007,3.5531622760732215,5
HIKARI-2021-noID,balanced,top10,SimpleRNN,DL,0.9928210347752332,0.0007162065178721728,5,0.8011274374653994,0.015985264865980682,5,0.9963886909004515,0.0017651865641251344,5,0.8880792069350747,0.009795850616488595,5,0.9421853874631154,0.00508364093242517,5,0.9945524192945742,0.0008855285283945702,5,0.8900740384877046,0.00913397378771733,5,0.9989292225049073,0.0003035932232574494,5,0.9709086823359009,0.005651930176796958,5,43.90551910400391,11.070856662816334,5,0.21694011688232423,0.0010274171610683877,5
HIKARI-2021-noID,balanced,top20,CNN,DL,0.9940261238337575,0.00036152936650692374,5,0.8287637347053558,0.008649631448237882,5,0.996911380375386,0.0008729471642135631,5,0.905074906293903,0.005212738025758778,5,0.950995462121722,0.002699958143366603,5,0.9954263396435694,0.0004905858985798826,5,0.906132339100336,0.004962450765669147,5,0.9991659969610895,0.00018934788444253936,5,0.9772940431436238,0.0009207652045421403,5,61.011936855316165,16.211997693306365,5,0.2325897693634033,0.0029148486701034548,5
HIKARI-2021-noID,balanced,top20,DT,ML,0.99450245971162,0.00015858132046943853,5,0.8437903958539088,0.0028990345199451074,5,0.9909717272511285,0.0030656896888961497,5,0.9114754734803139,0.0025229961476025665,5,0.9543193079806539,0.0013023395236770874,5,0.9927889942571388,0.00154989151205381,5,0.9117874484622037,0.002592924816799354,5,0.9945601977732978,0.0015445359486789421,5,0.9358868757838948,0.003550048741511592,5,12.91432328224182,1.5799564544229765,5,0.003998661041259765,0.0003052725582602699,5
HIKARI-2021-noID,balanced,top20,GNB,ML,0.456721967769296,0.008977662874811628,5,0.049790519102401745,0.0007141196516458819,5,0.9963886909004515,0.0015157175488464455,5,0.09484084694780903,0.0012892131304113237,5,0.3533428844644422,0.0051141987612610285,5,0.7186223800394439,0.003917468524691972,5,0.1471935154698651,0.0022437990047379547,5,0.7957199848491591,0.050160215649941074,5,0.07079791701153386,0.01639425629368266,5,0.08823461532592773,0.0008248624127609832,5,0.006195688247680664,0.00013201605090843637,5
HIKARI-2021-noID,balanced,top20,GRU,DL,0.9936474978795589,0.0005423322542798024,5,0.8195312391251109,0.012410229610932412,5,0.9974340698503207,0.0012044468382643302,5,0.89973470109746,0.0077218725300486155,5,0.9482272667563972,0.004001398476825962,5,0.9954851223202124,0.000755930636005172,5,0.9011232993539482,0.007337574123277053,5,0.9992305685239184,0.00012949624012316129,5,0.9764817520766453,0.0024795203014336188,5,81.43660416603089,27.395615925260913,5,0.39127211570739745,0.009136851675474992,5
HIKARI-2021-noID,balanced,top20,KNN,ML,0.9939636980491942,0.00018026732278165458,5,0.8400691295642518,0.003666903423675904,5,0.9741031123782371,0.0019154805769300732,5,0.9021329951657071,0.002783958378168641,5,0.9495094022334479,0.0014385265140666938,5,0.9843253502463668,0.0010095090732432591,5,0.9016601710214166,0.002793381282634613,5,0.9915152705234984,0.0011938900038877018,5,0.8570263527616229,0.005919861244314068,5,0.011389446258544923,0.00019829270500567288,5,14.767003631591797,0.19869506377796636,5
HIKARI-2021-noID,balanced,top20,LSTM,DL,0.9935606446140797,0.0005140592899382694,5,0.8175282235243578,0.011820010921873068,5,0.9973390354003326,0.0013376752920180215,5,0.8984895422947794,0.007272866254872041,5,0.9475821964195934,0.00376959376257421,5,0.9953942987235938,0.0007534859860619255,5,0.8999381639523236,0.006884737891847987,5,0.9992267587753252,0.0001684899797849225,5,0.9764246945220592,0.0025693067799081593,5,68.09837794303894,20.27064323696219,5,0.36147537231445315,0.005438067857717409,5
HIKARI-2021-noID,balanced,top20,MLP,DL,0.993732994062765,0.0001558873501784909,5,0.8215509992453051,0.004165251811956789,5,0.9971964837253504,0.0015705862562164967,5,0.9008853701119612,0.002148259434678458,5,0.9488247832051091,0.0011144801582106158,5,0.9954138265685412,0.0007246383648241568,5,0.902179267126318,0.001974440839508317,5,0.9990275034640964,0.0003536601398874303,5,0.9754377910879228,0.0009481823734954009,5,17.817971324920656,4.705729054094221,5,0.11308603286743164,0.0015322203051196018,5
HIKARI-2021-noID,balanced,top20,RF,ML,0.9947752332485157,0.00016888723955425956,5,0.848070874972424,0.0034751405514495525,5,0.9953908291755761,0.001934540554604169,5,0.9158423723930336,0.0026107784008815847,5,0.9565731492430306,0.0013489907564923028,5,0.9950739821247732,0.0010071737738306507,5,0.9162854951384043,0.002612935622917712,5,0.9991302271109012,0.00020210120700596616,5,0.9655977335237914,0.0016150643331007556,5,13.62420587539673,0.45062019597420105,5,0.0479489803314209,0.0043457575387504015,5
HIKARI-2021-noID,balanced,top20,SVM,ML,0.9706273112807464,0.005641030834007936,5,0.4968316468178755,0.04982950100757998,5,0.9958660014255167,0.0014115895250665764,5,0.6617648080449517,0.04403066683244065,5,0.8232047473427693,0.023509574792849434,5,0.982875654694849,0.0031517615384813553,5,0.6919956951933208,0.03675293470418831,5,0.9908521107372987,0.003086057597860152,5,0.610745294540777,0.10248461216512537,5,3.50659761428833,2.2857172931372274,5,7.6256929397583,4.055313520355688,5
HIKARI-2021-noID,balanced,top20,SimpleRNN,DL,0.9937872773536895,0.0003609877109875234,5,0.8227389670305982,0.008626217351170244,5,0.9974815870753148,0.0011219500074238478,5,0.901702774995719,0.005181729497807324,5,0.9492475205730155,0.0026843239729920005,5,0.9955801268989303,0.0005883229792936071,5,0.9029814670043426,0.004922652496932991,5,0.9992104115568333,0.00015463850327581677,5,0.9767462064557586,0.0005273057379991592,5,30.880573415756224,5.408699006208395,5,0.21996607780456542,0.001850466380840351,5
HIKARI-2021-noID,imbalanced,all,CNN,DL,0.9944603901611535,0.00018172998775091702,5,0.8400204247899905,0.0038837589746119117,5,0.9956759325255404,0.0027523098992776342,5,0.9112446760401103,0.0027841700467266303,5,0.9541928241874557,0.0014389379201901315,5,0.9950502932119061,0.0013888343074453925,5,0.9119071056924557,0.0027859670787080564,5,0.999231825772485,0.00016074919618728215,5,0.9780502063131966,0.0007102056525827413,5,82.14924521446228,11.642594024406911,5,0.33783588409423826,0.005341862749733883,5
HIKARI-2021-noID,imbalanced,all,DT,ML,0.994083121289228,8.596342296394012e-05,5,0.8978035124758839,0.004549583339558054,5,0.8947018294131622,0.003424043886966761,5,0.896236917422588,0.0012519705393282204,5,0.9465958258590904,0.0006474453882594037,5,0.9458533524362096,0.0016443156580594738,5,0.8932000232407263,0.0012951001138228452,5,0.9471765081432549,0.0017115439212877918,5,0.8085657857744414,0.0015197759092201164,5,3.3611947536468505,0.39020952447901475,5,0.005547904968261718,0.00035041085935134963,5
HIKARI-2021-noID,imbalanced,all,GNB,ML,0.8513506361323155,0.0007244900363156103,5,0.16097421409081464,0.0005835161887864613,5,0.9982418626752197,0.0007624997166016323,5,0.27724065883256227,0.0008403405026913537,5,0.5971983193808283,0.0006392628839315067,5,0.9226369896196042,0.00016927528388355472,5,0.3688027132143049,0.0006705067559529774,5,0.923181494083064,0.0001596570506441597,5,0.16159720066262434,0.00048733303104437736,5,0.061897563934326175,0.0021290852695009014,5,0.014132308959960937,0.00021256172284599446,5
HIKARI-2021-noID,imbalanced,all,GRU,DL,0.9942636132315521,0.00022084403224609844,5,0.8364583926037419,0.004783573333076684,5,0.9933951057258256,0.0017329135213885246,5,0.9081927626265613,0.0033215138297876287,5,0.9526160362017505,0.0017178335077678158,5,0.9938421262951523,0.0009273535680975024,5,0.9088236155630817,0.0032692335357159263,5,0.9991378481016511,7.376496389190655e-05,5,0.9759916018759867,0.002072725918539628,5,41.452438020706175,5.5681477950020435,5,0.4210073947906494,0.004391381940792052,5
HIKARI-2021-noID,imbalanced,all,KNN,ML,0.993708566581849,0.00025208510978116277,5,0.8800205594040469,0.005996413150826559,5,0.9028272748871465,0.003653731646288795,5,0.891271113466545,0.0041682858933357846,5,0.9440158366616289,0.002148978924063014,5,0.9496038502035862,0.0018662972813576907,5,0.8881129768998036,0.0042787524934180966,5,0.9878363360216115,0.0008077706050362805,5,0.9189619896502064,0.004685299771889899,5,0.017935419082641603,0.008535523640917992,5,11.158704948425292,0.09862827561181166,5
HIKARI-2021-noID,imbalanced,all,LSTM,DL,0.9942337574215436,0.00016519376273312427,5,0.836224852177893,0.0035132988820518463,5,0.9924922784509385,0.0011093007868784564,5,0.9076799932556942,0.0024902907140824555,5,0.9523519651689452,0.00128785080702264,5,0.993388617188114,0.0006175149992688181,5,0.9082659422609038,0.0024547911237562145,5,0.9990640834895095,7.66182718932087e-05,5,0.9745409115819221,0.001053611305135697,5,39.103922080993655,6.956446622591847,5,0.3765805721282959,0.005326667668317518,5
HIKARI-2021-noID,imbalanced,all,MLP,DL,0.9942798982188294,0.00018061179513765747,5,0.8373372756121459,0.003568289845156225,5,0.9925397956759324,0.0026911282945391445,5,0.9083540061357436,0.002795394910739868,5,0.9527009122123158,0.001444278033957285,5,0.9934354259661532,0.0013728901054478738,5,0.9089135293992616,0.0028211551473537075,5,0.9989619073167045,0.00020734758817246763,5,0.9749051948465308,0.001956843938535217,5,12.673795557022094,2.6111885161523896,5,0.13096141815185547,0.004555510365070425,5
HIKARI-2021-noID,imbalanced,all,RF,ML,0.994741306191688,8.834074005962457e-05,5,0.8779681526194135,0.0061992087031591345,5,0.9476835352815396,0.008184488549441078,5,0.9114518668869778,0.0015476807226287976,5,0.9543710252724683,0.0007941443569308109,5,0.9719041567555037,0.00397368983794191,5,0.9094735549822927,0.0016995232079792771,5,0.9993114713738954,0.00017413062481963908,5,0.9811158627340353,0.0006683765108405412,5,2.375957202911377,0.07924793041495598,5,0.0570314884185791,0.01205276604106674,5
HIKARI-2021-noID,imbalanced,all,SVM,ML,0.9902507209499575,0.0002458904257542019,5,0.7597731816749709,0.004420350099076443,5,0.9632216678545973,0.005978490277995405,5,0.8494746564976061,0.0037130642801316465,5,0.9222184347916768,0.0019190802912889679,5,0.9771335138932123,0.002970129079449084,5,0.8508686451014121,0.0038724549352825203,5,0.9959650072608595,0.00024776373658936857,5,0.7926747268889933,0.019208386508544874,5,4.8910651206970215,0.40597960208615114,5,6.980551433563233,0.3448778168314221,5
HIKARI-2021-noID,imbalanced,all,SimpleRNN,DL,0.9943871077184054,0.00018184396078681832,5,0.8394884388611888,0.004394666924929905,5,0.9934426229508198,0.0018902660281222175,5,0.9099943305204308,0.0026959520942159876,5,0.9535487800815499,0.0013949369876362803,5,0.9939287489954914,0.0009433070582082703,5,0.9105485524273093,0.0026198055216085786,5,0.9991459138424219,0.00015053987124389538,5,0.9761588056883281,0.0019126274882511926,5,21.402216911315918,3.7995085983351404,5,0.23845820426940917,0.004195139988206105,5
HIKARI-2021-noID,imbalanced,top10,CNN,DL,0.9940478371501273,0.0002508492339503479,5,0.8329692420867563,0.004959572604787961,5,0.9901639344262294,0.0027990831979135965,5,0.9047862163007176,0.00383896411207468,5,0.9508570550564889,0.001984265345142307,5,0.9921629780676472,0.0014663385306511977,5,0.9053308857785407,0.0038419081780165635,5,0.9987555019850836,0.0003278984042961091,5,0.975242494008852,0.001849747109630505,5,38.66446990966797,7.738107622215146,5,0.20436182022094726,0.0017003621230849931,5
HIKARI-2021-noID,imbalanced,top10,DT,ML,0.9944291772688718,0.0002754994001786113,5,0.8790682075206776,0.01513670081414983,5,0.9341886433832265,0.03132174577843101,5,0.9053265979803037,0.007044689592949406,5,0.9512283516441885,0.0035915851074835854,5,0.9651944292590524,0.01533594690818433,5,0.9031500873915241,0.007848681448899183,5,0.9672451556740741,0.015851418100189682,5,0.8649568524478765,0.04994006990398905,5,0.8309439182281494,0.0689006533214109,5,0.0035007953643798827,0.00013441222464747975,5
HIKARI-2021-noID,imbalanced,top10,GNB,ML,0.530357251908397,0.06355551029652326,5,0.057938028000497875,0.008644831949501162,5,0.9947255880256594,0.0022936599450980584,5,0.10939805521627317,0.015293177500273572,5,0.3944002703116316,0.034872065809311875,5,0.7557153358174481,0.03278746292784109,5,0.17167641131341904,0.0239175177396057,5,0.9571912588419332,0.012581225772469798,5,0.30298686322567503,0.06545877307208717,5,0.026726484298706055,0.00020743450873437,5,0.004002237319946289,0.0001689717229753843,5
HIKARI-2021-noID,imbalanced,top10,GRU,DL,0.9935782866836302,0.00034994570910688025,5,0.8262633620258057,0.007453463372151022,5,0.9816108339272986,0.0027275880519963985,5,0.8972528939101808,0.005227171133846294,5,0.946969229752361,0.0027040451992190653,5,0.9877704785006063,0.001466114445624888,5,0.897504942166444,0.005152741737763404,5,0.9989399124367531,0.00011953387203100366,5,0.968033919566665,0.005538260122851926,5,78.56428785324097,12.664064224683486,5,0.3885866641998291,0.008868764382181956,5
HIKARI-2021-noID,imbalanced,top10,KNN,ML,0.9939894826123833,0.00019074128081627355,5,0.8871144715111281,0.004385697472244808,5,0.904680446661915,0.002808143372220014,5,0.8958081306359384,0.0031860464930426042,5,0.9463568074575546,0.001642089606607748,5,0.9506477823882754,0.001439181541433154,5,0.8927611275778864,0.0032728040014082505,5,0.9872522634100239,0.0008383572755875689,5,0.9199168287436447,0.003446488948220011,5,0.37246389389038087,0.04287664446789127,5,6.463147497177124,2.5305318600471463,5
HIKARI-2021-noID,imbalanced,top10,LSTM,DL,0.9934575063613231,0.00027011562743883626,5,0.8242674527291183,0.00545597363927108,5,0.9798526966025184,0.002945493088404817,5,0.8953462375835848,0.004087107145048345,5,0.9459847193505659,0.0021133047953805465,5,0.9868550883652409,0.0015364494414034308,5,0.8955519868796395,0.004074297700154062,5,0.9988646798176394,0.00013685058893295445,5,0.9680169731574935,0.0030286480404814707,5,66.55062584877014,7.988302885322538,5,0.36505703926086425,0.0037719220552563,5
HIKARI-2021-noID,imbalanced,top10,MLP,DL,0.9935810008481765,0.000516605590943127,5,0.859963208192732,0.062471994869491995,5,0.9381800902827274,0.09634174493509991,5,0.8917227578993611,0.01969738642246831,5,0.944207250120743,0.009976188116498062,5,0.9666949233945804,0.047015887279177396,5,0.8923184474041447,0.018567544788478628,5,0.9989034094128361,0.00016420248610413317,5,0.9713845686840996,0.002198105490107245,5,20.369046688079834,3.0332927569167683,5,0.11102914810180664,0.0009141321373182428,5
HIKARI-2021-noID,imbalanced,top10,RF,ML,0.9948159457167091,0.00018333171957394883,5,0.8708003489698143,0.002399524598259239,5,0.9610833927298646,0.0061161701598343495,5,0.913709320540471,0.0032327781073104057,5,0.9555185106274582,0.0016634326530728105,5,0.978445528280331,0.003051932077880156,5,0.9122260078794266,0.0034404043394381492,5,0.9991643137150217,0.00016691067839725416,5,0.980679934813729,0.000686567596521075,5,1.5305470943450927,0.0683480180476299,5,0.04337329864501953,0.013075566198972476,5
HIKARI-2021-noID,imbalanced,top10,SVM,ML,0.9712542832909244,0.005232354293633808,5,0.43746994076606266,0.23416513025518346,5,0.23749109052031364,0.17003479762771395,5,0.3027271462972306,0.20175830394878216,5,0.6440238310025143,0.10213293657781491,5,0.6151587998038334,0.08501567191925084,5,0.3064999839083774,0.2028046695881312,5,0.9815163796437558,0.0020475503490001152,5,0.48328472982455184,0.07158424857144245,5,4.896697235107422,2.0075588733484078,5,10.438065910339356,3.997893825542739,5
HIKARI-2021-noID,imbalanced,top10,SimpleRNN,DL,0.9939921967769296,0.0002871038972011275,5,0.833149765353685,0.0051332337239753945,5,0.987407935376574,0.006252172661886797,5,0.9037341018141424,0.004584706077810979,5,0.9503167227116316,0.0023662004241722895,5,0.9907968528705229,0.0031431879736968163,5,0.9041245216637499,0.004749887653758846,5,0.9988655572032217,0.0005013985560208209,5,0.9736233121883886,0.0028112496621189136,5,39.50012035369873,3.4755804409574145,5,0.2164292335510254,0.0016652742945792534,5
HIKARI-2021-noID,imbalanced,top20,CNN,DL,0.9941971162001696,0.00028753656036759436,5,0.8350615447132466,0.0068166359832826234,5,0.9930149679258731,0.002379422372735444,5,0.9072019443173289,0.0042337522474025745,5,0.9521034279082874,0.002191184670257999,5,0.9936234193107147,0.0012038519553331988,5,0.9078532040865802,0.004098487255909182,5,0.9990209085514732,0.00016976722901970633,5,0.9767955553767628,0.0015348943358459426,5,37.74828634262085,10.773601965886481,5,0.2325993537902832,0.0023023024039747196,5
HIKARI-2021-noID,imbalanced,top20,DT,ML,0.9942120441051738,0.00012354294457022377,5,0.898909145775117,0.004988858950830223,5,0.8984081729626989,0.0032078526312321527,5,0.8986462350437249,0.0019199214986574454,5,0.9478335973312214,0.000991421868004999,5,0.9477183985386816,0.001548412729389855,5,0.8956737965011407,0.001985176378542436,5,0.9492795272036446,0.0018107429055699597,5,0.813334946444993,0.004033850947773668,5,1.8819998264312745,0.07828734592027622,5,0.004003572463989258,0.00018694163461907556,5
HIKARI-2021-noID,imbalanced,top20,GNB,ML,0.4828580152671756,0.01206396374999099,5,0.05215496219111611,0.0010985345536567326,5,0.9957234497505345,0.0015759680638419151,5,0.09911633821560281,0.0019768451229787184,5,0.3681906401644234,0.006750078534963629,5,0.7317517546309356,0.005582045856588357,5,0.15508103622950248,0.0034013070789553086,5,0.8615976661404112,0.011902265910386622,5,0.09899160836090833,0.006651807023070917,5,0.035259342193603514,0.00024573459555300237,5,0.006079816818237304,0.00014949478017368598,5
HIKARI-2021-noID,imbalanced,top20,GRU,DL,0.9939704834605598,0.0001714978325433662,5,0.8325030725331214,0.0036915893651974277,5,0.9875980042765503,0.0017890093225960296,5,0.903439627253948,0.002577863385565391,5,0.9501638549578635,0.00133322337065554,5,0.9908779175232129,0.0009241593177751237,5,0.9038541611979929,0.0025488023753165398,5,0.9990904116950377,0.00018548888045648768,5,0.9746732904012865,0.0011739171342686609,5,59.17599573135376,5.8074128988348495,5,0.38506412506103516,0.007066630055610548,5
HIKARI-2021-noID,imbalanced,top20,KNN,ML,0.993950127226463,0.00023434732314796253,5,0.8861469625566446,0.0059170528862579055,5,0.9043953433119505,0.0031050243293332578,5,0.8951710941243732,0.003849709960897472,5,0.9460281379941973,0.0019851461576224747,5,0.9504891654464004,0.0015860953513515703,5,0.8921095015767773,0.00395130958060716,5,0.987709043255182,0.0009428583176473816,5,0.9228572168897085,0.004842763889453153,5,0.008353233337402344,0.0001324556297697948,5,7.563310050964356,0.04709317080634086,5
HIKARI-2021-noID,imbalanced,top20,LSTM,DL,0.9940966921119593,0.00025470160310942,5,0.8343895967443992,0.005333849772856322,5,0.989783796626277,0.002909823880711754,5,0.9054622253977979,0.0038642025662727346,5,0.9512077221191866,0.0019978541354795415,5,0.9920036427217271,0.00150131149342967,5,0.905948879073583,0.003841698673738824,5,0.99906139573901,0.00021002524376048038,5,0.9747033540190226,0.001724568371262199,5,54.18501296043396,11.485111300622583,5,0.3628696441650391,0.0035274006281797513,5
HIKARI-2021-noID,imbalanced,top20,MLP,DL,0.9940939779474132,0.00023410160902506195,5,0.8341302439585909,0.004796221166020321,5,0.9901164172012354,0.002701595577514849,5,0.9054501630628768,0.0035694998187942844,5,0.9512009743413786,0.0018451890285145025,5,0.9921636666004222,0.0013999032864495794,5,0.9059613834698561,0.003560917808796587,5,0.9988830783626271,0.0002494915621247418,5,0.9748146343693959,0.0018110933986819507,5,14.902243423461915,5.482762964729014,5,0.11236915588378907,0.002163063715072667,5
HIKARI-2021-noID,imbalanced,top20,RF,ML,0.9946951653944021,0.00012788295425294636,5,0.8808203625386645,0.009191253892144166,5,0.9419339510572582,0.015221837280433385,5,0.9102277012720024,0.0029288430729218474,5,0.953747258460116,0.0014946979976555802,5,0.9690901332616104,0.007424217094566687,5,0.9081065011101705,0.0033438826557589223,5,0.9993052788936605,0.0001738834080207966,5,0.9809017137101372,0.0008614882267763346,5,1.9952966690063476,0.08108371783336314,5,0.04792561531066895,0.008403393396224954,5
HIKARI-2021-noID,imbalanced,top20,SVM,ML,0.9705201017811704,0.007476286516691705,5,0.3940967437315803,0.21525814035459234,5,0.23435495367070563,0.23759364445216313,5,0.2847998133973418,0.24007335367859298,5,0.6348731996807311,0.1219147666782886,5,0.6132589486931962,0.11914289488552808,5,0.28558577175519817,0.23611663785621229,5,0.9882874474613731,0.0029361572011475314,5,0.538413261507048,0.07650223315691104,5,2.9354448318481445,1.490164575512297,5,8.500097560882569,4.361422202505132,5
HIKARI-2021-noID,imbalanced,top20,SimpleRNN,DL,0.9942405428329092,0.00022088572453119005,5,0.8362375134422205,0.00462895147556497,5,0.9927773818009028,0.0023193565905185857,5,0.9078045827416801,0.003350932306422252,5,0.9524160025268923,0.0017325183221463662,5,0.9935304703732312,0.0012081151162820602,5,0.9084069798047448,0.003327950513418985,5,0.999110649978358,0.00013878914276846947,5,0.9767923631220414,0.001716615562124894,5,26.126268339157104,5.071583843858533,5,0.21956419944763184,0.001120518787327216,5
NSL-KDD,balanced,all,CNN,DL,0.9919886325191151,0.0007781147879809203,5,0.9920110950926219,0.0010760400702617997,5,0.9912420457223663,0.002155275655804954,5,0.9916246227969776,0.0008232518606828098,5,0.9919734579922779,0.0007803746870003913,5,0.9919578449353981,0.0008243725627628051,5,0.9839504888434153,0.00155665824586332,5,0.9995881434984538,9.2076031908616e-05,5,0.9995446428593672,0.00010893341776344583,5,76.95518527030944,21.657126923614847,5,0.23374605178833008,0.006109283162769254,5
NSL-KDD,balanced,all,DT,ML,0.9952049078647631,0.0004301946880478821,5,0.9948457598416336,0.0009694712214235196,5,0.995135517322649,0.0006526314829628419,5,0.99499022975799,0.00044797397104812705,5,0.99519608496096,0.0004308683557344741,5,0.9952020463527008,0.0004197244538784514,5,0.9903929221218775,0.0008617176839098223,5,0.9952161224633038,0.0004205714230344655,5,0.9923483595361342,0.0008709411507489251,5,0.7887592792510987,0.03257152686280061,5,0.003968429565429687,0.00012002740509993357,5
NSL-KDD,balanced,all,GNB,ML,0.6821571148250897,0.001787323413239207,5,0.9916592763937384,0.0020873517972703854,5,0.33859061984444966,0.0034527899392194075,5,0.5048100596914049,0.003933607231683724,5,0.6353905540214692,0.0024920985917507694,5,0.6679891945342826,0.0018538408719902244,5,0.45395960601593044,0.0034217857436074123,5,0.6711844942696339,0.0014268942613082862,5,0.6557612660677816,0.0018171418121468307,5,0.03408513069152832,0.0007566032753846397,5,0.00865621566772461,0.0002644049895545019,5
NSL-KDD,balanced,all,GRU,DL,0.990689491846539,0.0008433703818370231,5,0.990021685927837,0.0007873966878493124,5,0.990525571529578,0.0012359284093449664,5,0.9902733276165488,0.0008831782081640518,5,0.9906724146035293,0.0008450823293358569,5,0.9906827321362102,0.000855726463023275,5,0.9813453836984625,0.0016904174644711532,5,0.9993679064311302,5.930110017482931e-05,5,0.9993540741597231,4.8107193391863964e-05,5,26.083059740066528,8.089029785841053,5,0.3443645477294922,0.0016450090717554492,5
NSL-KDD,balanced,all,KNN,ML,0.9927058664320996,0.0003441320995603693,5,0.9927085243917183,0.000814990669458315,5,0.9920433655432477,0.0005135495149645146,5,0.9923755630102612,0.0003577884752134326,5,0.9926921496698548,0.0003446231369649347,5,0.9926785463647386,0.0003336382238177303,5,0.9853850005298938,0.0006899594395968524,5,0.9969873302976844,0.0002777893603459129,5,0.9954057135296978,0.0002636367657003969,5,0.0039516925811767575,3.0888136803398565e-05,5,2.021959114074707,0.22597321562097264,5
NSL-KDD,balanced,all,LSTM,DL,0.9911766695987551,0.000714554992981079,5,0.9902717461860707,0.0007530024983171355,5,0.9912986094744285,0.0008079469756706274,5,0.9907848694009795,0.0007466097424038944,5,0.9911606904473981,0.0007158744598172574,5,0.9911816981287893,0.0007170924054033124,5,0.9823219488464663,0.0014317478482320043,5,0.9994632025235068,4.279123988296041e-05,5,0.9994537531758272,5.099910808276928e-05,5,25.021307277679444,4.483478608313675,5,0.2961285591125488,0.0035860460946216246,5
NSL-KDD,balanced,all,MLP,DL,0.9898008435392562,0.0021610837323549933,5,0.9888733709682045,0.003129003326217681,5,0.9898279519208106,0.0021859835096538455,5,0.9893486356669051,0.002250987397006379,5,0.9897824113530523,0.002164519402185423,5,0.9898019614287905,0.0021421746646416565,5,0.9795685583654243,0.004328235631792985,5,0.9990613070188946,0.00022756553639735039,5,0.9989644621709338,0.00025950468428710314,5,8.927190923690796,3.8412145227161405,5,0.09517736434936523,0.002193773562088969,5
NSL-KDD,balanced,all,RF,ML,0.9964995376322259,0.00011434054496822726,5,0.9973270793816011,0.00047314995914697573,5,0.9953523450388875,0.0003473416625395391,5,0.996338606845818,0.00011876258557774028,5,0.9964927616049927,0.0001144943310192252,5,0.9964522299539219,0.00010643108737289632,5,0.9929875511488954,0.0002296329118775092,5,0.9998632027436756,4.6278437631942613e-05,5,0.9998189365791358,7.295312455512302e-05,5,0.4852166652679443,0.03775324368287639,5,0.04728951454162598,0.004427600111116566,5
NSL-KDD,balanced,all,SVM,ML,0.9746487132643165,0.0006736217842013681,5,0.9737510157085353,0.0009038753085436583,5,0.9732547725665803,0.0009101121573337811,5,0.973502562332215,0.0007039152402301728,5,0.9746011860516923,0.0006748561140409807,5,0.9745912302414252,0.0006749626281372459,5,0.9492029821839075,0.0013500144991343004,5,0.9957438838547187,0.00022420820733336837,5,0.9954305424745706,0.0003557762793403324,5,10.496276998519898,0.9690469426012164,5,4.506643629074096,0.24939484032336057,5
NSL-KDD,balanced,all,SimpleRNN,DL,0.9915916728691613,0.0009688474914343763,5,0.9908670227423633,0.002156385108396703,5,0.9915720009427293,0.001536243691312804,5,0.9912173752478661,0.0010078787140586397,5,0.9915763583329511,0.0009702876397675382,5,0.9915908616425435,0.0009479838540839917,5,0.9831566583976489,0.0019388210543186339,5,0.9993450559914157,5.557571800013353e-05,5,0.9993401628726328,6.890682001616919e-05,5,12.716593313217164,4.793608915744619,5,0.17728428840637206,0.0031721370257936513,5
NSL-KDD,balanced,top10,CNN,DL,0.961007736202269,0.003035549236276915,5,0.9652023397298166,0.004448235104992992,5,0.9528823945321706,0.00504256587926997,5,0.9589925394049577,0.003221882430331739,5,0.9609130003677381,0.0030453430675115903,5,0.9606726651321867,0.003059854874298151,5,0.9219162975559442,0.006079736294034132,5,0.9934450526419993,0.0006647396288063525,5,0.9935938124800728,0.0006126460238910764,5,32.91851568222046,10.066429748172277,5,0.13189001083374025,0.0013688784956577956,5
NSL-KDD,balanced,top10,DT,ML,0.9922096668696574,0.00032746809956256574,5,0.9913921290463191,0.0006682737155090814,5,0.9923356115955692,0.0005553307178891563,5,0.9918634351586283,0.0003411342137993648,5,0.9921955337328429,0.0003279916825941969,5,0.9922148605508336,0.0003242305958612733,5,0.984391869083155,0.0006555530810543947,5,0.992556317540404,0.0002804954621362408,5,0.9878640250102395,0.000551877633866302,5,0.18602981567382812,0.013336640740227003,5,0.0021967411041259764,3.217034463870527e-05,5
NSL-KDD,balanced,top10,GNB,ML,0.8649525227236845,0.0046843040154847596,5,0.9141043477844008,0.010242663198984297,5,0.7923073297195381,0.002619023206883281,5,0.8488344670260405,0.00450692448586112,5,0.8633972156996741,0.004608796946031051,5,0.8619567960767917,0.004505746420093142,5,0.7340268328960644,0.010235774011276833,5,0.9370762251927356,0.0012629621269775529,5,0.9351677006310648,0.0034226620801336228,5,0.012279367446899414,0.0001584023326661711,5,0.001239442825317383,6.976801454459994e-05,5
NSL-KDD,balanced,top10,GRU,DL,0.9544173038320138,0.0036552251311334502,5,0.9578265565724472,0.0024147949160690605,5,0.9464341267970775,0.01031990331637205,5,0.9520626569496583,0.004173420585269514,5,0.9543056933950403,0.0036945213022043437,5,0.954088095316193,0.003926923832195459,5,0.9087331479844829,0.007207362681199778,5,0.9911168841711294,0.0010018101842599913,5,0.991479684411963,0.0009521003257791766,5,40.66738376617432,0.4543773423687407,5,0.3212547302246094,0.0037005003269247896,5
NSL-KDD,balanced,top10,KNN,ML,0.9722489117441414,0.0020641149637781447,5,0.9665251226914389,0.0035991133107798915,5,0.9758095687013906,0.0011156514035558977,5,0.9711428723142287,0.0021016763782345663,5,0.9722080264879629,0.002063986689355547,5,0.972395745340229,0.002007036851700851,5,0.9444615708362022,0.004101087896087976,5,0.9875970588169938,0.00024302527769575947,5,0.9798701955238798,0.000606027637839435,5,0.09049415588378906,0.002220765907187196,5,1.6867629528045653,0.7202696536729849,5
NSL-KDD,balanced,top10,LSTM,DL,0.9527482689401628,0.005199417442240219,5,0.9566958358022974,0.005156142754224755,5,0.9440584492104642,0.01518358960503055,5,0.9502537546670153,0.006002476914792275,5,0.9526255197748263,0.005265192913783698,5,0.952389920046803,0.00558431884895032,5,0.9054700392870062,0.010115342306036083,5,0.9907955758675107,0.001212998120197236,5,0.9911120318282333,0.0011905210712284137,5,37.28185954093933,0.4005936797835383,5,0.29242510795593263,0.0037337337114832585,5
NSL-KDD,balanced,top10,MLP,DL,0.9556172045921014,0.0030834354510821077,5,0.9587199710422531,0.0031615655975114165,5,0.9480933301909026,0.0087564395897808,5,0.9533503290997984,0.0034876882383342274,5,0.9555111179408545,0.0031127116665567688,5,0.955306936698254,0.00329628880227803,5,0.911124062002974,0.006111186855084376,5,0.9910444947837682,0.0010437293738517488,5,0.9913350189699482,0.0009623642697990363,5,16.184094285964967,0.07264576377217462,5,0.08057160377502441,0.002701423304449483,5
NSL-KDD,balanced,top10,RF,ML,0.9940997361120509,0.00015511873932872955,5,0.995020725753551,0.0006612534216104462,5,0.992637284939901,0.0009317055221109285,5,0.9938270725403602,0.00016636079751234677,5,0.9940881992850465,0.00015575111443075237,5,0.9940394278691376,0.00018326437696411776,5,0.9881799405295384,0.00030834962528636676,5,0.9995903963529648,9.813652867031862e-05,5,0.9995019273887351,0.00016351879511865557,5,0.4030303478240967,0.01908994945229798,5,0.03670063018798828,0.004284479861738824,5
NSL-KDD,balanced,top10,SVM,ML,0.9292193878701761,0.0013624875083573058,5,0.9375352332878337,0.0034970555947262494,5,0.9129295309922225,0.005972526168079689,5,0.9250501579808669,0.001735689612826303,5,0.9289985629530726,0.0013956204502097705,5,0.9285476303001939,0.0015163822087860314,5,0.8583237078137002,0.0025960188549185815,5,0.9802921539076974,0.002294865206014256,5,0.9799931028037998,0.0011834912372616763,5,3.244377613067627,0.11704646880886212,5,2.5338204383850096,0.05642636190105249,5
NSL-KDD,balanced,top10,SimpleRNN,DL,0.9588425017479757,0.0017030832496203096,5,0.9631735837101333,0.004669741110585412,5,0.9503653075654018,0.007026969654898566,5,0.9566997728185245,0.00195345259710338,5,0.9587405200804054,0.0017210291208694182,5,0.958492921060618,0.0018537914793356205,5,0.917607081124272,0.0033583622038295146,5,0.9924951614389099,0.000451083898323063,5,0.9927559189871108,0.00041047671227527826,5,26.355070447921754,0.06800403038320225,5,0.16690778732299805,0.0015073624223469605,5
NSL-KDD,balanced,top20,CNN,DL,0.9874641946906646,0.0024742941623182107,5,0.9893397510698788,0.001463960965137044,5,0.984407259014848,0.004165833830973384,5,0.9868649281796223,0.002614186116829726,5,0.9874380209731344,0.0024812648536228963,5,0.9873381334430696,0.0025400913056130878,5,0.9748917092889829,0.004947943201680663,5,0.9992132492226877,0.0002564549255849417,5,0.9991774945531351,0.0002722095302101713,5,33.64482073783874,9.888045471828793,5,0.14056782722473143,0.000541284173788334,5
NSL-KDD,balanced,top20,DT,ML,0.9938967453819609,0.0005109981505211226,5,0.9932467560193812,0.0009743541690001816,5,0.9940042422814047,0.0008295213467827403,5,0.9936249240069994,0.0005328132508590446,5,0.9938856271455083,0.0005118535710378801,5,0.9939011783156871,0.0005074384789496545,5,0.9877723134500768,0.0010234793664422029,5,0.9939617012286813,0.0005077861202257016,5,0.9902231196470804,0.0009173156608402096,5,0.33614439964294435,0.033121759748248096,5,0.0021888256072998048,5.764545129062834e-05,5
NSL-KDD,balanced,top20,GNB,ML,0.9039989173827727,0.00657603872109893,5,0.9160433699802393,0.009082668041955254,5,0.8801037002121141,0.010671417646263458,5,0.8976712832168099,0.007170625344082881,5,0.9036269310664025,0.006615581518473068,5,0.9030135316214969,0.006629173110764222,5,0.8079674476111605,0.013174845660324232,5,0.9492185587508516,0.0035139675540236223,5,0.9329236202160953,0.003648627005288149,5,0.014336538314819337,0.00021092428298461575,5,0.0016833305358886718,0.00011374947660450232,5
NSL-KDD,balanced,top20,GRU,DL,0.9857274962221169,0.0013222223916341401,5,0.9852548123079614,0.0014806140215061281,5,0.9849163327834081,0.0033779119950009045,5,0.9850816139455383,0.0014096961677793228,5,0.9857006411606332,0.001326957723200495,5,0.9856940456409038,0.0013937018847703293,5,0.9714085298904511,0.0026432985262534047,5,0.9988970465874452,0.00014352332588238678,5,0.9988318199673731,0.0002089217019504882,5,39.80773267745972,1.2171238849059032,5,0.3252391338348389,0.003095587178838345,5
NSL-KDD,balanced,top20,KNN,ML,0.9889527933779914,0.0015987802134866873,5,0.9881135802011662,0.0022334515971893574,5,0.9888098043836908,0.001445407094214754,5,0.9884609482116712,0.0016646012653383693,5,0.988932680336824,0.0016012658987179219,5,0.9889468968289876,0.0015836999271437455,5,0.9778667305234039,0.003202515978159674,5,0.9955822279359138,0.0004396522185539463,5,0.9932601964527995,0.0008007862611132015,5,0.002471637725830078,9.829503876661707e-05,5,0.8541359424591064,0.12893483418837728,5
NSL-KDD,balanced,top20,LSTM,DL,0.986092879536279,0.0009959298039899712,5,0.986164752525539,0.0015427797872938065,5,0.9847560688192317,0.003057081985665375,5,0.9854560534433798,0.0010673592898991404,5,0.9860661161980868,0.0009999620410588346,5,0.9860377524270885,0.0010669891198640618,5,0.9721401894242433,0.0019866055625344155,5,0.9989204099383848,0.00010930740072012161,5,0.9988802255735745,0.00012110369076085986,5,37.5521399974823,0.1633553082024862,5,0.286177396774292,0.0037361865601030437,5
NSL-KDD,balanced,top20,MLP,DL,0.9854072219590861,0.0010544089935274066,5,0.9853538397005377,0.0017042133133480456,5,0.9841338675465472,0.00194051136921927,5,0.9847417583613378,0.00110622232687347,5,0.9853793898087299,0.0010567088114076138,5,0.9853547116471599,0.0010649970314154306,5,0.9707626317641888,0.002111857040826163,5,0.9987784774540147,0.00010394851252829301,5,0.9987051993462774,0.0001729726286647937,5,16.3372633934021,0.10296445019377669,5,0.08119711875915528,0.001763780932264201,5
NSL-KDD,balanced,top20,RF,ML,0.9955838238942644,0.0001764450207782107,5,0.9964015726468908,0.0006373503341048004,5,0.9943624793777988,0.0008631250888158861,5,0.9953805467400183,0.0001866574742506592,5,0.9955752541992979,0.00017695428513717494,5,0.9955334583551047,0.00019689256605358418,5,0.991153220747111,0.00035246187420257186,5,0.9998034339080352,7.479697537946355e-05,5,0.999727778267815,0.00015335545236209192,5,0.3810389995574951,0.007252547895056758,5,0.03646411895751953,0.00439735937328561,5
NSL-KDD,balanced,top20,SVM,ML,0.9667952274623903,0.0030404052608202243,5,0.9726093527271493,0.00395539363766158,5,0.9575960405373557,0.007019345379742624,5,0.9650261777225932,0.0032962054878374765,5,0.966709569249038,0.0030562842975796127,5,0.9664158733955699,0.0031554906675287523,5,0.9335575233866191,0.006063344069924543,5,0.9932170173262268,0.0012177197746064516,5,0.9926091233376992,0.0009977512534080058,5,2.3763882637023928,0.09411469000091632,5,2.3594398021698,0.062271436025722646,5
NSL-KDD,balanced,top20,SimpleRNN,DL,0.9878972415815234,0.0013500348479317395,5,0.9880234434188377,0.0018677668674246042,5,0.9866698090973367,0.002257487068257081,5,0.9873443088579019,0.001416816139148288,5,0.9878740756880438,0.0013530204405155018,5,0.9878466249880768,0.0013650910712360797,5,0.9757524050937262,0.002704994130349967,5,0.9991061105075388,8.749246256553887e-05,5,0.9990531496992621,0.00011182450475388197,5,25.61921682357788,1.5530051790679469,5,0.16578779220581055,0.0020131680858421013,5
NSL-KDD,imbalanced,all,CNN,DL,0.991217267744773,0.0006292267993817169,5,0.9917295542550336,0.0011551948321869988,5,0.9899033702568938,0.0023212971793279387,5,0.9908132659997108,0.0006727642304447193,5,0.991200231615732,0.0006316283156488867,5,0.9911630855263363,0.0006937693279372606,5,0.9824063178333651,0.0012563157068021845,5,0.9995248487039298,0.00010123183831448317,5,0.9994827251417362,0.00013280145427947853,5,57.15914273262024,17.48436403247786,5,0.23038382530212403,0.001818505507721346,5
NSL-KDD,imbalanced,all,DT,ML,0.9952906150619121,0.0003171297833118687,5,0.995135656138695,0.0007475594995005937,5,0.9950223898185246,0.0006900301219011128,5,0.9950786917348895,0.0003310020679731092,5,0.9952818645696011,0.00031768667325400937,5,0.9952795540477452,0.00031598770442638305,5,0.9905643377458322,0.0006352352684021838,5,0.9952936374973007,0.00032999747507292295,5,0.9925784016917205,0.0006255397091323594,5,0.7133245944976807,0.016147093788778356,5,0.004106855392456055,0.00015135849095053008,5
NSL-KDD,imbalanced,all,GNB,ML,0.6821255384892979,0.001770106410938364,5,0.9916301612056293,0.0020755715100233213,5,0.33853405609238746,0.0034010189031435083,5,0.504743716759525,0.003882706474596051,5,0.6353476890203111,0.0024631382613765945,5,0.667956587772861,0.0018352585941636065,5,0.45389666867731293,0.0034044431003155025,5,0.6711545766226684,0.001467874092931932,5,0.6558651861370534,0.001868746505229248,5,0.046524763107299805,0.001664215931718634,5,0.008229732513427734,0.00016219859680033282,5
NSL-KDD,imbalanced,all,GRU,DL,0.9904774793062228,0.0007844631300657309,5,0.9897232374081337,0.0012569182318929511,5,0.9903841621494227,0.0013219235128333088,5,0.9900527886809609,0.0008198640104531857,5,0.9904600833916237,0.0007859230929326141,5,0.9904736311136352,0.0007886217053494077,5,0.9809218440071806,0.0015721754077030988,5,0.9993505137256451,6.438406689862348e-05,5,0.9993212943594181,6.824945795065105e-05,5,23.330670881271363,3.2402613862121883,5,0.34266886711120603,0.0026922147967708403,5
NSL-KDD,imbalanced,all,KNN,ML,0.9926517355707423,0.00027131134959414247,5,0.9929401950545863,0.0007652027636995411,5,0.991694555738864,0.000452608206803026,5,0.9923167300553504,0.00028122934011405663,5,0.9926377374081777,0.00027162929036722696,5,0.9926122635973101,0.0002582896414013451,5,0.9852766590408152,0.0005443671630280079,5,0.9970615684894579,0.0003020427578818227,5,0.9955789191716523,0.0003231364458937209,5,0.01979861259460449,0.0013775473170430997,5,1.8710336208343505,0.15719327612469128,5
NSL-KDD,imbalanced,all,LSTM,DL,0.9910007442993436,0.00033415730405820507,5,0.9906295712758133,0.0007130988792725727,5,0.9905632806976197,0.001117144047585446,5,0.9905958167968093,0.0003542299895706093,5,0.9909840238951044,0.0003351732265064771,5,0.9909827042706159,0.0003571361279609044,5,0.9819691687148031,0.0006700363567606954,5,0.9994505226485881,6.07269364256315e-05,5,0.9994355492392792,6.338613331409741e-05,5,21.375658369064332,2.476809091654927,5,0.2964632987976074,0.0021236377768679036,5
NSL-KDD,imbalanced,all,MLP,DL,0.9895256783273563,0.002304074777733662,5,0.9894592237548124,0.0011012991446134415,5,0.9886401131275042,0.003946957345981727,5,0.9890474592423306,0.0024287552527038365,5,0.9895056505231494,0.002310057583394499,5,0.9894891595825221,0.0023702018024626694,5,0.9790153480951845,0.004613890811433534,5,0.9990893927818101,0.00018174992804631412,5,0.9989983730862008,0.00019023120921058716,5,9.967095518112183,3.7364603093605666,5,0.09577455520629882,0.0015459177653189503,5
NSL-KDD,imbalanced,all,RF,ML,0.996504048537339,0.00019727153037577997,5,0.9973927048161478,0.0002923683030093158,5,0.9952957812868254,0.0004587033938516184,5,0.9963430551443885,0.0002069057388144827,5,0.9964972595721798,0.0001976989536700008,5,0.9964542222756243,0.00020420548270644274,5,0.9929966985744938,0.0003947185682772008,5,0.9998681416547459,1.6294779546515162e-05,5,0.9998292967735178,3.311918417352162e-05,5,0.4360220432281494,0.038249243274265904,5,0.04312009811401367,0.008504006381396444,5
NSL-KDD,imbalanced,all,SVM,ML,0.9736021832780747,0.0022649954870913773,5,0.9744810517302854,0.0007456377284624418,5,0.9702380391232619,0.004321747667923534,5,0.9723517936537407,0.002428643566863907,5,0.9735480071852306,0.0022743566303290953,5,0.9734634534341333,0.0023485574463863587,5,0.947110171294191,0.004529282200985957,5,0.9957574446077793,0.0002396741884497858,5,0.9954421719680238,0.0003439313974197424,5,9.53762764930725,0.4077508503849171,5,4.367056655883789,0.06811288837338342,5
NSL-KDD,imbalanced,all,SimpleRNN,DL,0.991501454766899,0.0009642422391430803,5,0.9908626428811372,0.0013814565690230065,5,0.9913834551025218,0.002009639079792064,5,0.991121404569016,0.0010124356000472997,5,0.9914858419911626,0.0009664184150702056,5,0.9914965887224397,0.0009887264833406723,5,0.9829747063634497,0.0019304239969199634,5,0.9993510492653067,5.446250688769551e-05,5,0.9993392240550681,4.9599456305252823e-05,5,14.682753896713256,4.77274691392964,5,0.17737436294555664,0.0038426740178426717,5
NSL-KDD,imbalanced,top10,CNN,DL,0.9614137176624489,0.0029025930624545417,5,0.9669098815741555,0.0015607759626709498,5,0.9519396653311336,0.006231522025771968,5,0.9593572025043162,0.003190077587206691,5,0.961314351447216,0.002922558042063131,5,0.9610230287558703,0.0030316954186653563,5,0.9227508746518863,0.005742662196237212,5,0.9935134113136433,0.0004967057196725389,5,0.9936705215473234,0.0005011640538679088,5,31.97850341796875,7.832371701517734,5,0.13197660446166992,0.0015481232607261642,5
NSL-KDD,imbalanced,top10,DT,ML,0.9926291810451767,0.0004070451415627577,5,0.992048053397262,0.0008186368920682146,5,0.9925524393118076,0.0005405300467206693,5,0.992299938770387,0.00042340637118284095,5,0.992615678915643,0.00040764618079477467,5,0.9926260163862904,0.0003988525572833221,5,0.9852319241327896,0.0008151120775380334,5,0.9929220254864284,0.0003474662633523855,5,0.9885703590625476,0.0007304372059732279,5,0.17321157455444336,0.016591103184178266,5,0.0021779537200927734,5.573286086529197e-05,5
NSL-KDD,imbalanced,top10,GNB,ML,0.8659990527099263,0.0032479848130636314,5,0.9169157608189469,0.007225041638032046,5,0.7917416921989158,0.0027980561607655777,5,0.8497291239241729,0.003197979090927278,5,0.8644082787990394,0.0032042383761344876,5,0.8629368438505175,0.0031360947485363387,5,0.7364088583688789,0.00709610044979386,5,0.9371980473167945,0.0012181303553636998,5,0.9355323332451023,0.0032731304883525073,5,0.008953142166137695,0.00011171384864722109,5,0.0012348175048828125,4.207780599854026e-05,5
NSL-KDD,imbalanced,top10,GRU,DL,0.9539165933644587,0.0032959486240813217,5,0.9597663287653774,0.004014709849825588,5,0.9432854112656139,0.011249350982415855,5,0.9514054414297568,0.003881555455371647,5,0.9537912001633064,0.003344832891413186,5,0.953478186992551,0.0036200265664370532,5,0.9077972802135573,0.006361098243709344,5,0.9909381174849254,0.0009198928340516718,5,0.9913108899326257,0.0008626289059063621,5,39.75156722068787,0.1922071584177015,5,0.3215483665466309,0.0033597695117651865,5
NSL-KDD,imbalanced,top10,KNN,ML,0.972474456999797,0.002028189924416614,5,0.9677103829522427,0.0035476244823540786,5,0.9750176761725194,0.0011565254910568257,5,0.9713480169639557,0.00206769137780642,5,0.9724317899397912,0.002028178891696156,5,0.9725793337181254,0.0019727574935819417,5,0.9448933164883137,0.004035139009409857,5,0.987826150534185,0.000255494014137926,5,0.9804060641656811,0.00045914385064714015,5,0.08823332786560059,0.0008191659151951495,5,1.2600481033325195,0.2839911738644432,5
NSL-KDD,imbalanced,top10,LSTM,DL,0.9523964183413401,0.00447863823307689,5,0.9581911029555596,0.0035519840886600582,5,0.9416356351637992,0.011874384400268464,5,0.9497962999970309,0.005110040150579249,5,0.9522664152281684,0.004529305922563383,5,0.9519526675083766,0.004764463383962675,5,0.9047418031963623,0.008747057618945705,5,0.9906381488161363,0.0010085687420132773,5,0.9909576273145391,0.0009715099470275034,5,36.43729491233826,0.1983395510879757,5,0.2928452014923096,0.0017352206345042829,5
NSL-KDD,imbalanced,top10,MLP,DL,0.9542729548683944,0.0040784295302802465,5,0.9612436355311029,0.004169308793426867,5,0.9424746641527222,0.010931828223780792,5,0.9517252182535462,0.004629301195278869,5,0.9541435285477476,0.0041223248125813695,5,0.9537864195255438,0.004328947828962515,5,0.9085262247498873,0.007956552175701298,5,0.9909779043919205,0.0010315110311269221,5,0.9912461062713321,0.000965348918947049,5,16.011723375320436,0.2609186933832383,5,0.08070292472839355,0.0012566302900444606,5
NSL-KDD,imbalanced,top10,RF,ML,0.9942079978347655,0.00019031529521375718,5,0.9952932029168547,0.0006489166513072389,5,0.9925901484798493,0.0009087684570196498,5,0.9939393683695616,0.00020216429933783277,5,0.9941965942564094,0.00019093302435749113,5,0.994141281315437,0.0002126788546682401,5,0.9883974162509752,0.00037949119074001295,5,0.9995180130813971,5.2145589634470125e-05,5,0.9993263338066637,7.934193297274722e-05,5,0.38532242774963377,0.038868677129926726,5,0.03868656158447266,0.009036421281858017,5
NSL-KDD,imbalanced,top10,SVM,ML,0.9288946027020322,0.0014002528124974008,5,0.9379186421166997,0.003646908623618373,5,0.9117794013669573,0.006283274212358105,5,0.92464369097198,0.001804684102338778,5,0.9286663618404674,0.0014370351280882133,5,0.9281888097570882,0.001567253490936643,5,0.8577001597220761,0.0026480718287557855,5,0.9802362127434261,0.002272710152962792,5,0.97976868627045,0.0014692420260214902,5,3.2017894744873048,0.10309382316709567,5,2.4278342723846436,0.08385333864707192,5
NSL-KDD,imbalanced,top10,SimpleRNN,DL,0.9585853801565284,0.0015247593287668144,5,0.9655413152034054,0.003046020456035227,5,0.9472731557860005,0.005151435009485677,5,0.9563072417025438,0.0017318266785052233,5,0.9584720285212791,0.0015406514161813807,5,0.9581188891117529,0.0016367806464767719,5,0.9171242014115958,0.002967578061110893,5,0.9923603811713224,0.0004819367341123134,5,0.9926396424854523,0.00043786194235246267,5,25.726965379714965,0.13557621103085507,5,0.16738629341125488,0.0008665695768219462,5
NSL-KDD,imbalanced,top20,CNN,DL,0.9875499018878138,0.0021339966479490824,5,0.9891131033363004,0.0023182567339528446,5,0.9848220598633043,0.0028580791324168513,5,0.986961485849385,0.002237966548414507,5,0.9875244801549092,0.002138596386183085,5,0.9874374117325344,0.002151604918864002,5,0.9750601032846001,0.004276351081814724,5,0.9992557113816734,0.00018109186931868708,5,0.9992214457290519,0.00019973194829854386,5,34.06792478561401,9.361384330622418,5,0.14246726036071777,0.0013509805178305555,5
NSL-KDD,imbalanced,top20,DT,ML,0.994108757922277,0.0003828958721232458,5,0.9938447671973153,0.0008635894584554726,5,0.9938439783172284,0.0005977230255629101,5,0.9938440565543603,0.00039844281247216706,5,0.9940978435938538,0.0003834732620847366,5,0.9940978389985935,0.0003740340479592815,5,0.9881962686443753,0.0007668733271064363,5,0.9941585319306503,0.0003509192036227707,5,0.9907351515261075,0.0007258842132883165,5,0.33240976333618166,0.021271872514848442,5,0.002236032485961914,0.0001004442222320067,5
NSL-KDD,imbalanced,top20,GNB,ML,0.9041748426821842,0.006548635711244479,5,0.9170381711981268,0.008916188245338501,5,0.8793589441432947,0.010813097771577938,5,0.8977605254135046,0.007174036683019795,5,0.9037926952733946,0.006591883878461898,5,0.9031514900631705,0.006612116587297029,5,0.8083613631436336,0.013109261441119685,5,0.9493707029796943,0.0036208695236828424,5,0.9332879008122339,0.003541741710431121,5,0.01109004020690918,0.0001739948505829075,5,0.001792144775390625,0.00010589548464343759,5
NSL-KDD,imbalanced,top20,GRU,DL,0.9854478201051041,0.0012924550048434992,5,0.9865404076192205,0.0011629088567229288,5,0.9830025925053029,0.003543489458678714,5,0.9847641982282003,0.001387696948417556,5,0.9854184092424513,0.001297950893728488,5,0.9853469843419169,0.0013800856734908075,5,0.9708501391977602,0.002574647882727485,5,0.9988674267796294,0.00014541343038902813,5,0.9988254735707324,0.00016661883232156315,5,39.00993428230286,0.8762132936699888,5,0.32387652397155764,0.004533117690274145,5
NSL-KDD,imbalanced,top20,KNN,ML,0.98897985880867,0.0014796525153442177,5,0.988564730077875,0.002013612589806045,5,0.9884044308272448,0.001405425549457989,5,0.9884840600547523,0.0015421863319845688,5,0.9889593896142287,0.0014820768721517969,5,0.9889561294349007,0.001468512358051376,5,0.9779197352571224,0.0029647962367189903,5,0.9957001907903364,0.0003855663147048192,5,0.9935443791488833,0.0006678965954402934,5,0.003229045867919922,6.930492233547499e-05,5,0.8329675674438477,0.14262674247868473,5
NSL-KDD,imbalanced,top20,LSTM,DL,0.9855425491124794,0.001050663301427885,5,0.9869479013122456,0.001146176300583357,5,0.9827857647890644,0.002967613596803843,5,0.9848593270562548,0.0011280367073994838,5,0.9855130089297941,0.0010551454082755715,5,0.9854288654409814,0.00112296740285604,5,0.9710397041051294,0.0020892149634257184,5,0.9989010683333319,0.00010877931616018561,5,0.9988637328536616,0.0001296760954722181,5,36.25788507461548,1.3988018862441458,5,0.2854586124420166,0.0016698464313064105,5
NSL-KDD,imbalanced,top20,MLP,DL,0.9851230349369601,0.0009190242689809021,5,0.9860979214051495,0.0015250804249002164,5,0.9827669102050436,0.002017969054174776,5,0.9844277588700212,0.0009699202019194629,5,0.9850932953242945,0.0009214935988473358,5,0.9850258735784323,0.0009403262755292639,5,0.9701951209761276,0.0018400073165024463,5,0.9987770006937146,0.00011940911900125715,5,0.9987384765968284,0.0001377818476950818,5,15.86274700164795,0.7941451235800882,5,0.08242259025573731,0.005142136956143114,5
NSL-KDD,imbalanced,top20,RF,ML,0.9957507273834494,0.00022418789976387684,5,0.9965903675436782,0.0007016677279678039,5,0.9945227433419751,0.0006833973961608293,5,0.9955551406127567,0.0002344179223315611,5,0.9957424825115286,0.00022461444250121006,5,0.9957000880450035,0.00022490026007308285,5,0.9914875597984597,0.0004492835926602825,5,0.9998009245979114,5.810662070727966e-05,5,0.9997434291047282,9.984170856115868e-05,5,0.4066202163696289,0.03421150198768787,5,0.03734993934631348,0.004787027657357815,5
NSL-KDD,imbalanced,top20,SVM,ML,0.9666057694476397,0.0029964686743794216,5,0.9730945546710975,0.0037997386541214783,5,0.9566815932123498,0.006799179069233245,5,0.9648016252534571,0.003249235448846056,5,0.9665173579493034,0.0030123119515122095,5,0.9661965184295467,0.003107322993946355,5,0.9331908911611851,0.00596972512975196,5,0.9931455214563139,0.0012820632640598143,5,0.9925289466105616,0.0010378312246849316,5,2.4002392292022705,0.13593662082297212,5,2.2931506633758545,0.07131395692965316,5
NSL-KDD,imbalanced,top20,SimpleRNN,DL,0.987725827187225,0.0014292701591854088,5,0.9885802773968093,0.0012597273379965992,5,0.9857365071883102,0.002736879421674695,5,0.9871544986021832,0.0015109682168990392,5,0.9877014773118301,0.0014333572028103205,5,0.9876437920423863,0.0014732600989798895,5,0.9754100746829083,0.0028580020196377312,5,0.9991313931983772,9.493244305373891e-05,5,0.999083089189658,0.00010136552677113835,5,25.741519117355345,0.24023263263363437,5,0.16582388877868653,0.0009626645984810877,5
UNSW-NB15,balanced,all,CNN,DL,0.9046805188044941,0.0017569149540712227,5,0.8877370930395786,0.005918974150817531,5,0.8989737073599844,0.006654134238794059,5,0.8932880215574214,0.0019597780945476333,5,0.9035792949102694,0.001757826128066598,5,0.9041039181005195,0.0017677321011227304,5,0.8072707542969326,0.0034863382308249146,5,0.9749923806170123,0.0009642310061234863,5,0.969623592145577,0.0013473987929479214,5,119.56777892112731,51.338150215176874,5,0.31362247467041016,0.005208625977163187,5
UNSW-NB15,balanced,all,DT,ML,0.891866568342515,0.001730014032437995,5,0.8749038428345404,0.0027524222916953766,5,0.882543250904115,0.0017599017396619382,5,0.8787051751189117,0.001848950064935537,5,0.8905781084951153,0.001733319582706885,5,0.8909245657109874,0.0016733591508678988,5,0.7811865194228237,0.0034580934308328726,5,0.8909245657109874,0.0016733591508678839,5,0.8242693622622486,0.002756905874147725,5,2.0535369396209715,0.07191972088012824,5,0.0062906742095947266,0.0003658262156077433,5
UNSW-NB15,balanced,all,GNB,ML,0.586878063592591,0.004780197379058691,5,0.9973191909099144,0.0012559675917421308,5,0.069318737171342,0.010800983691363033,5,0.1294746053512282,0.018905665450848527,5,0.4293214652384384,0.010592659631864837,5,0.5345852771802739,0.005388496029824913,5,0.19830301524665017,0.016104142608893854,5,0.5363457123598822,0.005163275905668019,5,0.4841272119951349,0.005741056146041038,5,0.07298831939697266,0.000791792954266615,5,0.022907590866088866,0.001594204692341032,5
UNSW-NB15,balanced,all,GRU,DL,0.8994837982041384,0.0034814161677217746,5,0.8774632373093946,0.012869378747667913,5,0.899403772847229,0.008630042929965399,5,0.8881940370184331,0.0025386426897701366,5,0.8984401446233512,0.003295019459733314,5,0.8994757126597712,0.0023107264024251773,5,0.7972868914788952,0.00611042880237131,5,0.9726467821219396,0.0010917834686400005,5,0.9666427343722657,0.0012950940681775466,5,32.45893330574036,5.589763255380743,5,0.347699499130249,0.0031921173997198327,5
UNSW-NB15,balanced,all,KNN,ML,0.8692014054569904,0.0011996473179958671,5,0.8426243666142929,0.0015581167102410836,5,0.8672563776756915,0.001968661452979532,5,0.8547617481783831,0.0013566914400186497,5,0.8678954992915171,0.0012138585223864583,5,0.8690048851410745,0.0012295539507305318,5,0.7360907278082844,0.0024312071223161185,5,0.9301317119005809,0.0011200491691931913,5,0.8807101999214018,0.0016799923522540436,5,0.0058308601379394535,0.00013539820284979104,5,3.1871213912963867,0.06128523669260453,5
UNSW-NB15,balanced,all,LSTM,DL,0.9002255671713009,0.0027678705144141354,5,0.8788905700677854,0.010138711634622058,5,0.8992864822597987,0.007014778933221767,5,0.8889056505110243,0.0020360579878180435,5,0.8991734572374327,0.0026246776630263462,5,0.9001306845864583,0.0018539172532499606,5,0.7986572089727668,0.0047905864861006306,5,0.972797212956588,0.0006310233532842553,5,0.9668298056264011,0.0008252849157371879,5,28.56049780845642,5.368046845649511,5,0.2989454746246338,0.0018166489257242127,5
UNSW-NB15,balanced,all,MLP,DL,0.8999956621697827,0.0026663280696782843,5,0.8745144768612084,0.010103336366584767,5,0.9046720750659759,0.008226368571469958,5,0.8892640005577072,0.0020638719295683634,5,0.8990414551766637,0.0025404258334949595,5,0.9004681542074537,0.0018819413922173257,5,0.7986438706730681,0.0045396720850464515,5,0.9730973784550523,0.0006441874819047416,5,0.9672401733324275,0.0007444958599219201,5,19.016831398010254,1.2655518928377496,5,0.09853782653808593,0.0016007756540680083,5
UNSW-NB15,balanced,all,RF,ML,0.9118205873422115,0.0014829416799418227,5,0.8951903821982297,0.002584907035385379,5,0.9075750171048773,0.0006623789125434726,5,0.9013390565050171,0.001544060964668604,5,0.9108139176363214,0.0014798198235021647,5,0.9113916264747596,0.0013838775376212211,5,0.8216998726344761,0.0029352895730266784,5,0.978196736611844,0.0004846732810511079,5,0.9729482442661274,0.0005586992719817218,5,1.120340633392334,0.05581049839417973,5,0.07035813331604004,0.009349919001826365,5
UNSW-NB15,balanced,all,SVM,ML,0.8470394308766755,0.0013263762679254598,5,0.7567229848388832,0.0028992882420638354,5,0.9658977617046232,0.0053104897495262265,5,0.8485973977208842,0.0012619577218671864,5,0.8470201001804734,0.0013318385328857517,5,0.8590485532903088,0.0012633243737945642,5,0.7199731806358131,0.002781259367915245,5,0.9494381821340238,0.0006902678743694111,5,0.9344911333739532,0.0008258727416599901,5,34.31563220024109,1.25702944948342,5,14.804913902282715,0.8376534007874636,5
UNSW-NB15,balanced,all,SimpleRNN,DL,0.9018522535027979,0.0017274833585073834,5,0.8787693266471803,0.00946201491583621,5,0.9037044277196754,0.00952463334927067,5,0.8909829045809851,0.001344793114190198,5,0.9008606967488296,0.001613531140622059,5,0.9020393921471564,0.0012220700574771676,5,0.802150794656814,0.0028801037886630686,5,0.9740581222184325,0.00047718173684019484,5,0.968486471201718,0.0005674003883100831,5,24.134562253952026,6.412779966272561,5,0.1824415683746338,0.0038423545516196402,5
UNSW-NB15,balanced,top10,CNN,DL,0.8919836897583828,0.002162365941812609,5,0.8577393793866337,0.008146535584167173,5,0.907213371126967,0.006673506319150344,5,0.8817333955193571,0.0014333874031785074,5,0.8911614665050784,0.002040355886449857,5,0.8935224553341902,0.0013772219166249293,5,0.7836019483526142,0.0033307753259183897,5,0.9680063127924937,0.0007875711657029477,5,0.9593299521674472,0.0011607046758819067,5,22.728309059143065,8.058568483991342,5,0.13296656608581542,0.001222413609027001,5
UNSW-NB15,balanced,top10,DT,ML,0.883212597058951,0.002130654154987878,5,0.8653028035315691,0.002695385317303218,5,0.872700615775584,0.002478828569505773,5,0.8689849360476012,0.0023647244914031026,5,0.8818187957047222,0.002150806963368832,5,0.8821504950660793,0.0021377771882656695,5,0.7636652688108851,0.004299664965249261,5,0.8874620202887469,0.0021855202431814587,5,0.8193412228384807,0.0032645352024133333,5,0.5387703895568847,0.006947951201426151,5,0.004346704483032227,0.00010588504360330988,5
UNSW-NB15,balanced,top10,GNB,ML,0.8186656834251508,0.0015930530135581193,5,0.727103498542861,0.0014696829909253827,5,0.946740299090998,0.0019795501502574793,5,0.8225114217362929,0.0015498032494070002,5,0.8185803746703073,0.0015946108452950878,5,0.8316059941875205,0.0016046370746069934,5,0.667150015338638,0.0032246322979388713,5,0.8377216649476031,0.001092640220510451,5,0.7267064333341994,0.001245302045763085,5,0.013488245010375977,0.00016561756507798084,5,0.0012481212615966797,2.379532086929085e-05,5
UNSW-NB15,balanced,top10,GRU,DL,0.8863401726456427,0.004136565221229578,5,0.8484349595679472,0.015922719803098236,5,0.9063727885837162,0.014172840149303631,5,0.8762404988205941,0.0022976599599816806,5,0.8855557488503463,0.003882115028435965,5,0.8883642136648108,0.002356088106915552,5,0.7731716543032964,0.005491161374899701,5,0.96484626493619,0.0007393589889373909,5,0.9543710120890093,0.0011190909407787443,5,40.85109615325928,4.122512658583184,5,0.32096161842346194,0.0038131020518618985,5
UNSW-NB15,balanced,top10,KNN,ML,0.8735652626556197,0.0020898597258114985,5,0.8444106014186066,0.0021290329180514212,5,0.8766396246701202,0.0033152102062281325,5,0.8602216376062009,0.002399754746224819,5,0.8724022679801712,0.002122187927511073,5,0.8738758878303028,0.002181457466954383,5,0.7453169346728975,0.004277084122519082,5,0.9283684409635166,0.0008128107694356507,5,0.875218244762238,0.001083719038054716,5,0.10218892097473145,0.00044129780316782863,5,0.5731505393981934,0.23131308253266716,5
UNSW-NB15,balanced,top10,LSTM,DL,0.8851559449963128,0.0036303583313598265,5,0.847282601920827,0.009024998560512127,5,0.9043788485974,0.005507881078168151,5,0.8748553173534152,0.0031069111077016262,5,0.8843679732261126,0.0035317783719326606,5,0.8870981748836322,0.00297231013237473,5,0.7704261724993157,0.006370393944031661,5,0.9641502092110554,0.0009757332936530329,5,0.9533096281780715,0.0011523945571101347,5,38.39639248847961,3.365821948091326,5,0.2918589115142822,0.0013125006011200778,5
UNSW-NB15,balanced,top10,MLP,DL,0.8887650197371275,0.0018019364475074901,5,0.8500145363846927,0.00996966787953911,5,0.9102042811064412,0.011310915145021985,5,0.8789792207792871,0.0012485346520921645,5,0.8880230527798971,0.0016576588699818988,5,0.8909311843841362,0.0011681862739562048,5,0.7780180068278112,0.002571078847166772,5,0.9656081908475744,0.0006147052378798772,5,0.9555825056271783,0.0012271355355775945,5,16.432038640975954,0.8133018124658015,5,0.07976183891296387,0.0009583065009745624,5
UNSW-NB15,balanced,top10,RF,ML,0.9041252765366764,0.0012803581877845276,5,0.8831554619561464,0.001699223403887363,5,0.9035089434072916,0.0011650397617523887,5,0.8932160749054672,0.0013897151986330912,5,0.9031140672672147,0.0012876646643843596,5,0.9040630039139094,0.0012620324498257929,5,0.8064212392000136,0.0025639277797428117,5,0.9740583030742005,0.0006474571918634682,5,0.9666340943332117,0.0008377450692480833,5,0.9449213981628418,0.040427177461305135,5,0.06294026374816894,0.01478320787135468,5
UNSW-NB15,balanced,top10,SVM,ML,0.8605040558712531,0.0010864727729687908,5,0.7902905401366125,0.0027410194513253655,5,0.9333887205551754,0.0052268069262376106,5,0.8558869099727179,0.0012997445953621836,5,0.8603585535489999,0.0010892665833369538,5,0.8678681241209819,0.0012046717727371337,5,0.7319550631170736,0.0025172401987441266,5,0.9481317854549458,0.0009658798855575327,5,0.9267264106775646,0.001437848807318432,5,5.584076452255249,0.0771916576745486,5,4.636998510360717,0.1574993636758904,5
UNSW-NB15,balanced,top10,SimpleRNN,DL,0.8892074784192946,0.0029239517754459537,5,0.8498550738749229,0.012920048685393022,5,0.9118268008992277,0.012672054746736907,5,0.8796035878862536,0.0017456026681923302,5,0.8884833263078858,0.0027269850216436855,5,0.8914928732307713,0.0016999706909741087,5,0.7791390371911,0.0040123564381307,5,0.966064726453612,0.0007007197225777678,5,0.956005033879262,0.0009080925109400896,5,27.17491421699524,1.7250732521062677,5,0.16843161582946778,0.003452703335771252,5
UNSW-NB15,balanced,top20,CNN,DL,0.9014141326508479,0.0016775545380064538,5,0.8766421046791273,0.006445452304683522,5,0.9053367217280813,0.0058975263347410805,5,0.8907259909010943,0.001491446256675082,5,0.900459376321378,0.0016170672988856478,5,0.9018104603804968,0.0013569570765065329,5,0.8013626758751101,0.003080397962402341,5,0.9733638386511332,0.0003575573458074758,5,0.9669912705837161,0.0005388542157004289,5,32.07731022834778,2.8897808735234474,5,0.14137954711914064,0.0010170965841844097,5
UNSW-NB15,balanced,top20,DT,ML,0.8891337353056002,0.002135230556186767,5,0.8729496245928638,0.00377516897078232,5,0.8779884664255693,0.0018582580800659027,5,0.8754581341085969,0.0022112567943519366,5,0.8877803322906301,0.002126448635518501,5,0.888007647656709,0.002009597649744078,5,0.7755786588287217,0.00424088401202241,5,0.889833751394114,0.002817580138254328,5,0.8229637516264677,0.004751426099210516,5,1.2227159023284913,0.05353828924391422,5,0.004348659515380859,0.00012462515658362284,5
UNSW-NB15,balanced,top20,GNB,ML,0.807721337786839,0.0022500024689419257,5,0.7109392971225982,0.0026310868905008154,5,0.9550972534454111,0.0031941278247703156,5,0.8151231254209044,0.001956317177852658,5,0.8074110058093392,0.0022754855997291004,5,0.8226117993946757,0.002127453121313267,5,0.6533592641465092,0.004098323936211595,5,0.8353718598883952,0.0036194951050174365,5,0.7261998144624443,0.004723731141013493,5,0.01574540138244629,0.00019617850868524476,5,0.0017809867858886719,8.201755061995848e-05,5
UNSW-NB15,balanced,top20,GRU,DL,0.8965167223354878,0.0023991475822437982,5,0.8682045060289099,0.0111089291339874,5,0.9043690743817809,0.01036581948628113,5,0.8858151901309173,0.0015544975774330612,5,0.8955907875189248,0.0022333223430354584,5,0.8973101026253,0.0014404551640367648,5,0.7919922711696887,0.0037387101519706146,5,0.9700421291790888,0.0007571236963793647,5,0.9622559789259343,0.001102431095381439,5,43.29811768531799,1.2288239467907596,5,0.3264161109924316,0.003165272481533161,5
UNSW-NB15,balanced,top20,KNN,ML,0.8778727280614238,0.0017634627017057158,5,0.8536520567094265,0.003082950226144432,5,0.8748020721337113,0.002269060525554596,5,0.8640939148799583,0.0018313781491563256,5,0.8766039941519143,0.0017568078840525393,5,0.8775624773396679,0.001684980060964549,5,0.7534306168680457,0.0034787224308415986,5,0.9333868104209696,0.0014470339833269122,5,0.8864880069302755,0.0028507248195582457,5,0.0026335716247558594,4.198841575574614e-05,5,0.9363454818725586,0.053481373407229,5
UNSW-NB15,balanced,top20,LSTM,DL,0.8967769921485272,0.0017405053876120003,5,0.8695733389994784,0.0075156743485851624,5,0.9029615873326164,0.006960106320483478,5,0.8859070629338548,0.001331929051812321,5,0.8958276323487503,0.001642928792512862,5,0.8974018668218223,0.0012230867704362879,5,0.7922672181916115,0.002979447643510618,5,0.970039932610511,0.0004946086743803686,5,0.9623250652947627,0.0006740545126774155,5,40.552310132980345,0.08856126476867479,5,0.2864067554473877,0.002755239047858502,5
UNSW-NB15,balanced,top20,MLP,DL,0.8949247386457294,0.001893091429819104,5,0.8597611800078326,0.010092158606926475,5,0.9122666406020917,0.009944417818170237,5,0.8851456702230113,0.0008902291393329014,5,0.8941493622250631,0.0017226262316556765,5,0.8966769172438005,0.0008457836667293528,5,0.7898014489706554,0.0025055750370430794,5,0.9698981258707662,0.0005673026264716982,5,0.9617911890766078,0.0008036868531424757,5,15.707887887954712,2.5762052834589166,5,0.0807736873626709,0.0012328645773105953,5
UNSW-NB15,balanced,top20,RF,ML,0.9071921225003253,0.0006892920046011689,5,0.8888488755538593,0.0015237276017446653,5,0.9039194604632979,0.0010045354701932626,5,0.8963197656124164,0.000703747139121676,5,0.9061601373023007,0.000684453885354611,5,0.9068614616308066,0.0006334768364648404,5,0.8124268708880148,0.0013531308521470661,5,0.9758814020140372,0.00028023700841098943,5,0.9694637850980017,0.0005931919716022257,5,1.3024417400360107,0.06429925729755569,5,0.05739998817443848,0.004478965468085932,5
UNSW-NB15,balanced,top20,SVM,ML,0.8659393571335618,0.000973961224973666,5,0.7996254929692844,0.0021342477572972103,5,0.9313165868439057,0.003913441408435871,5,0.860454391228758,0.0011293539490959158,5,0.8657308219746357,0.0009768270158832888,5,0.8725448945762191,0.001061646512703247,5,0.7408052896335721,0.002171863450473665,5,0.9512455891203023,0.0012167151723226357,5,0.9323542016044195,0.0020657029881533577,5,6.524745941162109,0.7144800478789692,5,6.300927972793579,0.030484238704934188,5
UNSW-NB15,balanced,top20,SimpleRNN,DL,0.8978571118726413,0.0032271897142676486,5,0.8653258293869902,0.011299920732287076,5,0.9120418336428502,0.008800146517434654,5,0.8879796967990213,0.0023454786180446127,5,0.8970484780119519,0.0030803479916556515,5,0.899290297573258,0.002189820362917819,5,0.7953142214553423,0.005067666350766913,5,0.9720638977034953,0.0006922055567641338,5,0.9650756697052684,0.000941811875542281,5,28.15431628227234,0.29325343600768494,5,0.16651592254638672,0.0008151198688864091,5
UNSW-NB15,imbalanced,all,CNN,DL,0.9046891944649286,0.0015034978355413587,5,0.9006325719476962,0.008022841715393268,5,0.882797380510214,0.012367154384279901,5,0.8915337386617924,0.0026894242388969636,5,0.9032602044883807,0.0016924396984660474,5,0.9024773051357808,0.002435091810121502,5,0.8068081029171938,0.003191772423028164,5,0.9750192044431868,0.0009249100546213899,5,0.9696176961289487,0.0012297898845992285,5,99.94914379119874,32.30064295624468,5,0.3109860420227051,0.007207301649837169,5
UNSW-NB15,imbalanced,all,DT,ML,0.8920314058907735,0.0020530359720989555,5,0.8782734930241588,0.0025321177707737404,5,0.8784771772065291,0.0027356019776185072,5,0.8783739087438359,0.002320958385197176,5,0.8906525085889534,0.002079753637133919,5,0.890661923496417,0.0020869679054835244,5,0.7813073492308669,0.004161360147731595,5,0.890661923496417,0.0020869679054835214,5,0.8254785310381454,0.0030484187279747393,5,1.6245965957641602,0.057895303138622324,5,0.006369161605834961,0.0003389522991123743,5
UNSW-NB15,imbalanced,all,GNB,ML,0.5863184834945561,0.0044210077273528344,5,0.9972748638601017,0.0012568526070847112,5,0.06805786335646564,0.009992886730595332,5,0.12728868199024174,0.017509762427343242,5,0.4280943884053731,0.009808419419754836,5,0.5339548402728358,0.00498394826663215,5,0.19647681023051894,0.014949211267655433,5,0.5360071635121075,0.005094249582526675,5,0.4837458373985421,0.005659255738561666,5,0.07105479240417481,0.0007670701529881016,5,0.02365255355834961,0.0005033132250436012,5
UNSW-NB15,imbalanced,all,GRU,DL,0.9011972411399818,0.0021632468334514023,5,0.9003784704540893,0.005390512851595351,5,0.8741471996872251,0.007432694926559955,5,0.8870371944067467,0.0027419488760937597,5,0.8996178712573988,0.0022361497871262294,5,0.8984641785364842,0.00242516427918672,5,0.7995943215167826,0.004407488467587591,5,0.9729454479849589,0.0010411546789953422,5,0.9670330630485561,0.0012005422545489192,5,36.84550428390503,6.550839435727181,5,0.3472935676574707,0.0022057321060914297,5
UNSW-NB15,imbalanced,all,KNN,ML,0.8693575673448141,0.0013647457766731669,5,0.856808909758508,0.0012633572167444621,5,0.8472192356563386,0.002885753363625348,5,0.8519851182258881,0.0017126491772016324,5,0.8675325572934245,0.0014136248241726713,5,0.8671207705344554,0.001491485787733146,5,0.7351121871863995,0.0028069418654686437,5,0.9333004351164895,0.0010466812231209165,5,0.8907823850643499,0.0011438477046126453,5,0.02295265197753906,0.001467387472692993,5,2.932621622085571,0.0459134446615413,5
UNSW-NB15,imbalanced,all,LSTM,DL,0.902628725111699,0.0018536675832923758,5,0.8992643360702267,0.004219200636781176,5,0.8791027270061578,0.004493668391661433,5,0.8890560870609002,0.002116450646658374,5,0.9011483837273151,0.0018751382202213999,5,0.900251722261463,0.0018793717703374645,5,0.8025008632575557,0.003745966422229126,5,0.9734411644970912,0.0006932431675458633,5,0.9676666499914107,0.0008893101585965681,5,35.54224271774292,2.2250712001535726,5,0.29914422035217286,0.0031563790029198627,5
UNSW-NB15,imbalanced,all,MLP,DL,0.9015399297271504,0.0014516832531620998,5,0.8999466548794558,0.0036890297873908907,5,0.8754960414426742,0.0010330194577746052,5,0.8875483396792649,0.0013882561910862807,5,0.8999913800727392,0.0014210515268096053,5,0.8989085261027128,0.0012312631409034426,5,0.8002594633521284,0.002937309957433796,5,0.9728156979787803,0.0007271494652904603,5,0.9668116190162204,0.0010210619126711717,5,14.079207134246825,3.6110570352227986,5,0.0991896629333496,0.0014520596431379649,5
UNSW-NB15,imbalanced,all,RF,ML,0.9122977486661172,0.0014998169516705628,5,0.902143361628345,0.0015603196459672492,5,0.9000097742156192,0.0019355044813129858,5,0.9010751636786164,0.001712842876104854,5,0.9111543048445434,0.001523172571747825,5,0.9110562051549161,0.0015403158686923232,5,0.8223108968161228,0.003045561252864611,5,0.9781410357033907,0.00041947813963824914,5,0.9727564929825696,0.0004164785815278165,5,0.9741874217987061,0.05205857312072251,5,0.06336584091186523,0.007949124430241525,5
UNSW-NB15,imbalanced,all,SVM,ML,0.8476163622955797,0.0011136064351385461,5,0.7620089380749818,0.002857517629368244,5,0.9549115433486464,0.005195365684543827,5,0.8476104551334338,0.0010774765867863998,5,0.8476134181207158,0.0011127349659064345,5,0.858457175511478,0.0010512771658331321,5,0.7169388153425718,0.0023472406724192934,5,0.9498230222447944,0.0008873840219211524,5,0.9355299467250321,0.0013675837781321626,5,30.188092851638793,0.3035595699749005,5,14.307867956161498,0.44412374711340535,5
UNSW-NB15,imbalanced,all,SimpleRNN,DL,0.9035743720990761,0.0011230708614111116,5,0.9042548009879023,0.005620689963080897,5,0.8755058156582933,0.00865953581831043,5,0.8896027341535833,0.0019981320022272437,5,0.9020018898952454,0.0012707281137953408,5,0.9007384015118796,0.001777416455209648,5,0.8044430073021758,0.002261412784610712,5,0.9741988363911412,0.00042258051550442147,5,0.9686236823861059,0.0004333875416616883,5,24.740778303146364,4.069974009583025,5,0.18397784233093262,0.002958680720266493,5
UNSW-NB15,imbalanced,top10,CNN,DL,0.8934975925042294,0.0013771842405337273,5,0.8752839781071563,0.0021827599741449594,5,0.8863160981331248,0.0018786464506871509,5,0.8807637577432803,0.001499203844670455,5,0.8922687606148193,0.0013840932071446247,5,0.8927719938489677,0.0013577797575461876,5,0.7845975035222237,0.002760881642298286,5,0.9681983478861815,0.00040798145368825604,5,0.9596056412167717,0.0005200036752175433,5,24.55508303642273,4.5296683549298935,5,0.13274426460266114,0.0014626130220848034,5
UNSW-NB15,imbalanced,top10,DT,ML,0.8837895284778554,0.0016850669847356399,5,0.8705701163154265,0.0017110873155497107,5,0.8670608933633076,0.004116558017610772,5,0.8688069883640492,0.002133917181314888,5,0.8822534434613761,0.0017471200101599677,5,0.8820993126931965,0.0018844597498039396,5,0.7645207679077206,0.0034906638487682707,5,0.887542166265003,0.001838124868240343,5,0.8214837273226623,0.0020679204644495496,5,0.4491878509521484,0.005498491362314628,5,0.004287815093994141,5.109188324921748e-05,5
UNSW-NB15,imbalanced,top10,GNB,ML,0.817229861623216,0.0017481913233320194,5,0.7267508312799271,0.0015039506268354796,5,0.942566709021601,0.002392038338834366,5,0.8207075724142833,0.001751524739392265,5,0.8171609330015667,0.0017477544223673265,5,0.8298935557274593,0.0017916328923892604,5,0.6632319094528185,0.003649478222545265,5,0.8377120529113922,0.0011082833268216121,5,0.7265501464546053,0.0013769462972456088,5,0.009389591217041016,0.00027607406526285796,5,0.0012387752532958985,1.319448138219145e-05,5
UNSW-NB15,imbalanced,top10,GRU,DL,0.8895805318179846,0.0015555068435190668,5,0.8781168773376615,0.007485746066422931,5,0.8724073893070081,0.008477012160084722,5,0.8751969927845712,0.0017087224687443296,5,0.8880895427998452,0.00151688249117407,5,0.8878454042151949,0.00150003961094871,5,0.7762857742740094,0.0029884080654362516,5,0.9651289150585598,0.0008290575109419578,5,0.954803841458339,0.0013610478321874177,5,40.565797901153566,0.3374803564071273,5,0.32396159172058103,0.002093193560092279,5
UNSW-NB15,imbalanced,top10,KNN,ML,0.874649720209951,0.0021073440821200943,5,0.8553893803576542,0.001790703038250578,5,0.8635421757403968,0.003707186167778443,5,0.8594445544285735,0.002525414931045362,5,0.8731652265554424,0.0021601407344143354,5,0.873527444132872,0.002250736680974636,5,0.7463655490194722,0.00433409897907275,5,0.9311224676209479,0.0009233316662053596,5,0.8823913307833144,0.0011170879742160465,5,0.09418349266052246,0.003477040652882661,5,0.5065227031707764,0.1638514504494731,5
UNSW-NB15,imbalanced,top10,LSTM,DL,0.8853684986769619,0.0028515006645881903,5,0.8754448229613045,0.004438106325617038,5,0.8647737269084157,0.006813353951889298,5,0.8700569406673189,0.0034651657047705953,5,0.8837528623582938,0.002926308996331556,5,0.883287658961929,0.003066496532257209,5,0.7675900717958256,0.005821546439481209,5,0.9630574350198756,0.0012708132481439015,5,0.9517424055189186,0.0015277411861602857,5,37.15253529548645,0.15516237475192288,5,0.2912999153137207,0.001171969626314174,5
UNSW-NB15,imbalanced,top10,MLP,DL,0.8908341647507916,0.0012549193625265205,5,0.8734871275453594,0.006803924159698876,5,0.8818786042420095,0.01143792059139536,5,0.8775880355660762,0.002479550403903725,5,0.889534612963689,0.001440244296311701,5,0.8899293192790145,0.00214535907718687,5,0.7792268853887699,0.002945629446188073,5,0.9657166698142049,0.0005904777717151286,5,0.9555587937907921,0.0010827959007666302,5,16.129827404022215,0.12993346599150993,5,0.08048663139343262,0.0008428961306182264,5
UNSW-NB15,imbalanced,top10,RF,ML,0.9054483147529606,0.0016979710397273776,5,0.8936669559175255,0.0023616966530335373,5,0.8932362427915159,0.0018278044548692952,5,0.8934506968632201,0.0018733294924838898,5,0.9042340300741312,0.0017120348980118822,5,0.9042144402227741,0.0016830634796345346,5,0.8084695309817842,0.0034241553195145584,5,0.9743594446983159,0.0005055159244939665,5,0.9673530858822034,0.0005475590278059455,5,0.7846550941467285,0.053563050663164684,5,0.051838350296020505,0.0044741077268741465,5
UNSW-NB15,imbalanced,top10,SVM,ML,0.8627163492820891,0.00105249385197105,5,0.8015202267328949,0.0006160246060510424,5,0.9179845567393217,0.002112338932268981,5,0.855807747967172,0.0012249805386473805,5,0.8624003994972564,0.0010652061757473435,5,0.8683004986161122,0.001155807494873078,5,0.7320353118024128,0.0023169863278888233,5,0.9482947999633058,0.0009591851083922744,5,0.9269992822082249,0.001478182455142518,5,5.494302368164062,0.07610696841838262,5,4.480198860168457,0.07120983900520256,5
UNSW-NB15,imbalanced,top10,SimpleRNN,DL,0.8914241096603479,0.0016678096930520631,5,0.8760819476681732,0.004983147414894352,5,0.8798846642556934,0.010323221423710784,5,0.8779264935966264,0.0028723283878507784,5,0.890076009120971,0.0018672029406928486,5,0.890258195487697,0.002491616639252166,5,0.780244603088421,0.0036640214644493106,5,0.9660907967458494,0.0007168922245231125,5,0.956264955976746,0.0010700156094188061,5,26.163595342636107,0.2576140893486388,5,0.1672811508178711,0.0009754181508445396,5
UNSW-NB15,imbalanced,top20,CNN,DL,0.9017741725588861,0.0006942900193344879,5,0.8922200654666994,0.0035122451945803768,5,0.8856905483334963,0.0044099209367279455,5,0.888929742566852,0.0009190003691068615,5,0.9004418216061361,0.0007089766654561157,5,0.9001491269198288,0.0008242274091508783,5,0.8009250548745308,0.0014056575780703677,5,0.9734758384926968,0.0001922107814181785,5,0.9671604745200069,0.00038834915686141477,5,34.02492790222168,4.777864731243999,5,0.14203896522521972,0.0020660086110199,5
UNSW-NB15,imbalanced,top20,DT,ML,0.8879278185051837,0.001542707099667431,5,0.8748914236523543,0.00209373941304697,5,0.8722021307790049,0.0030126155815506377,5,0.8735415461626953,0.0018155229708283792,5,0.8864581032373924,0.0015739785931688482,5,0.8863389377963033,0.0016210933826558275,5,0.7729247339164719,0.003143171140296736,5,0.8881722201164944,0.0019887031299949368,5,0.8221336276102867,0.0029785754389321283,5,1.0163381099700928,0.03588564629816905,5,0.004300165176391602,0.0001248094960129599,5
UNSW-NB15,imbalanced,top20,GNB,ML,0.8105149004467964,0.0020568475064002894,5,0.7149909423601686,0.0019738250380572837,5,0.9528882807154726,0.0037508353451664433,5,0.8169703228996003,0.0020441268402208233,5,0.8102777978208031,0.002058938235069008,5,0.8248999194873573,0.0021069454934557726,5,0.656775187712512,0.004404771504018228,5,0.8351850646570232,0.003641412866572486,5,0.7257663913382698,0.005021923539487077,5,0.011535930633544921,0.0002265703812323949,5,0.0016832828521728515,2.079469297580369e-05,5
UNSW-NB15,imbalanced,top20,GRU,DL,0.8980956925345943,0.002017825549863736,5,0.8900016580535833,0.0031902010682099005,5,0.8790440817124425,0.004979217026601068,5,0.8844784274916705,0.0024542407702499228,5,0.8966590370611451,0.002072476494662989,5,0.8961707696036866,0.0021883308056812466,5,0.7933897808401074,0.004118433672742004,5,0.9696294147922042,0.0009810986980032473,5,0.9617227242856478,0.0014497668814510926,5,40.4837025642395,0.3844095847184057,5,0.3240861415863037,0.0037017886086887133,5
UNSW-NB15,imbalanced,top20,KNN,ML,0.878944172125103,0.0018744873138276453,5,0.8672219933972347,0.0029121344911463877,5,0.8587137132245137,0.0023756572383416036,5,0.8629442744560578,0.0020554174182285238,5,0.8772713695188592,0.0018855322902732487,5,0.8769001415911994,0.0018473534001849782,5,0.7545810494245264,0.0037797581576639546,5,0.936208753850627,0.001037455487430688,5,0.8947262303719284,0.0018198007250982253,5,0.0032589912414550783,7.659313278946118e-05,5,0.8865758895874023,0.13484601678367134,5
UNSW-NB15,imbalanced,top20,LSTM,DL,0.8981000303648115,0.0012245634007541008,5,0.887115123184989,0.0019619880710730134,5,0.8827289610008797,0.0038605986460765263,5,0.8849103792301936,0.0015885216308084292,5,0.8967434195297652,0.001274861535814044,5,0.8965469793305756,0.0014209238715199417,5,0.7935057412969196,0.002541301142390365,5,0.9699137968610636,0.0003289367256101749,5,0.9620798807047322,0.0003563249338619782,5,37.60839443206787,0.23197268186994033,5,0.2849158763885498,0.003158591181000256,5
UNSW-NB15,imbalanced,top20,MLP,DL,0.8980479764022036,0.0012059050975803513,5,0.8861612477583526,0.0039088677865932965,5,0.8838627700127064,0.0072954387883371165,5,0.8849828157221303,0.0019724468884635337,5,0.8967132091862681,0.001328593747287074,5,0.8966147417369725,0.0017486463777120597,5,0.7934734137628789,0.0025867478633412786,5,0.9700451345483823,0.0006145914773745537,5,0.9621006828407379,0.0005504148834304941,5,16.34875955581665,0.07272413805353847,5,0.08039178848266601,0.0009922190788924038,5
UNSW-NB15,imbalanced,top20,RF,ML,0.9082852557150913,0.0007008986008936984,5,0.8975241548868593,0.001123713973851353,5,0.8956016029713616,0.0013567336580091827,5,0.896561040606875,0.0008041215614561825,5,0.90709161623496,0.0007114094175384654,5,0.9070037339455155,0.0007238641856430873,5,0.814186226539784,0.0014230479755827738,5,0.9760123354915734,0.0003408266973115899,5,0.9697142390940738,0.0005913283146023751,5,1.1113224983215333,0.030042985153292096,5,0.06560568809509278,0.011663557781423818,5
UNSW-NB15,imbalanced,top20,SVM,ML,0.8684813256409145,0.00134694692447282,5,0.8104920877718567,0.0027638956196522966,5,0.9184146222265663,0.0030669473276749553,5,0.8610786482638811,0.001285490972308484,5,0.8681059350046454,0.0013317495609540678,5,0.8735264500931615,0.0012468579477085957,5,0.7423430149171915,0.0024762308797039575,5,0.951395023247189,0.001169800050619926,5,0.9327384014076994,0.0021363236329492007,5,6.121223258972168,0.042179468062273254,5,6.1121138572692875,0.06604284855130894,5
UNSW-NB15,imbalanced,top20,SimpleRNN,DL,0.9008588903830305,0.0012587184425928884,5,0.8932548307707592,0.005381378342136208,5,0.882103411201251,0.009724030581645634,5,0.8875927108837411,0.0023440251097500827,5,0.8994549168887206,0.0014478113529391272,5,0.8989638877874919,0.0020867667259159427,5,0.7990480451322225,0.0027187131998230416,5,0.9721033315027452,0.0006918635593455573,5,0.9650551620360739,0.0009545420039161242,5,26.41610231399536,0.16065480945656177,5,0.16630916595458983,0.000587923523626482,5
