tag,dataset,seed,features,balance,model,family,n_features,n_train,n_train_used,n_val,svm_cap,epochs_run,max_epochs,train_seconds,predict_seconds,load_seconds,total_seconds,finished_utc,host,accuracy,balanced_accuracy,precision,recall,f1,precision_macro,recall_macro,f1_macro,mcc,roc_auc,pr_auc,tn,fp,fn,tp,n_test,pos_rate,f1_consistency_error
CIC-IDS2017__balanced__all__CNN__seed42,CIC-IDS2017,42,all,balanced,CNN,DL,47,2639016,2639016,176407,,54.0,200,631.4376537799835,1.2733252048492432,21.86661458015442,632.7109789848328,2026-09-01T05:00:10.262245+00:00,gpu1.nitsri.ac.in,0.9969948322224882,0.9974588813976841,0.9842696629213483,0.998159648532026,0.9911659953030468,0.9919472923567759,0.9974588813976841,0.9946777274809724,0.9893908221980255,0.9999298667091873,0.9996616484108581,626301,2037,235,127458,756031,0.16889915889692353,1.1102230246251565e-16
CIC-IDS2017__balanced__all__CNN__seed43,CIC-IDS2017,43,all,balanced,CNN,DL,47,2639016,2639016,176407,,49.0,200,563.2195398807526,1.272721529006958,21.451972007751465,564.4922614097595,2026-09-01T09:15:17.272839+00:00,gpu1.nitsri.ac.in,0.9976363403087969,0.9971210053796112,0.9897313024131439,0.9963427909125794,0.9930260420935143,0.9944935307574776,0.9971210053796112,0.995801535431348,0.9916110551297237,0.999937326667345,0.9997280044244199,627018,1320,467,127226,756031,0.16889915889692353,1.1102230246251565e-16
CIC-IDS2017__balanced__all__CNN__seed44,CIC-IDS2017,44,all,balanced,CNN,DL,47,2639016,2639016,176407,,56.0,200,673.5828294754028,1.2916591167449951,22.512441158294678,674.8744885921478,2026-09-01T12:16:48.244624+00:00,gpu1.nitsri.ac.in,0.9981799688108027,0.9977101295279891,0.9922605083279424,0.9970006186713446,0.9946249160143127,0.9958251857266862,0.9977101295279891,0.9967647160891362,0.9935335271872173,0.9999138104281624,0.9996825138342424,627345,993,383,127310,756031,0.16889915889692353,1.1102230246251565e-16
CIC-IDS2017__balanced__all__CNN__seed45,CIC-IDS2017,45,all,balanced,CNN,DL,47,2639016,2639016,176407,,40.0,200,462.7041480541229,1.2845611572265625,20.883323431015015,463.9887092113495,2026-09-01T15:22:04.093201+00:00,gpu1.nitsri.ac.in,0.9973903186509548,0.9971009114146949,0.9879904358221933,0.9966638735091196,0.9923082021153419,0.9936556225238542,0.9971009114146949,0.9953683927454107,0.9907505435407977,0.9999101551178374,0.9996310402650033,626791,1547,426,127267,756031,0.16889915889692353,0.0
CIC-IDS2017__balanced__all__CNN__seed46,CIC-IDS2017,46,all,balanced,CNN,DL,47,2639016,2639016,176407,,66.0,200,768.9358718395233,1.2773892879486084,20.933270692825317,770.2132611274719,2026-09-01T18:44:34.463778+00:00,gpu1.nitsri.ac.in,0.9981958411758248,0.9970551416683392,0.9939936651937591,0.9953325554259043,0.994662659748472,0.9965224357017913,0.9970551416683392,0.9967885540454284,0.9935774345651429,0.9999246203972856,0.9996627910136308,627570,768,596,127097,756031,0.16889915889692353,1.1102230246251565e-16
CIC-IDS2017__balanced__all__DT__seed42,CIC-IDS2017,42,all,balanced,DT,ML,47,2639016,2639016,176407,,,200,70.26641082763672,0.061066389083862305,21.86661458015442,70.32747721672058,2026-09-01T04:19:45.025333+00:00,gpu1.nitsri.ac.in,0.9991481830771489,0.998701324339081,0.9969334991747045,0.9980265167237045,0.9974797085228118,0.9982661758828832,0.998701324339081,0.9984835941940461,0.9969674052568888,0.9987013243390811,0.9952993872519679,627946,392,252,127441,756031,0.16889915889692353,1.1102230246251565e-16
CIC-IDS2017__balanced__all__DT__seed43,CIC-IDS2017,43,all,balanced,DT,ML,47,2639016,2639016,176407,,,200,74.51753330230713,0.06403732299804688,21.451972007751465,74.58157062530518,2026-09-01T08:36:23.789938+00:00,gpu1.nitsri.ac.in,0.9991376015004676,0.9987292771436108,0.9967856221111658,0.9981126608349714,0.9974487000892173,0.9982009833916459,0.9987292771436108,0.9984649004279733,0.9969301205584102,0.9987292756417606,0.9952231195649446,627927,411,241,127452,756031,0.16889915889692353,0.0
CIC-IDS2017__balanced__all__DT__seed44,CIC-IDS2017,44,all,balanced,DT,ML,47,2639016,2639016,176407,,,200,75.55884146690369,0.06273317337036133,22.512441158294678,75.62157464027405,2026-09-01T11:37:19.796214+00:00,gpu1.nitsri.ac.in,0.9990899844054014,0.9985883140524469,0.9967847168438593,0.9978307346526435,0.9973074514715091,0.9981718886382288,0.9985883140524469,0.9983799585238349,0.9967601157037892,0.9985922254064283,0.9949952967365238,627927,411,277,127416,756031,0.16889915889692353,0.0
CIC-IDS2017__balanced__all__DT__seed45,CIC-IDS2017,45,all,balanced,DT,ML,47,2639016,2639016,176407,,,200,72.84084343910217,0.0657050609588623,20.883323431015015,72.90654850006104,2026-09-01T14:43:38.481979+00:00,gpu1.nitsri.ac.in,0.9991111475587642,0.9987414411647172,0.9965598392506705,0.9981831423805534,0.9973708303011808,0.9980952444784708,0.9987414411647172,0.9984179988693958,0.9968364761955386,0.9987414382731881,0.9950560976372534,627898,440,232,127461,756031,0.16889915889692353,0.0
CIC-IDS2017__balanced__all__DT__seed46,CIC-IDS2017,46,all,balanced,DT,ML,47,2639016,2639016,176407,,,200,79.55376839637756,0.06754922866821289,20.933270692825317,79.62131762504578,2026-09-01T18:03:57.304796+00:00,gpu1.nitsri.ac.in,0.9990185587628021,0.9985609430061256,0.9963249955039839,0.9978698910668556,0.9970968448729185,0.9979459855094983,0.9985609430061256,0.9982531526426388,0.9965067387664371,0.9985609430061255,0.9945624883379127,627868,470,272,127421,756031,0.16889915889692353,1.1102230246251565e-16
CIC-IDS2017__balanced__all__GNB__seed42,CIC-IDS2017,42,all,balanced,GNB,ML,47,2639016,2639016,176407,,,200,0.6395881175994873,0.1050405502319336,21.86661458015442,0.7446286678314209,2026-09-01T04:20:34.287976+00:00,gpu1.nitsri.ac.in,0.4402570794054741,0.6563041051017098,0.22961374176003163,0.9825597331098808,0.37223915800716495,0.6094945989832938,0.6563041051017098,0.43360778529825267,0.2616444557605173,0.7079180384772188,0.259609846641657,207382,420956,2227,125466,756031,0.16889915889692353,0.0
CIC-IDS2017__balanced__all__GNB__seed43,CIC-IDS2017,43,all,balanced,GNB,ML,47,2639016,2639016,176407,,,200,0.6510565280914307,0.11097192764282227,21.451972007751465,0.7620284557342529,2026-09-01T08:37:15.396356+00:00,gpu1.nitsri.ac.in,0.45945338220258164,0.6683738475524094,0.23604443834864902,0.9838675573445687,0.38074298113756483,0.613419648884586,0.6683738475524094,0.45057714090687795,0.27638308682508833,0.725533116143667,0.27191928890300365,221728,406610,2060,125633,756031,0.16889915889692353,5.551115123125783e-17
CIC-IDS2017__balanced__all__GNB__seed44,CIC-IDS2017,44,all,balanced,GNB,ML,47,2639016,2639016,176407,,,200,0.6473770141601562,0.10718512535095215,22.512441158294678,0.7545621395111084,2026-09-01T11:38:13.711431+00:00,gpu1.nitsri.ac.in,0.43045853939851675,0.6507242976990572,0.22664214341409883,0.9833506926769674,0.36838021196230153,0.6080586694179292,0.6507242976990572,0.42490321403246006,0.25524158797744506,0.7003686431366707,0.25453624223100213,199873,428465,2126,125567,756031,0.16889915889692353,5.551115123125783e-17
CIC-IDS2017__balanced__all__GNB__seed45,CIC-IDS2017,45,all,balanced,GNB,ML,47,2639016,2639016,176407,,,200,0.6433978080749512,0.11004257202148438,20.883323431015015,0.7534403800964355,2026-09-01T14:44:28.045031+00:00,gpu1.nitsri.ac.in,0.4714171773379663,0.6754278918251271,0.24007944852477317,0.9835073183338162,0.38594712038586415,0.615518955774676,0.6754278918251271,0.4609741593130615,0.28471211338748126,0.7316291850745994,0.27647168136134953,230819,397519,2106,125587,756031,0.16889915889692353,0.0
CIC-IDS2017__balanced__all__GNB__seed46,CIC-IDS2017,46,all,balanced,GNB,ML,47,2639016,2639016,176407,,,200,0.6445965766906738,0.1092369556427002,20.933270692825317,0.753833532333374,2026-09-01T18:04:47.154150+00:00,gpu1.nitsri.ac.in,0.4315854773150836,0.6509311731527168,0.22684208812794143,0.9821681689677586,0.3685611053071612,0.6078168934976488,0.6509311731527168,0.4258658494276888,0.25513079172284675,0.697787589968529,0.2529851712606,200876,427462,2277,125416,756031,0.16889915889692353,0.0
CIC-IDS2017__balanced__all__GRU__seed42,CIC-IDS2017,42,all,balanced,GRU,DL,47,2639016,2639016,176407,,51.0,200,216.5565745830536,0.7979128360748291,21.86661458015442,217.35448741912842,2026-09-01T04:42:18.499527+00:00,gpu1.nitsri.ac.in,0.9970278996496176,0.9948923852091005,0.9907442180702908,0.9916675150556412,0.9912056515528072,0.9945252705918637,0.9948923852091005,0.9947087159190712,0.9894175876936557,0.9998495654434951,0.9993256582314278,627155,1183,1064,126629,756031,0.16889915889692353,1.1102230246251565e-16
CIC-IDS2017__balanced__all__GRU__seed43,CIC-IDS2017,43,all,balanced,GRU,DL,47,2639016,2639016,176407,,56.0,200,234.07509636878967,0.8825879096984863,21.451972007751465,234.95768427848816,2026-09-01T08:59:10.517983+00:00,gpu1.nitsri.ac.in,0.9971019706863872,0.9946842360119399,0.9918021223568506,0.9910331811454034,0.9914175026538758,0.9949900708961854,0.9946842360119399,0.9948370758082492,0.9896742596526908,0.9998630600042152,0.99936418041521,627292,1046,1145,126548,756031,0.16889915889692353,1.1102230246251565e-16
CIC-IDS2017__balanced__all__GRU__seed44,CIC-IDS2017,44,all,balanced,GRU,DL,47,2639016,2639016,176407,,31.0,200,132.02014660835266,0.9137794971466064,22.512441158294678,132.93392610549927,2026-09-01T11:58:32.968809+00:00,gpu1.nitsri.ac.in,0.9948520629445089,0.993945283761666,0.9772995396679749,0.9925759438653646,0.9848785074325321,0.9878929947813804,0.993945283761666,0.9908882606343647,0.9818196244781788,0.9997593269706272,0.9989822185667203,625394,2944,948,126745,756031,0.16889915889692353,0.0
CIC-IDS2017__balanced__all__GRU__seed45,CIC-IDS2017,45,all,balanced,GRU,DL,47,2639016,2639016,176407,,54.0,200,224.3689305782318,0.8862297534942627,20.883323431015015,225.25516033172607,2026-09-01T15:06:14.705325+00:00,gpu1.nitsri.ac.in,0.9962197317305772,0.9943250647481663,0.9862274189653426,0.9914639017017378,0.9888387278180455,0.9922454049866065,0.9943250647481663,0.9932816232438306,0.9865682778033998,0.9998585520542433,0.9993534734860704,626570,1768,1090,126603,756031,0.16889915889692353,0.0
CIC-IDS2017__balanced__all__GRU__seed46,CIC-IDS2017,46,all,balanced,GRU,DL,47,2639016,2639016,176407,,39.0,200,164.75560593605042,0.9055502414703369,20.933270692825317,165.66115617752075,2026-09-01T18:25:37.749544+00:00,gpu1.nitsri.ac.in,0.9970252542554472,0.9961106712319687,0.9877445643721422,0.9947295466470363,0.9912247501843622,0.9933359716519121,0.9961106712319687,0.9947169107049072,0.9894427523391247,0.9998395218916118,0.9993350531933675,626762,1576,673,127020,756031,0.16889915889692353,1.1102230246251565e-16
CIC-IDS2017__balanced__all__KNN__seed42,CIC-IDS2017,42,all,balanced,KNN,ML,47,2639016,2639016,176407,,,200,0.06740164756774902,461.2572748661041,21.86661458015442,461.3246765136719,2026-09-01T04:36:00.508879+00:00,gpu1.nitsri.ac.in,0.9950504675072848,0.9949850142225033,0.97626201692167,0.9948861723038851,0.9854861105724104,0.9876093613020146,0.9949850142225033,0.9912513152683458,0.9825666931849532,0.997445530964734,0.9850456270216378,625249,3089,653,127040,756031,0.16889915889692353,0.0
CIC-IDS2017__balanced__all__KNN__seed43,CIC-IDS2017,43,all,balanced,KNN,ML,47,2639016,2639016,176407,,,200,0.06875371932983398,461.1577935218811,21.451972007751465,461.22654724121094,2026-09-01T08:52:38.543845+00:00,gpu1.nitsri.ac.in,0.99485999912702,0.9947081918632555,0.9755625379314583,0.9944789455960781,0.9849299237576689,0.9872180457631701,0.9947081918632555,0.9909157671730459,0.9818976697449624,0.997378532290895,0.9849425259281178,625157,3181,705,126988,756031,0.16889915889692353,0.0
CIC-IDS2017__balanced__all__KNN__seed44,CIC-IDS2017,44,all,balanced,KNN,ML,47,2639016,2639016,176407,,,200,0.06887698173522949,462.3649537563324,22.512441158294678,462.4338307380676,2026-09-01T11:53:39.078259+00:00,gpu1.nitsri.ac.in,0.9948851303716382,0.9946484337216441,0.9758804630213217,0.9942909948078594,0.9849997090711612,0.98735789709254,0.9946484337216441,0.990958316729037,0.9819792675178007,0.9971752150258336,0.9844833475011969,625200,3138,729,126964,756031,0.16889915889692353,0.0
CIC-IDS2017__balanced__all__KNN__seed45,CIC-IDS2017,45,all,balanced,KNN,ML,47,2639016,2639016,176407,,,200,0.07102775573730469,462.3185279369354,20.883323431015015,462.38955569267273,2026-09-01T14:59:54.091179+00:00,gpu1.nitsri.ac.in,0.9949327474667045,0.9949235521414227,0.9755728590735963,0.9949096661524124,0.9851463843019266,0.9872671000949734,0.9949235521414227,0.9910458567950037,0.9821608096857753,0.9974050837133477,0.9849421203855094,625157,3181,650,127043,756031,0.16889915889692353,0.0
CIC-IDS2017__balanced__all__KNN__seed46,CIC-IDS2017,46,all,balanced,KNN,ML,47,2639016,2639016,176407,,,200,0.07194733619689941,464.6580219268799,20.933270692825317,464.7299692630768,2026-09-01T18:20:14.391467+00:00,gpu1.nitsri.ac.in,0.9949830099559409,0.9946761203123113,0.9765091378992062,0.994212681979435,0.9852813920008071,0.987664335044459,0.9946761203123113,0.9911287708050251,0.9823154305506477,0.9972696100094831,0.9849840918641521,625284,3054,739,126954,756031,0.16889915889692353,0.0
CIC-IDS2017__balanced__all__LSTM__seed42,CIC-IDS2017,42,all,balanced,LSTM,DL,47,2639016,2639016,176407,,55.0,200,214.68334436416626,0.8697364330291748,21.86661458015442,215.55308079719543,2026-09-01T04:45:55.110347+00:00,gpu1.nitsri.ac.in,0.9967699737180089,0.9943285081792028,0.9902383654937571,0.9906416170032813,0.9904399502031804,0.9941681827245957,0.9943285081792028,0.9942483240747119,0.9884966779021102,0.9998585768129613,0.9993606811762827,627091,1247,1195,126498,756031,0.16889915889692353,0.0
CIC-IDS2017__balanced__all__LSTM__seed43,CIC-IDS2017,43,all,balanced,LSTM,DL,47,2639016,2639016,176407,,48.0,200,186.58177018165588,0.9075207710266113,21.451972007751465,187.4892909526825,2026-09-01T09:02:19.069226+00:00,gpu1.nitsri.ac.in,0.9951787691245465,0.9950746815435905,0.9769609350968933,0.9949174974352548,0.9858574571358731,0.9879620894886982,0.9950746815435905,0.9914757604869945,0.9830110397324382,0.9998664661631922,0.9993541929984564,625342,2996,649,127044,756031,0.16889915889692353,0.0
CIC-IDS2017__balanced__all__LSTM__seed44,CIC-IDS2017,44,all,balanced,LSTM,DL,47,2639016,2639016,176407,,54.0,200,206.4329128265381,0.8915488719940186,22.512441158294678,207.3244616985321,2026-09-01T12:02:01.388524+00:00,gpu1.nitsri.ac.in,0.9958030821487479,0.9947545397970305,0.982179644057558,0.9931711213613902,0.9876448026789713,0.9903943462898759,0.9947545397970305,0.9925585066637763,0.9851392370984179,0.999838085237865,0.9993507988058623,626037,2301,872,126821,756031,0.16889915889692353,0.0
CIC-IDS2017__balanced__all__LSTM__seed45,CIC-IDS2017,45,all,balanced,LSTM,DL,47,2639016,2639016,176407,,54.0,200,210.02842664718628,0.8437135219573975,20.883323431015015,210.87214016914368,2026-09-01T15:09:46.646239+00:00,gpu1.nitsri.ac.in,0.9966218316444696,0.9948259237489654,0.9879360227086631,0.9921138981776605,0.9900205528160484,0.9931660017907458,0.9948259237489654,0.993993666741555,0.987990531124038,0.9998575494165234,0.999307159894855,626791,1547,1007,126686,756031,0.16889915889692353,1.1102230246251565e-16
CIC-IDS2017__balanced__all__LSTM__seed46,CIC-IDS2017,46,all,balanced,LSTM,DL,47,2639016,2639016,176407,,43.0,200,165.88728713989258,0.8792052268981934,20.933270692825317,166.76649236679077,2026-09-01T18:28:25.588859+00:00,gpu1.nitsri.ac.in,0.9958996390359655,0.9952868530384671,0.9816007359705612,0.9943614763534414,0.9879399018074586,0.9902259102893027,0.9952868530384671,0.9927349068883542,0.9854997684121629,0.999831912452616,0.9991938216186711,625958,2380,720,126973,756031,0.16889915889692353,0.0
CIC-IDS2017__balanced__all__MLP__seed42,CIC-IDS2017,42,all,balanced,MLP,DL,47,2639016,2639016,176407,,81.0,200,85.51486897468567,0.3958549499511719,21.86661458015442,85.91072392463684,2026-09-01T04:47:22.093876+00:00,gpu1.nitsri.ac.in,0.9958004367545775,0.9955235614636079,0.9803268064620655,0.9951054482234735,0.9876608462133372,0.9896645310811891,0.9955235614636079,0.9925652318456135,0.9851706702166043,0.9998554668176073,0.9993275090572337,625788,2550,625,127068,756031,0.16889915889692353,0.0
CIC-IDS2017__balanced__all__MLP__seed43,CIC-IDS2017,43,all,balanced,MLP,DL,47,2639016,2639016,176407,,85.0,200,89.29248762130737,0.3899719715118408,21.451972007751465,89.68245959281921,2026-09-01T09:03:49.798714+00:00,gpu1.nitsri.ac.in,0.9969683782807848,0.9969313042129688,0.9853468228227299,0.9968753181458655,0.9910775459358455,0.9923551504086274,0.9969313042129688,0.9946257579629274,0.9892758705811673,0.9998158719005125,0.9992168456978703,626445,1893,399,127294,756031,0.16889915889692353,0.0
CIC-IDS2017__balanced__all__MLP__seed44,CIC-IDS2017,44,all,balanced,MLP,DL,47,2639016,2639016,176407,,91.0,200,97.63386988639832,0.3908963203430176,22.512441158294678,98.02476620674133,2026-09-01T12:03:40.464207+00:00,gpu1.nitsri.ac.in,0.9968837256673337,0.9940194358292596,0.9918378238382634,0.9896940317793458,0.9907647681392341,0.9948721646306526,0.9940194358292596,0.9944451963329334,0.9888912328025553,0.9997658887849448,0.99908149988032,627298,1040,1316,126377,756031,0.16889915889692353,0.0
CIC-IDS2017__balanced__all__MLP__seed45,CIC-IDS2017,45,all,balanced,MLP,DL,47,2639016,2639016,176407,,67.0,200,68.25908493995667,0.3885068893432617,20.883323431015015,68.64759182929993,2026-09-01T15:10:56.345609+00:00,gpu1.nitsri.ac.in,0.9942594946503517,0.9949303410217883,0.9708237593227326,0.9959433954876148,0.9832231628590204,0.9849975022035,0.9949303410217883,0.9898802518641457,0.9798775008342497,0.9997971963054066,0.9990262901568103,624516,3822,518,127175,756031,0.16889915889692353,1.1102230246251565e-16
CIC-IDS2017__balanced__all__MLP__seed46,CIC-IDS2017,46,all,balanced,MLP,DL,47,2639016,2639016,176407,,92.0,200,98.24052357673645,0.3921787738800049,20.933270692825317,98.63270235061646,2026-09-01T18:30:05.262317+00:00,gpu1.nitsri.ac.in,0.9967514559588165,0.9948727083410269,0.988767903836397,0.9920355853492361,0.9903990492869652,0.9935741302223029,0.9948727083410269,0.9942220153181391,0.9884459855554631,0.9997746812270203,0.9989414353725207,626899,1439,1017,126676,756031,0.16889915889692353,0.0
CIC-IDS2017__balanced__all__RF__seed42,CIC-IDS2017,42,all,balanced,RF,ML,47,2639016,2639016,176407,,,200,46.43965029716492,0.370635986328125,21.86661458015442,46.81028628349304,2026-09-01T04:20:32.816774+00:00,gpu1.nitsri.ac.in,0.9992870662710921,0.9990968672314937,0.9969748608592334,0.9988096450079488,0.9978914095477288,0.9983664311667569,0.9990968672314937,0.9987312100224197,0.9974630309513595,0.9999826594999127,0.9998930289088022,627951,387,152,127541,756031,0.16889915889692353,0.0
CIC-IDS2017__balanced__all__RF__seed43,CIC-IDS2017,43,all,balanced,RF,ML,47,2639016,2639016,176407,,,200,48.79472851753235,0.41316747665405273,21.451972007751465,49.2078959941864,2026-09-01T08:37:13.897710+00:00,gpu1.nitsri.ac.in,0.9993188110011362,0.9991003657760722,0.9972008069182292,0.9987704885937365,0.997985030537547,0.9984754307222754,0.9991003657760722,0.9987875768497838,0.9975756007518882,0.9999770941227298,0.9998706916694736,627980,358,157,127536,756031,0.16889915889692353,0.0
CIC-IDS2017__balanced__all__RF__seed44,CIC-IDS2017,44,all,balanced,RF,ML,47,2639016,2639016,176407,,,200,50.94600033760071,0.49251365661621094,22.512441158294678,51.43851399421692,2026-09-01T11:38:12.238102+00:00,gpu1.nitsri.ac.in,0.9992963251506882,0.9989901213928276,0.9973093258453332,0.9985277188256209,0.9979181504410234,0.9985050247604779,0.9989901213928276,0.9987473794257771,0.9974950281984675,0.9999573950447213,0.9998267536185168,627994,344,188,127505,756031,0.16889915889692353,1.1102230246251565e-16
CIC-IDS2017__balanced__all__RF__seed45,CIC-IDS2017,45,all,balanced,RF,ML,47,2639016,2639016,176407,,,200,46.69549226760864,0.44940948486328125,20.883323431015015,47.144901752471924,2026-09-01T14:44:26.553578+00:00,gpu1.nitsri.ac.in,0.9992883889681772,0.9991600608088144,0.9968273070400963,0.9989662706647976,0.9978956426503951,0.9983085686879292,0.9991600608088144,0.9987337178774157,0.9974682660572615,0.9999783785412076,0.9998857355087784,627932,406,132,127561,756031,0.16889915889692353,0.0
CIC-IDS2017__balanced__all__RF__seed46,CIC-IDS2017,46,all,balanced,RF,ML,47,2639016,2639016,176407,,,200,46.992626905441284,0.4266481399536133,20.933270692825317,47.4192750453949,2026-09-01T18:04:45.675601+00:00,gpu1.nitsri.ac.in,0.9992473853585369,0.9990449157074828,0.9968110051586682,0.9987391634623668,0.9977741527893503,0.9982773364378037,0.9990449157074828,0.9986606409972114,0.9973219567653221,0.9999605853173987,0.9998013208989881,627930,408,161,127532,756031,0.16889915889692353,0.0
CIC-IDS2017__balanced__all__SVM__seed42,CIC-IDS2017,42,all,balanced,SVM,ML,47,2639016,100000,176407,100000.0,,200,8.315422773361206,73.87110233306885,21.86661458015442,82.18652510643005,2026-09-01T04:38:38.026584+00:00,gpu1.nitsri.ac.in,0.9442959349550482,0.9526417041840307,0.765887243601295,0.9652447667452405,0.8540869782138699,0.8792148367225094,0.9526417041840307,0.9098321551447726,0.8286095581054942,0.9899002000547216,0.9627431812338092,590662,37676,4438,123255,756031,0.16889915889692353,0.0
CIC-IDS2017__balanced__all__SVM__seed43,CIC-IDS2017,43,all,balanced,SVM,ML,47,2639016,100000,176407,100000.0,,200,8.610753536224365,72.04434442520142,21.451972007751465,80.65509796142578,2026-09-01T08:55:12.334918+00:00,gpu1.nitsri.ac.in,0.9435671288611182,0.95215020774885,0.7633293692086616,0.965111634936919,0.8524422340657326,0.8779183615510313,0.95215020774885,0.9087772265444374,0.8267426823078721,0.9893874651761848,0.9606513402079909,590128,38210,4455,123238,756031,0.16889915889692353,1.1102230246251565e-16
CIC-IDS2017__balanced__all__SVM__seed44,CIC-IDS2017,44,all,balanced,SVM,ML,47,2639016,100000,176407,100000.0,,200,8.522776126861572,73.99688839912415,22.512441158294678,82.51966452598572,2026-09-01T11:56:16.878682+00:00,gpu1.nitsri.ac.in,0.9423304070864819,0.9513937018790836,0.7589468822170901,0.9650803098055493,0.8496904174193637,0.8757178991785384,0.9513937018790836,0.9070055139157631,0.8236423820383036,0.9888697546366103,0.958477282569166,589197,39141,4459,123234,756031,0.16889915889692353,0.0
CIC-IDS2017__balanced__all__SVM__seed45,CIC-IDS2017,45,all,balanced,SVM,ML,47,2639016,100000,176407,100000.0,,200,9.321655035018921,70.6929223537445,20.883323431015015,80.01457738876343,2026-09-01T15:02:26.293149+00:00,gpu1.nitsri.ac.in,0.944325034290922,0.9527247284039344,0.7659225478561799,0.9654092236849319,0.8541733069109353,0.8792500082159167,0.9527247284039344,0.9098840293319057,0.8287239756800592,0.9892715495945161,0.9608647785210718,590663,37675,4417,123276,756031,0.16889915889692353,1.1102230246251565e-16
CIC-IDS2017__balanced__all__SVM__seed46,CIC-IDS2017,46,all,balanced,SVM,ML,47,2639016,100000,176407,100000.0,,200,8.390623331069946,72.62669801712036,20.933270692825317,81.01732134819031,2026-09-01T18:22:48.889891+00:00,gpu1.nitsri.ac.in,0.9429401704427464,0.9516731856976952,0.7611980872122478,0.9648610338859609,0.8510141564007723,0.8768232072756276,0.9516731856976952,0.9078634741755554,0.8251083285848123,0.9894259935614909,0.9605862685421428,589686,38652,4487,123206,756031,0.16889915889692353,1.1102230246251565e-16
CIC-IDS2017__balanced__all__SimpleRNN__seed42,CIC-IDS2017,42,all,balanced,SimpleRNN,DL,47,2639016,2639016,176407,,54.0,200,132.64767694473267,0.6249656677246094,21.86661458015442,133.27264261245728,2026-09-01T04:49:36.485464+00:00,gpu1.nitsri.ac.in,0.9968480128460341,0.9953925420170109,0.9882030263834561,0.9931946152099176,0.9906925333260426,0.9934092958179482,0.9953925420170109,0.9943976435796738,0.9887998489281372,0.9998679337513152,0.9994449328301276,626824,1514,869,126824,756031,0.16889915889692353,1.1102230246251565e-16
CIC-IDS2017__balanced__all__SimpleRNN__seed43,CIC-IDS2017,43,all,balanced,SimpleRNN,DL,47,2639016,2639016,176407,,49.0,200,120.17011165618896,0.6259193420410156,21.451972007751465,120.79603099822998,2026-09-01T09:05:51.678715+00:00,gpu1.nitsri.ac.in,0.9974207406839137,0.9955561480931021,0.9919946161250186,0.9927404008050559,0.9923673683468894,0.9952595350387382,0.9955561480931021,0.9954077685930598,0.9908156387344275,0.9998034191315581,0.9991287872666651,627315,1023,927,126766,756031,0.16889915889692353,0.0
CIC-IDS2017__balanced__all__SimpleRNN__seed44,CIC-IDS2017,44,all,balanced,SimpleRNN,DL,47,2639016,2639016,176407,,46.0,200,110.10136198997498,0.6248462200164795,22.512441158294678,110.72620820999146,2026-09-01T12:05:32.273396+00:00,gpu1.nitsri.ac.in,0.9964895619359524,0.9948961035285867,0.9868020462668089,0.9924897997540977,0.9896377507594037,0.9926370038982841,0.9948961035285867,0.9937622962437559,0.9875305234437222,0.9998211011748266,0.9993110009529078,626643,1695,959,126734,756031,0.16889915889692353,0.0
CIC-IDS2017__balanced__all__SimpleRNN__seed45,CIC-IDS2017,45,all,balanced,SimpleRNN,DL,47,2639016,2639016,176407,,83.0,200,200.9316384792328,0.6343603134155273,20.883323431015015,201.56599879264832,2026-09-01T15:14:18.993281+00:00,gpu1.nitsri.ac.in,0.9965332109397631,0.9945323768601122,0.988005868306463,0.9915108893987924,0.9897552757789079,0.9931397187555073,0.9945323768601122,0.9938344313886973,0.9876711137626499,0.9998860475734146,0.9995027534041268,626801,1537,1084,126609,756031,0.16889915889692353,0.0
CIC-IDS2017__balanced__all__SimpleRNN__seed46,CIC-IDS2017,46,all,balanced,SimpleRNN,DL,47,2639016,2639016,176407,,39.0,200,96.19070839881897,0.6254184246063232,20.933270692825317,96.8161268234253,2026-09-01T18:31:43.167699+00:00,gpu1.nitsri.ac.in,0.9957012344731896,0.995413961947441,0.979878298023307,0.9949801476979944,0.9873714805287658,0.9894274706107083,0.995413961947441,0.9923906182120807,0.9848232375429934,0.9998132702471937,0.9991295951569414,625729,2609,641,127052,756031,0.16889915889692353,0.0
CIC-IDS2017__balanced__top10__CNN__seed42,CIC-IDS2017,42,top10,balanced,CNN,DL,10,2639016,2639016,176407,,57.0,200,277.5042815208435,0.6312804222106934,7.374064922332764,278.1355619430542,2026-09-02T04:15:29.375886+00:00,gpu1.nitsri.ac.in,0.9920029734230474,0.9913857475771322,0.9632371421390545,0.9904536662150627,0.9766558298647845,0.9806429496010529,0.9913857475771322,0.9859154361203885,0.9719693310128489,0.9994004199701803,0.9973253944801619,623511,4827,1219,126474,756031,0.16889915889692353,0.0
CIC-IDS2017__balanced__top10__CNN__seed43,CIC-IDS2017,43,top10,balanced,CNN,DL,10,2639016,2639016,176407,,32.0,200,161.33962392807007,0.6629233360290527,6.7921953201293945,162.00254726409912,2026-09-01T10:11:31.990779+00:00,gpu1.nitsri.ac.in,0.9874515727529691,0.9809102410466792,0.9554021358894146,0.9710320847658055,0.9631537042431304,0.9747477698156883,0.9809102410466792,0.9777959266058377,0.9556381415963598,0.9984698974040356,0.9930305362146187,622550,5788,3699,123994,756031,0.16889915889692353,0.0
CIC-IDS2017__balanced__top10__CNN__seed44,CIC-IDS2017,44,top10,balanced,CNN,DL,10,2639016,2639016,176407,,43.0,200,217.73659372329712,0.6401550769805908,6.881407976150513,218.3767488002777,2026-09-01T13:11:21.952824+00:00,gpu1.nitsri.ac.in,0.9918945122620634,0.9884938744973717,0.96910574125383,0.9833585239598098,0.9761801107034019,0.9828568325718117,0.9884938744973717,0.9856482280615715,0.9713343502018922,0.999191603253553,0.9962042542928067,624335,4003,2125,125568,756031,0.16889915889692353,0.0
CIC-IDS2017__balanced__top10__CNN__seed45,CIC-IDS2017,45,top10,balanced,CNN,DL,10,2639016,2639016,176407,,63.0,200,309.86820101737976,0.6359462738037109,7.194169759750366,310.5041472911835,2026-09-01T16:23:19.141309+00:00,gpu1.nitsri.ac.in,0.9857889425169074,0.9892914965525967,0.9266561111394862,0.9945807522730299,0.9594177060276643,0.962769069628401,0.9892914965525967,0.9754020053505295,0.9516910646564528,0.9995390584900488,0.9977270655082668,618286,10052,692,127001,756031,0.16889915889692353,0.0
CIC-IDS2017__balanced__top10__CNN__seed46,CIC-IDS2017,46,top10,balanced,CNN,DL,10,2639016,2639016,176407,,35.0,200,170.32079195976257,0.6436896324157715,6.547863483428955,170.96448159217834,2026-09-01T19:47:07.754958+00:00,gpu1.nitsri.ac.in,0.9843154579640253,0.9843959705862608,0.9271296562608318,0.9845175538204913,0.9549622089710965,0.9619715885594059,0.9843959705862608,0.9727332401836581,0.9461018465757481,0.9989150168094295,0.9949870114270506,618457,9881,1977,125716,756031,0.16889915889692353,0.0
CIC-IDS2017__balanced__top10__DT__seed42,CIC-IDS2017,42,top10,balanced,DT,ML,10,2639016,2639016,176407,,,200,18.05203938484192,0.040300607681274414,6.985037803649902,18.092339992523193,2026-09-01T05:32:51.402647+00:00,gpu1.nitsri.ac.in,0.9974286768664248,0.9966528845705467,0.9893604601386954,0.9954813497999108,0.9924114671163575,0.994220504279448,0.9966528845705467,0.9954317779602981,0.9908704033612025,0.997629199286166,0.9912393261749539,626971,1367,577,127116,756031,0.16889915889692353,1.1102230246251565e-16
CIC-IDS2017__balanced__top10__DT__seed43,CIC-IDS2017,43,top10,balanced,DT,ML,10,2639016,2639016,176407,,,200,17.099369049072266,0.03606390953063965,6.7921953201293945,17.135432958602905,2026-09-01T09:49:34.780568+00:00,gpu1.nitsri.ac.in,0.9957052025644451,0.9945115807023073,0.982057360665644,0.9927090756736862,0.9873544909666591,0.9902862004340098,0.9945115807023073,0.9923839198719773,0.9847887163714873,0.9958790067116917,0.9809161394875893,626022,2316,931,126762,756031,0.16889915889692353,1.1102230246251565e-16
CIC-IDS2017__balanced__top10__DT__seed44,CIC-IDS2017,44,top10,balanced,DT,ML,10,2639016,2639016,176407,,,200,15.7512366771698,0.033432722091674805,6.881407976150513,15.784669399261475,2026-09-01T12:47:50.603946+00:00,gpu1.nitsri.ac.in,0.997668085038841,0.9969310706596756,0.9904274542792161,0.9958180949621358,0.9931154595616231,0.9947883260756274,0.9969310706596756,0.9958558879535864,0.991717081887108,0.9977008651123351,0.9903332815145999,627109,1229,534,127159,756031,0.16889915889692353,0.0
CIC-IDS2017__balanced__top10__DT__seed45,CIC-IDS2017,45,top10,balanced,DT,ML,10,2639016,2639016,176407,,,200,15.744935750961304,0.03651237487792969,7.194169759750366,15.781448125839233,2026-09-01T15:57:34.589172+00:00,gpu1.nitsri.ac.in,0.9938349088860113,0.9951678480885163,0.967326070771989,0.9971807381767207,0.9820265533477038,0.9833747572552539,0.9951678480885163,0.9891529470750142,0.9784715394336067,0.9983221980097282,0.9929753716862874,624037,4301,360,127333,756031,0.16889915889692353,0.0
CIC-IDS2017__balanced__top10__DT__seed46,CIC-IDS2017,46,top10,balanced,DT,ML,10,2639016,2639016,176407,,,200,18.68790555000305,0.03557324409484863,6.547863483428955,18.7234787940979,2026-09-01T19:20:30.058871+00:00,gpu1.nitsri.ac.in,0.9971905913910938,0.996141502379241,0.9888730562887866,0.9945572584245025,0.9917070123379665,0.9938828350512964,0.996141502379241,0.9950079257202046,0.9900217609359283,0.997129877880899,0.9885312575560561,626909,1429,695,126998,756031,0.16889915889692353,0.0
CIC-IDS2017__balanced__top10__GNB__seed42,CIC-IDS2017,42,top10,balanced,GNB,ML,10,2639016,2639016,176407,,,200,0.3154106140136719,0.020517349243164062,6.985037803649902,0.33592796325683594,2026-09-01T05:33:22.780161+00:00,gpu1.nitsri.ac.in,0.3154579640252847,0.5798070649419635,0.19537215604517197,0.9790043306994118,0.3257391288487269,0.5861464576550054,0.5798070649419635,0.31529876887350605,0.16583239660082263,0.7687659447030548,0.5071727842921736,113484,514854,2681,125012,756031,0.16889915889692353,0.0
CIC-IDS2017__balanced__top10__GNB__seed43,CIC-IDS2017,43,top10,balanced,GNB,ML,10,2639016,2639016,176407,,,200,0.3181335926055908,0.020230770111083984,6.7921953201293945,0.3383643627166748,2026-09-01T09:50:09.084318+00:00,gpu1.nitsri.ac.in,0.34854126351961756,0.5985747249387247,0.20296812054855193,0.9761537437447628,0.33606041365885747,0.590755051430331,0.5985747249387247,0.34831097536611133,0.18916822388070043,0.7496949813931518,0.5831906151143349,138860,489478,3045,124648,756031,0.16889915889692353,0.0
CIC-IDS2017__balanced__top10__GNB__seed44,CIC-IDS2017,44,top10,balanced,GNB,ML,10,2639016,2639016,176407,,,200,0.3264644145965576,0.021655797958374023,6.881407976150513,0.34812021255493164,2026-09-01T12:48:23.740240+00:00,gpu1.nitsri.ac.in,0.7967239438594449,0.7183645322333794,0.4274953969759527,0.6000328913879382,0.499278320621133,0.6694750637317952,0.7183645322333794,0.6858776357063507,0.3847458538672803,0.8138984055266864,0.5991890744087807,525728,102610,51073,76620,756031,0.16889915889692353,5.551115123125783e-17
CIC-IDS2017__balanced__top10__GNB__seed45,CIC-IDS2017,45,top10,balanced,GNB,ML,10,2639016,2639016,176407,,,200,0.31964683532714844,0.021118879318237305,7.194169759750366,0.34076571464538574,2026-09-01T15:58:07.785298+00:00,gpu1.nitsri.ac.in,0.8009526064407412,0.7195545123174933,0.4349384865698056,0.5966341146343183,0.5031136704330083,0.6731328558909083,0.7195545123174933,0.6893316027495259,0.38993383921513264,0.8112750968794571,0.5907842475801499,529359,98979,51507,76186,756031,0.16889915889692353,1.1102230246251565e-16
CIC-IDS2017__balanced__top10__GNB__seed46,CIC-IDS2017,46,top10,balanced,GNB,ML,10,2639016,2639016,176407,,,200,0.3176236152648926,0.020282745361328125,6.547863483428955,0.3379063606262207,2026-09-01T19:21:06.019839+00:00,gpu1.nitsri.ac.in,0.8595017929158989,0.755789233440491,0.5816127953294615,0.5991714502752696,0.5902615712792344,0.749826098761478,0.755789233440491,0.7527380575483735,0.505580166919656,0.7696621210881546,0.6201959999348535,573300,55038,51183,76510,756031,0.16889915889692353,1.1102230246251565e-16
CIC-IDS2017__balanced__top10__GRU__seed42,CIC-IDS2017,42,top10,balanced,GRU,DL,10,2639016,2639016,176407,,100.0,200,413.8996078968048,0.7800025939941406,6.985037803649902,414.67961049079895,2026-09-01T05:44:18.772936+00:00,gpu1.nitsri.ac.in,0.991585001144133,0.9886383774682705,0.966596675819316,0.9841886399411087,0.9753133366962865,0.9816857541655244,0.9886383774682705,0.9851206975839559,0.9702992226422159,0.9991915998821798,0.996375260706354,623995,4343,2019,125674,756031,0.16889915889692353,1.1102230246251565e-16
CIC-IDS2017__balanced__top10__GRU__seed43,CIC-IDS2017,43,top10,balanced,GRU,DL,10,2639016,2639016,176407,,83.0,200,342.0450780391693,0.7105493545532227,6.7921953201293945,342.75562739372253,2026-09-01T09:59:22.021689+00:00,gpu1.nitsri.ac.in,0.9905599109031243,0.9863026110321655,0.9647852571516694,0.979873603094923,0.9722708959022157,0.9803410304846991,0.9863026110321655,0.9832912941874759,0.966625257916614,0.9991974086338842,0.9964802406207545,623771,4567,2570,125123,756031,0.16889915889692353,1.1102230246251565e-16
CIC-IDS2017__balanced__top10__GRU__seed44,CIC-IDS2017,44,top10,balanced,GRU,DL,10,2639016,2639016,176407,,91.0,200,378.94154596328735,0.7916953563690186,6.881407976150513,379.7332413196564,2026-09-01T12:58:32.505399+00:00,gpu1.nitsri.ac.in,0.9916365863304547,0.9901076816389396,0.963598166539343,0.9877988613314747,0.9755484487205763,0.980552944460366,0.9901076816389396,0.9852520239708091,0.970613598738934,0.9993049348302012,0.9970456666659265,623573,4765,1558,126135,756031,0.16889915889692353,0.0
CIC-IDS2017__balanced__top10__GRU__seed45,CIC-IDS2017,45,top10,balanced,GRU,DL,10,2639016,2639016,176407,,63.0,200,258.8889834880829,0.7132835388183594,7.194169759750366,259.60226702690125,2026-09-01T16:05:55.092218+00:00,gpu1.nitsri.ac.in,0.9901101938941658,0.9863908435191752,0.9614463380930447,0.9807742006218039,0.9710140994677325,0.9787615888518505,0.9863908435191752,0.9825260488798735,0.9651222783590319,0.9991898264525356,0.99646722926302,623316,5022,2455,125238,756031,0.16889915889692353,1.1102230246251565e-16
CIC-IDS2017__balanced__top10__GRU__seed46,CIC-IDS2017,46,top10,balanced,GRU,DL,10,2639016,2639016,176407,,69.0,200,285.51840686798096,0.793668270111084,6.547863483428955,286.31207513809204,2026-09-01T19:29:11.325431+00:00,gpu1.nitsri.ac.in,0.9918416043786564,0.9872078481670692,0.9717329027149145,0.980210348257148,0.975953216374269,0.9838520195117371,0.9872078481670692,0.9855203376087003,0.971054069056104,0.9991919877521442,0.9963585482205619,624697,3641,2527,125166,756031,0.16889915889692353,1.1102230246251565e-16
CIC-IDS2017__balanced__top10__KNN__seed42,CIC-IDS2017,42,top10,balanced,KNN,ML,10,2639016,2639016,176407,,,200,5.622907400131226,28.878560781478882,6.985037803649902,34.50146818161011,2026-09-01T05:34:28.901126+00:00,gpu1.nitsri.ac.in,0.9970583216825765,0.9962179219415885,0.9877241947647073,0.9949488225666246,0.9913233458177279,0.9933480745198918,0.9962179219415885,0.994776140689666,0.9895618350202168,0.9978257669495426,0.9919931731495795,626759,1579,645,127048,756031,0.16889915889692353,1.1102230246251565e-16
CIC-IDS2017__balanced__top10__KNN__seed43,CIC-IDS2017,43,top10,balanced,KNN,ML,10,2639016,2639016,176407,,,200,5.786423683166504,14.92236876487732,6.7921953201293945,20.708792448043823,2026-09-01T09:50:45.954451+00:00,gpu1.nitsri.ac.in,0.9951337974236506,0.9941615768944861,0.9787963492038979,0.9926934131080012,0.9856959008394278,0.9886535913849983,0.9941615768944861,0.9913820533456907,0.9827997339722161,0.9971688580115433,0.9885162703863826,625592,2746,933,126760,756031,0.16889915889692353,1.1102230246251565e-16
CIC-IDS2017__balanced__top10__KNN__seed44,CIC-IDS2017,44,top10,balanced,KNN,ML,10,2639016,2639016,176407,,,200,5.4905009269714355,26.869613647460938,6.881407976150513,32.36011457443237,2026-09-01T12:49:25.196137+00:00,gpu1.nitsri.ac.in,0.9974881982352576,0.996981963111295,0.9889913392315706,0.9962174903871003,0.9925912632305838,0.9941107507834521,0.996981963111295,0.9955395055608365,0.9910885549107221,0.9982945918833366,0.9927053678445839,626922,1416,483,127210,756031,0.16889915889692353,0.0
CIC-IDS2017__balanced__top10__KNN__seed45,CIC-IDS2017,45,top10,balanced,KNN,ML,10,2639016,2639016,176407,,,200,5.947824001312256,19.51400113105774,7.194169759750366,25.461825132369995,2026-09-01T15:58:52.505706+00:00,gpu1.nitsri.ac.in,0.9968824029702485,0.9935818552883631,0.9929132124148563,0.9885976521814038,0.9907507328386264,0.9952990166015652,0.9935818552883631,0.9944379889604373,0.9888793809898198,0.9944608035815697,0.9875901539546694,627437,901,1456,126237,756031,0.16889915889692353,1.1102230246251565e-16
CIC-IDS2017__balanced__top10__KNN__seed46,CIC-IDS2017,46,top10,balanced,KNN,ML,10,2639016,2639016,176407,,,200,6.245710611343384,9.577543497085571,6.547863483428955,15.823254108428955,2026-09-01T19:21:32.160596+00:00,gpu1.nitsri.ac.in,0.9972329176978193,0.9963978383419716,0.9885563585726177,0.9951367733548433,0.9918356515087654,0.9937833491062895,0.9963978383419716,0.9950849078182993,0.9901777357739795,0.9980811922550917,0.9925802541111456,626867,1471,621,127072,756031,0.16889915889692353,1.1102230246251565e-16
CIC-IDS2017__balanced__top10__LSTM__seed42,CIC-IDS2017,42,top10,balanced,LSTM,DL,10,2639016,2639016,176407,,70.0,200,256.3511972427368,0.7892663478851318,7.374064922332764,257.14046359062195,2026-09-02T04:03:47.651236+00:00,gpu1.nitsri.ac.in,0.9866857311406543,0.9882554699536001,0.9344808480774203,0.9906259544375964,0.9617346744824335,0.9662761372886707,0.9882554699536001,0.9768377264473362,0.9542785223194103,0.9990421080327146,0.9962117637815319,619469,8869,1197,126496,756031,0.16889915889692353,1.1102230246251565e-16
CIC-IDS2017__balanced__top10__LSTM__seed43,CIC-IDS2017,43,top10,balanced,LSTM,DL,10,2639016,2639016,176407,,83.0,200,302.9461612701416,0.7996766567230225,6.7921953201293945,303.7458379268646,2026-09-01T10:04:27.026606+00:00,gpu1.nitsri.ac.in,0.990296694183175,0.9880879490898367,0.9589049452853929,0.9847524923057646,0.9716568531998083,0.9778946134149209,0.9880879490898367,0.982901598888559,0.9659287794506779,0.9993146584505908,0.996761497614227,622949,5389,1947,125746,756031,0.16889915889692353,0.0
CIC-IDS2017__balanced__top10__LSTM__seed44,CIC-IDS2017,44,top10,balanced,LSTM,DL,10,2639016,2639016,176407,,45.0,200,163.66630387306213,0.793229341506958,6.881407976150513,164.4595332145691,2026-09-01T13:01:18.237106+00:00,gpu1.nitsri.ac.in,0.9861831062482888,0.9853729347742164,0.9371919069885376,0.9841494835268966,0.9600968737585185,0.9669687868865575,0.9853729347742164,0.9758709659487942,0.9521638735828702,0.9988693636714634,0.9954088282951685,619916,8422,2024,125669,756031,0.16889915889692353,0.0
CIC-IDS2017__balanced__top10__LSTM__seed45,CIC-IDS2017,45,top10,balanced,LSTM,DL,10,2639016,2639016,176407,,50.0,200,183.55473613739014,0.8344776630401611,7.194169759750366,184.3892138004303,2026-09-01T16:09:00.749112+00:00,gpu1.nitsri.ac.in,0.9874409911762877,0.9828194883431773,0.9510754247507976,0.9758404924310652,0.9632988160534341,0.9730697637087311,0.9828194883431773,0.9778615624830506,0.9558395289262258,0.9989048893595798,0.9953595745664785,621928,6410,3085,124608,756031,0.16889915889692353,0.0
CIC-IDS2017__balanced__top10__LSTM__seed46,CIC-IDS2017,46,top10,balanced,LSTM,DL,10,2639016,2639016,176407,,85.0,200,314.8934383392334,0.8238003253936768,6.547863483428955,315.7172386646271,2026-09-01T19:34:28.301051+00:00,gpu1.nitsri.ac.in,0.9915215116840447,0.9873959033993136,0.9690238450650848,0.981165764763926,0.9750570069964901,0.9825932579549996,0.9873959033993136,0.984974873279836,0.9699772717654676,0.9990844225887332,0.9959769780142567,624333,4005,2405,125288,756031,0.16889915889692353,0.0
CIC-IDS2017__balanced__top10__MLP__seed42,CIC-IDS2017,42,top10,balanced,MLP,DL,10,2639016,2639016,176407,,145.0,200,137.0256907939911,0.2966303825378418,7.374064922332764,137.32232117652893,2026-09-02T04:06:05.992144+00:00,gpu1.nitsri.ac.in,0.9898985623605381,0.9853119566441257,0.9624297049533934,0.9783856593548589,0.970342093101828,0.9790111576149785,0.9853119566441257,0.9821273475299831,0.9643025296171175,0.9988544396359652,0.9952798267161792,623461,4877,2760,124933,756031,0.16889915889692353,0.0
CIC-IDS2017__balanced__top10__MLP__seed43,CIC-IDS2017,43,top10,balanced,MLP,DL,10,2639016,2639016,176407,,83.0,200,75.41265201568604,0.2971608638763428,6.7921953201293945,75.70981287956238,2026-09-01T10:05:43.968660+00:00,gpu1.nitsri.ac.in,0.9897186755569547,0.9867012824905286,0.9580385925778803,0.9821446751192313,0.969941879125596,0.9771956610159946,0.9867012824905286,0.9818703294929356,0.9638500717754814,0.9984830443206975,0.993437069700386,622845,5493,2280,125413,756031,0.16889915889692353,0.0
CIC-IDS2017__balanced__top10__MLP__seed44,CIC-IDS2017,44,top10,balanced,MLP,DL,10,2639016,2639016,176407,,177.0,200,165.31841325759888,0.30476975440979004,6.881407976150513,165.62318301200867,2026-09-01T13:04:05.110847+00:00,gpu1.nitsri.ac.in,0.9883946557746971,0.9875582791048405,0.9471748629359165,0.9862952550257258,0.9663392925650273,0.9721830813530423,0.9875582791048405,0.9796639782397903,0.9596181960903204,0.9988952522544892,0.9952990008866321,621314,7024,1750,125943,756031,0.16889915889692353,0.0
CIC-IDS2017__balanced__top10__MLP__seed45,CIC-IDS2017,45,top10,balanced,MLP,DL,10,2639016,2639016,176407,,110.0,200,103.04604911804199,0.3029146194458008,7.194169759750366,103.3489637374878,2026-09-01T16:10:45.342208+00:00,gpu1.nitsri.ac.in,0.9876737858632781,0.9854242545302749,0.9469574541994532,0.9820272058765946,0.9641735386271457,0.971638631783591,0.9854242545302749,0.9783649663938008,0.9569635964679712,0.9985704408629016,0.9942700412810554,621314,7024,2295,125398,756031,0.16889915889692353,0.0
CIC-IDS2017__balanced__top10__MLP__seed46,CIC-IDS2017,46,top10,balanced,MLP,DL,10,2639016,2639016,176407,,155.0,200,143.84289598464966,0.3025364875793457,6.547863483428955,144.145432472229,2026-09-01T19:36:53.691952+00:00,gpu1.nitsri.ac.in,0.9888298231157188,0.9856455165938494,0.9542988631861266,0.9808368508845434,0.9673858892317436,0.9751911642155411,0.9856455165938494,0.9803233685560214,0.9607798050048494,0.9984705477238891,0.9934425962936488,622340,5998,2447,125246,756031,0.16889915889692353,0.0
CIC-IDS2017__balanced__top10__RF__seed42,CIC-IDS2017,42,top10,balanced,RF,ML,10,2639016,2639016,176407,,,200,29.184035301208496,0.2909090518951416,6.985037803649902,29.474944353103638,2026-09-01T05:33:21.749015+00:00,gpu1.nitsri.ac.in,0.9974247087751693,0.9968064918885289,0.9889568071174156,0.9958729139420328,0.9924028109989503,0.9940584464309914,0.9968064918885289,0.9954261919474523,0.9908611276244064,0.9994740922682837,0.9976661442628426,626918,1420,527,127166,756031,0.16889915889692353,1.1102230246251565e-16
CIC-IDS2017__balanced__top10__RF__seed43,CIC-IDS2017,43,top10,balanced,RF,ML,10,2639016,2639016,176407,,,200,32.09936833381653,0.3190925121307373,6.7921953201293945,32.418460845947266,2026-09-01T09:50:08.028390+00:00,gpu1.nitsri.ac.in,0.9961165613579337,0.9948682551680827,0.9841660392589086,0.9929831705731715,0.9885549448407593,0.9913687270820128,0.9948682551680827,0.9931082469446451,0.9862307734303114,0.9991258930052032,0.9967306476646848,626298,2040,896,126797,756031,0.16889915889692353,1.1102230246251565e-16
CIC-IDS2017__balanced__top10__RF__seed44,CIC-IDS2017,44,top10,balanced,RF,ML,10,2639016,2639016,176407,,,200,30.978145837783813,0.2920036315917969,6.881407976150513,31.27014946937561,2026-09-01T12:48:22.683681+00:00,gpu1.nitsri.ac.in,0.9979180747879386,0.9974433748187779,0.9909990578598625,0.9967265237718591,0.9938545392075714,0.9951665142709127,0.9974433748187779,0.9963006463150565,0.9926072777411483,0.9998086006582514,0.9990757116973297,627182,1156,418,127275,756031,0.16889915889692353,0.0
CIC-IDS2017__balanced__top10__RF__seed45,CIC-IDS2017,45,top10,balanced,RF,ML,10,2639016,2639016,176407,,,200,30.937830686569214,0.3320910930633545,7.194169759750366,31.26992177963257,2026-09-01T15:58:06.707333+00:00,gpu1.nitsri.ac.in,0.9940888667263644,0.9953892697096585,0.9685822064706509,0.9973530263992545,0.9827570906593512,0.9840205062407134,0.9953892697096585,0.9895950587630928,0.9793437907315004,0.9998521604226164,0.999167383323825,624207,4131,338,127355,756031,0.16889915889692353,0.0
CIC-IDS2017__balanced__top10__RF__seed46,CIC-IDS2017,46,top10,balanced,RF,ML,10,2639016,2639016,176407,,,200,33.75612115859985,0.29869771003723145,6.547863483428955,34.054818868637085,2026-09-01T19:21:04.945167+00:00,gpu1.nitsri.ac.in,0.99750671599445,0.9967840708907785,0.9896091159575958,0.9956927944366567,0.9926416339086002,0.994366347979005,0.9967840708907785,0.9955703537373489,0.9911474700778232,0.9997713910283317,0.9990987836030127,627003,1335,550,127143,756031,0.16889915889692353,0.0
CIC-IDS2017__balanced__top10__SVM__seed42,CIC-IDS2017,42,top10,balanced,SVM,ML,10,2639016,100000,176407,100000.0,,200,8.872644901275635,82.0380916595459,6.985037803649902,90.91073656082153,2026-09-01T05:37:22.891723+00:00,gpu1.nitsri.ac.in,0.8767854757278472,0.9029664567005959,0.5837662432153199,0.9425027213707877,0.7209755103996933,0.7852069738776593,0.9029664567005959,0.8209556190538756,0.6780231373331732,0.9542153588793152,0.8716113870168476,542526,85812,7342,120351,756031,0.16889915889692353,1.1102230246251565e-16
CIC-IDS2017__balanced__top10__SVM__seed43,CIC-IDS2017,43,top10,balanced,SVM,ML,10,2639016,100000,176407,100000.0,,200,9.10875415802002,80.83225417137146,6.7921953201293945,89.94100832939148,2026-09-01T09:53:38.017699+00:00,gpu1.nitsri.ac.in,0.8777192998699789,0.9061396053125483,0.585079007970801,0.949057505109912,0.7238907605189592,0.7866140166470875,0.9061396053125483,0.8226805926804175,0.6823644293135224,0.9489497846389827,0.8587051947569874,542395,85943,6505,121188,756031,0.16889915889692353,1.1102230246251565e-16
CIC-IDS2017__balanced__top10__SVM__seed44,CIC-IDS2017,44,top10,balanced,SVM,ML,10,2639016,100000,176407,100000.0,,200,8.722119569778442,78.23675966262817,6.881407976150513,86.95887923240662,2026-09-01T12:52:11.540533+00:00,gpu1.nitsri.ac.in,0.8918695132871536,0.9118227979676322,0.6180331827827704,0.9419545315718167,0.7463637717491126,0.8024153787347266,0.9118227979676322,0.8388259287407047,0.7058088903349867,0.9609671923383561,0.905609837881778,554000,74338,7412,120281,756031,0.16889915889692353,0.0
CIC-IDS2017__balanced__top10__SVM__seed45,CIC-IDS2017,45,top10,balanced,SVM,ML,10,2639016,100000,176407,100000.0,,200,8.619893550872803,75.96987223625183,7.194169759750366,84.58976578712463,2026-09-01T16:01:34.274499+00:00,gpu1.nitsri.ac.in,0.893706739538458,0.9139358197086104,0.6220677133838123,0.9444840359299257,0.7500971797654624,0.8047286561689186,0.9139358197086104,0.8412974464488765,0.7103185372211108,0.959867229500206,0.904605830468566,555066,73272,7089,120604,756031,0.16889915889692353,0.0
CIC-IDS2017__balanced__top10__SVM__seed46,CIC-IDS2017,46,top10,balanced,SVM,ML,10,2639016,100000,176407,100000.0,,200,9.036829948425293,80.56584548950195,6.547863483428955,89.60267543792725,2026-09-01T19:24:23.749626+00:00,gpu1.nitsri.ac.in,0.8765751668913048,0.9056447147768147,0.5825965788967903,0.9495430446461435,0.7221280891448515,0.7854186849140821,0.9056447147768147,0.8213985485762549,0.6805250356421766,0.9525700922562133,0.8659551744913541,541468,86870,6443,121250,756031,0.16889915889692353,0.0
CIC-IDS2017__balanced__top10__SimpleRNN__seed42,CIC-IDS2017,42,top10,balanced,SimpleRNN,DL,10,2639016,2639016,176407,,127.0,200,282.6521165370941,0.5099983215332031,7.374064922332764,283.1621148586273,2026-09-02T04:10:50.189454+00:00,gpu1.nitsri.ac.in,0.9795325853040417,0.9720683874372831,0.9213848522398709,0.9607965980907333,0.9406780960559407,0.9566739697979709,0.9720683874372831,0.9641554535349419,0.9286147629821758,0.9973473771552639,0.9885371628441385,617870,10468,5006,122687,756031,0.16889915889692353,1.1102230246251565e-16
CIC-IDS2017__balanced__top10__SimpleRNN__seed43,CIC-IDS2017,43,top10,balanced,SimpleRNN,DL,10,2639016,2639016,176407,,84.0,200,182.98629474639893,0.5105383396148682,6.7921953201293945,183.4968330860138,2026-09-01T10:08:48.708635+00:00,gpu1.nitsri.ac.in,0.9913138482416727,0.9867967471529975,0.9689498706889876,0.9799754097718747,0.9744314531671592,0.9824354863227434,0.9867967471529975,0.9845998567341584,0.9692224212286586,0.998996152175331,0.9954047088889706,624328,4010,2557,125136,756031,0.16889915889692353,0.0
CIC-IDS2017__balanced__top10__SimpleRNN__seed44,CIC-IDS2017,44,top10,balanced,SimpleRNN,DL,10,2639016,2639016,176407,,98.0,200,215.37073016166687,0.5225498676300049,6.881407976150513,215.89328002929688,2026-09-01T13:07:42.267606+00:00,gpu1.nitsri.ac.in,0.9910149187004237,0.991621213386332,0.9559511238497511,0.9925367874511524,0.9739004814175884,0.9772112676980638,0.991621213386332,0.9842369240076569,0.9687253118760794,0.9993217362657565,0.9972370694913354,622498,5840,953,126740,756031,0.16889915889692353,0.0
CIC-IDS2017__balanced__top10__SimpleRNN__seed45,CIC-IDS2017,45,top10,balanced,SimpleRNN,DL,10,2639016,2639016,176407,,200.0,200,440.22770524024963,0.5192050933837891,7.194169759750366,440.7469103336334,2026-09-01T16:18:07.346594+00:00,gpu1.nitsri.ac.in,0.9908786809006509,0.9878203406254961,0.9635377094221752,0.983201898302961,0.9732704890074111,0.9800548621391878,0.9878203406254961,0.9838857967057357,0.9678440501809455,0.9993571820940765,0.9969020095098953,623587,4751,2145,125548,756031,0.16889915889692353,0.0
CIC-IDS2017__balanced__top10__SimpleRNN__seed46,CIC-IDS2017,46,top10,balanced,SimpleRNN,DL,10,2639016,2639016,176407,,200.0,200,440.016503572464,0.5234935283660889,6.547863483428955,440.5399971008301,2026-09-01T19:44:15.479366+00:00,gpu1.nitsri.ac.in,0.9931325567337848,0.990623928316974,0.9728928452861654,0.9868356135418543,0.9798146305051008,0.985104859566474,0.990623928316974,0.9878385354979031,0.9757131788515669,0.9993765785212168,0.9971290921158983,624827,3511,1681,126012,756031,0.16889915889692353,0.0
CIC-IDS2017__balanced__top20__CNN__seed42,CIC-IDS2017,42,top20,balanced,CNN,DL,20,2639016,2639016,176407,,58.0,200,383.98791313171387,0.8451330661773682,15.368584632873535,384.83304619789124,2026-09-01T05:32:25.681295+00:00,gpu1.nitsri.ac.in,0.9977209929222479,0.9966353120688703,0.9915403705380137,0.9949958102636793,0.9932650851538711,0.9952613406091684,0.9966353120688703,0.9959467610606381,0.9918957010675696,0.9999279547291839,0.9996485391301774,627254,1084,639,127054,756031,0.16889915889692353,0.0
CIC-IDS2017__balanced__top20__CNN__seed43,CIC-IDS2017,43,top20,balanced,CNN,DL,20,2639016,2639016,176407,,27.0,200,177.47675728797913,0.7714707851409912,20.633098602294922,178.24822807312012,2026-09-01T09:49:10.218965+00:00,gpu1.nitsri.ac.in,0.9791106449338718,0.9840039587245071,0.895999660268388,0.9913934201561557,0.9412858157267614,0.9471059606635371,0.9840039587245071,0.9642905462714972,0.9303785357164591,0.9989769179293226,0.995222815136214,613644,14694,1099,126594,756031,0.16889915889692353,1.1102230246251565e-16
CIC-IDS2017__balanced__top20__CNN__seed44,CIC-IDS2017,44,top20,balanced,CNN,DL,20,2639016,2639016,176407,,43.0,200,283.41631841659546,0.7742037773132324,16.133338928222656,284.1905221939087,2026-09-01T12:47:27.308917+00:00,gpu1.nitsri.ac.in,0.9953970141435999,0.9936366749475202,0.9819351434402378,0.9909783621655063,0.9864360271591273,0.99004914872893,0.9936366749475202,0.9918321115485003,0.9836792817568373,0.9998224760657608,0.9992353968678711,626010,2328,1152,126541,756031,0.16889915889692353,0.0
CIC-IDS2017__balanced__top20__CNN__seed45,CIC-IDS2017,45,top20,balanced,CNN,DL,20,2639016,2639016,176407,,51.0,200,339.70697927474976,0.7780001163482666,16.73322367668152,340.484979391098,2026-09-01T15:57:10.980930+00:00,gpu1.nitsri.ac.in,0.9943137252308437,0.9935746151175766,0.9743514830931989,0.992458474622728,0.9833216298945915,0.9864065292104465,0.9935746151175766,0.98994711419078,0.9799549284446144,0.9998327947553635,0.999246189593661,625002,3336,963,126730,756031,0.16889915889692353,0.0
CIC-IDS2017__balanced__top20__CNN__seed46,CIC-IDS2017,46,top20,balanced,CNN,DL,20,2639016,2639016,176407,,29.0,200,190.88909697532654,0.7782738208770752,15.308930397033691,191.6673707962036,2026-09-01T19:20:04.157074+00:00,gpu1.nitsri.ac.in,0.9943216614133548,0.9943531226759816,0.9725941358497503,0.9944006327676537,0.9833765087183299,0.9857255023147389,0.9943531226759816,0.9899762765761941,0.9800406498358135,0.9997964133241916,0.9989777541893972,624760,3578,715,126978,756031,0.16889915889692353,0.0
CIC-IDS2017__balanced__top20__DT__seed42,CIC-IDS2017,42,top20,balanced,DT,ML,20,2639016,2639016,176407,,,200,30.199913024902344,0.036417245864868164,15.368584632873535,30.236330270767212,2026-09-01T05:00:56.525512+00:00,gpu1.nitsri.ac.in,0.9992381264789407,0.9989519884989084,0.9969739856596633,0.9985198875427784,0.9977463377989233,0.9983365486613343,0.9989519884989084,0.9986439567684096,0.9972883472622265,0.9990130026609416,0.9959640142376797,627951,387,189,127504,756031,0.16889915889692353,1.1102230246251565e-16
CIC-IDS2017__balanced__top20__DT__seed43,CIC-IDS2017,43,top20,balanced,DT,ML,20,2639016,2639016,176407,,,200,28.297839879989624,0.03500056266784668,20.633098602294922,28.33284044265747,2026-09-01T09:16:06.871871+00:00,gpu1.nitsri.ac.in,0.9990965978908273,0.9986203718250055,0.9967537546933667,0.9979012161982255,0.997327155396759,0.9981635664269153,0.9986203718250055,0.998391797261955,0.9967838335796971,0.9986233440863587,0.9950453904212727,627923,415,268,127425,756031,0.16889915889692353,0.0
CIC-IDS2017__balanced__top20__DT__seed44,CIC-IDS2017,44,top20,balanced,DT,ML,20,2639016,2639016,176407,,,200,33.40261220932007,0.035954952239990234,16.133338928222656,33.43856716156006,2026-09-01T12:17:38.464434+00:00,gpu1.nitsri.ac.in,0.9980093408868155,0.9969148618878804,0.9929680907585086,0.9952620738803223,0.9941137589418064,0.9960023904607216,0.9969148618878804,0.9964579369526703,0.9929168330768655,0.997397306067124,0.990262477475429,627438,900,605,127088,756031,0.16889915889692353,0.0
CIC-IDS2017__balanced__top20__DT__seed45,CIC-IDS2017,45,top20,balanced,DT,ML,20,2639016,2639016,176407,,,200,28.82381510734558,0.03570556640625,16.73322367668152,28.85952067375183,2026-09-01T15:22:50.326697+00:00,gpu1.nitsri.ac.in,0.997974950762601,0.9969004121690963,0.9927510193878986,0.9952777364460073,0.9940127722311516,0.9958954240906257,0.9969004121690963,0.9963970818685939,0.9927953275945666,0.9972986366618687,0.9899981448156182,627410,928,603,127090,756031,0.16889915889692353,0.0
CIC-IDS2017__balanced__top20__DT__seed46,CIC-IDS2017,46,top20,balanced,DT,ML,20,2639016,2639016,176407,,,200,32.253823041915894,0.03516197204589844,15.308930397033691,32.28898501396179,2026-09-01T18:45:22.714284+00:00,gpu1.nitsri.ac.in,0.9991402468946379,0.9988119858191684,0.9965992510534504,0.9983162741888749,0.9974570237005391,0.9981284793408174,0.9988119858191684,0.9984698477983649,0.9969402308525337,0.9988790894106456,0.9953852908259377,627903,435,215,127478,756031,0.16889915889692353,1.1102230246251565e-16
CIC-IDS2017__balanced__top20__GNB__seed42,CIC-IDS2017,42,top20,balanced,GNB,ML,20,2639016,2639016,176407,,,200,0.42090702056884766,0.04178118705749512,15.368584632873535,0.4626882076263428,2026-09-01T05:01:32.911243+00:00,gpu1.nitsri.ac.in,0.246799403728154,0.5429970343809131,0.1820368642896628,0.9902892092753715,0.3075409588872851,0.5809165991509414,0.5429970343809131,0.2409589186930115,0.11796904332373959,0.6015103559336069,0.2036033460801578,60135,568203,1240,126453,756031,0.16889915889692353,5.551115123125783e-17
CIC-IDS2017__balanced__top20__GNB__seed43,CIC-IDS2017,43,top20,balanced,GNB,ML,20,2639016,2639016,176407,,,200,0.42342114448547363,0.04322457313537598,20.633098602294922,0.4666457176208496,2026-09-01T09:16:45.156650+00:00,gpu1.nitsri.ac.in,0.28094615167896553,0.5624949542739092,0.18875136567041323,0.9876657295231532,0.3169339446613299,0.5854126616995492,0.5624949542739092,0.27894466079434616,0.1461213247589303,0.6074093303072261,0.20611326106031924,86286,542052,1575,126118,756031,0.16889915889692353,5.551115123125783e-17
CIC-IDS2017__balanced__top20__GNB__seed44,CIC-IDS2017,44,top20,balanced,GNB,ML,20,2639016,2639016,176407,,,200,0.4244084358215332,0.0431971549987793,16.133338928222656,0.4676055908203125,2026-09-01T12:18:21.057229+00:00,gpu1.nitsri.ac.in,0.33374689662196394,0.5921888929776747,0.20011069940008583,0.9824657577157714,0.33249758817729813,0.591384314597648,0.5921888929776747,0.33374456276390774,0.1835714443837138,0.6207439842826684,0.212019970456429,126869,501469,2239,125454,756031,0.16889915889692353,0.0
CIC-IDS2017__balanced__top20__GNB__seed45,CIC-IDS2017,45,top20,balanced,GNB,ML,20,2639016,2639016,176407,,,200,0.4267704486846924,0.043859004974365234,16.73322367668152,0.4706294536590576,2026-09-01T15:23:30.158145+00:00,gpu1.nitsri.ac.in,0.2789303613211628,0.561534942385794,0.18839720775808533,0.988300063433391,0.31646707600410756,0.5855301965683377,0.561534942385794,0.2767492263100342,0.14509439297337848,0.6044962971482875,0.20484284861060736,84681,543657,1494,126199,756031,0.16889915889692353,5.551115123125783e-17
CIC-IDS2017__balanced__top20__GNB__seed46,CIC-IDS2017,46,top20,balanced,GNB,ML,20,2639016,2639016,176407,,,200,0.4231729507446289,0.041681766510009766,15.308930397033691,0.46485471725463867,2026-09-01T18:46:05.341152+00:00,gpu1.nitsri.ac.in,0.25222510717153135,0.5458181765456326,0.18298781636171355,0.9891771671117445,0.30884282051877654,0.5809861604276292,0.5458181765456326,0.2471733087637803,0.12183001594395425,0.6057259517974134,0.2054269007215983,64379,563959,1382,126311,756031,0.16889915889692353,0.0
CIC-IDS2017__balanced__top20__GRU__seed42,CIC-IDS2017,42,top20,balanced,GRU,DL,20,2639016,2639016,176407,,51.0,200,217.2856159210205,0.7154357433319092,15.368584632873535,218.00105166435242,2026-09-01T05:18:23.004443+00:00,gpu1.nitsri.ac.in,0.994829577094061,0.992874112838577,0.9796788294013703,0.9899211389817766,0.9847733531732893,0.9888131038217898,0.992874112838577,0.9908297291118151,0.9816788169050729,0.9996667942189704,0.9984168350835297,625716,2622,1287,126406,756031,0.16889915889692353,0.0
CIC-IDS2017__balanced__top20__GRU__seed43,CIC-IDS2017,43,top20,balanced,GRU,DL,20,2639016,2639016,176407,,116.0,200,480.6225953102112,0.798154354095459,20.633098602294922,481.42074966430664,2026-09-01T09:38:14.332498+00:00,gpu1.nitsri.ac.in,0.9948970346454048,0.9937196280632274,0.9781532592495348,0.9919416099551267,0.9849991834703289,0.9882554503826464,0.9937196280632274,0.9909623880592634,0.9819598756828382,0.9998229543520957,0.99915923698814,625509,2829,1029,126664,756031,0.16889915889692353,0.0
CIC-IDS2017__balanced__top20__GRU__seed44,CIC-IDS2017,44,top20,balanced,GRU,DL,20,2639016,2639016,176407,,46.0,200,192.8457329273224,0.7203056812286377,16.133338928222656,193.56603860855103,2026-09-01T12:35:05.556115+00:00,gpu1.nitsri.ac.in,0.9933521244499234,0.9921880529622943,0.9708002302820956,0.9904301723665354,0.9805169633442907,0.9844236962173778,0.9921880529622943,0.9882546446391957,0.9765808842078143,0.9996358519908654,0.9984643794796026,624534,3804,1222,126471,756031,0.16889915889692353,2.220446049250313e-16
CIC-IDS2017__balanced__top20__GRU__seed45,CIC-IDS2017,45,top20,balanced,GRU,DL,20,2639016,2639016,176407,,48.0,200,196.26201915740967,0.7288618087768555,16.73322367668152,196.99088096618652,2026-09-01T15:40:00.456269+00:00,gpu1.nitsri.ac.in,0.9933349293878161,0.9911543838444319,0.9730853492964701,0.9878615115942142,0.9804177596424755,0.9853054440651722,0.9911543838444319,0.988200889302109,0.976442310341329,0.9995841829642633,0.9982048836305497,624849,3489,1550,126143,756031,0.16889915889692353,1.1102230246251565e-16
CIC-IDS2017__balanced__top20__GRU__seed46,CIC-IDS2017,46,top20,balanced,GRU,DL,20,2639016,2639016,176407,,82.0,200,346.3054623603821,0.8038496971130371,15.308930397033691,347.1093120574951,2026-09-01T19:05:56.423060+00:00,gpu1.nitsri.ac.in,0.9937436427871343,0.9933252435834338,0.9709169175149551,0.9926934131080012,0.9816844143272023,0.9847126243982556,0.9933252435834338,0.988955959464584,0.977999945806205,0.9997221087907548,0.9987425487186817,624541,3797,933,126760,756031,0.16889915889692353,0.0
CIC-IDS2017__balanced__top20__KNN__seed42,CIC-IDS2017,42,top20,balanced,KNN,ML,20,2639016,2639016,176407,,,200,0.0566706657409668,326.72550106048584,15.368584632873535,326.7821717262268,2026-09-01T05:12:26.896525+00:00,gpu1.nitsri.ac.in,0.9989894594269283,0.9990332594488593,0.994938663464013,0.9990994024731191,0.9970146920912786,0.9973777426373209,0.9990332594488593,0.9982032402996328,0.9964096267813115,0.9994610093890209,0.9965973167249316,627689,649,115,127578,756031,0.16889915889692353,0.0
CIC-IDS2017__balanced__top20__KNN__seed43,CIC-IDS2017,43,top20,balanced,KNN,ML,20,2639016,2639016,176407,,,200,0.056214094161987305,331.4974708557129,20.633098602294922,331.5536849498749,2026-09-01T09:27:44.581554+00:00,gpu1.nitsri.ac.in,0.9943018209570772,0.9939823989183503,0.973316147643489,0.9935000352407728,0.9833045257601711,0.9859948060693431,0.9939823989183503,0.9899345978837697,0.9799446518329339,0.9969528897145994,0.9838502654673794,624860,3478,830,126863,756031,0.16889915889692353,1.1102230246251565e-16
CIC-IDS2017__balanced__top20__KNN__seed44,CIC-IDS2017,44,top20,balanced,KNN,ML,20,2639016,2639016,176407,,,200,0.05674552917480469,330.4766676425934,16.133338928222656,330.5334131717682,2026-09-01T12:29:22.223955+00:00,gpu1.nitsri.ac.in,0.9938441677656075,0.9932141265628764,0.9718802494419772,0.9922626925516669,0.9819657139314278,0.9851505585029149,0.9932141265628764,0.9891271921241431,0.9783314550059338,0.9964831360141764,0.982023614618469,624672,3666,988,126705,756031,0.16889915889692353,0.0
CIC-IDS2017__balanced__top20__KNN__seed45,CIC-IDS2017,45,top20,balanced,KNN,ML,20,2639016,2639016,176407,,,200,0.05741548538208008,327.3561518192291,16.73322367668152,327.4135673046112,2026-09-01T15:34:25.069070+00:00,gpu1.nitsri.ac.in,0.9936431178086613,0.9929714967908847,0.9710299359883475,0.9919572725208117,0.9813820514608466,0.9846941376047469,0.9929714967908847,0.9887746416433494,0.9776305938354816,0.9964239687415831,0.9824520620946271,624559,3779,1027,126666,756031,0.16889915889692353,1.1102230246251565e-16
CIC-IDS2017__balanced__top20__KNN__seed46,CIC-IDS2017,46,top20,balanced,KNN,ML,20,2639016,2639016,176407,,,200,0.05716991424560547,328.58350706100464,15.308930397033691,328.64067697525024,2026-09-01T18:57:01.446178+00:00,gpu1.nitsri.ac.in,0.9988783528717737,0.9989414573130747,0.9943489613780739,0.9990367522103796,0.9966873447192837,0.997076509567419,0.9989414573130747,0.9980061126298807,0.9960162209114157,0.9993334090073422,0.9961129654546744,627613,725,123,127570,756031,0.16889915889692353,0.0
CIC-IDS2017__balanced__top20__LSTM__seed42,CIC-IDS2017,42,top20,balanced,LSTM,DL,20,2639016,2639016,176407,,48.0,200,180.61212873458862,0.808283805847168,15.368584632873535,181.4204125404358,2026-09-01T05:21:25.585046+00:00,gpu1.nitsri.ac.in,0.9931801738288509,0.9910363219567304,0.9722661157916644,0.9877988613314747,0.97997094310598,0.9848892410546479,0.9910363219567304,0.9879306923182158,0.9759062034516734,0.9995627829255593,0.998115851828154,624740,3598,1558,126135,756031,0.16889915889692353,0.0
CIC-IDS2017__balanced__top20__LSTM__seed43,CIC-IDS2017,43,top20,balanced,LSTM,DL,20,2639016,2639016,176407,,32.0,200,118.17080879211426,0.8050901889801025,20.633098602294922,118.97589898109436,2026-09-01T09:40:14.471686+00:00,gpu1.nitsri.ac.in,0.9802534552154607,0.9825543611909515,0.9054683791908179,0.9860289914090827,0.9440331100256047,0.9512884306773293,0.9825543611909515,0.9660224892543396,0.933319238799599,0.9985673630171137,0.9934559383089867,615193,13145,1784,125909,756031,0.16889915889692353,0.0
CIC-IDS2017__balanced__top20__LSTM__seed44,CIC-IDS2017,44,top20,balanced,LSTM,DL,20,2639016,2639016,176407,,55.0,200,204.2705626487732,0.7768447399139404,16.133338928222656,205.04740738868713,2026-09-01T12:38:31.800079+00:00,gpu1.nitsri.ac.in,0.9944869985490012,0.991847482145028,0.9796677565411888,0.9878615115942142,0.9837475726641035,0.9885983656524235,0.991847482145028,0.9902140326509665,0.980440464130934,0.9996086354481676,0.9983572135227982,625720,2618,1550,126143,756031,0.16889915889692353,1.1102230246251565e-16
CIC-IDS2017__balanced__top20__LSTM__seed45,CIC-IDS2017,45,top20,balanced,LSTM,DL,20,2639016,2639016,176407,,112.0,200,418.04879426956177,0.8387970924377441,16.73322367668152,418.8875913619995,2026-09-01T15:47:00.509164+00:00,gpu1.nitsri.ac.in,0.9949499425288116,0.9929309266370475,0.9804075174323454,0.9898819825675644,0.9851219702283532,0.9891736265530866,0.9929309266370475,0.9910404051112772,0.9820973658924415,0.9997290010869084,0.9988964212288285,625812,2526,1292,126401,756031,0.16889915889692353,0.0
CIC-IDS2017__balanced__top20__LSTM__seed46,CIC-IDS2017,46,top20,balanced,LSTM,DL,20,2639016,2639016,176407,,56.0,200,208.4691183567047,0.8290972709655762,15.308930397033691,209.2982156276703,2026-09-01T19:09:26.896437+00:00,gpu1.nitsri.ac.in,0.9921180480694575,0.9923784656756728,0.9617923311533617,0.9927717259364256,0.9770365203719474,0.9801568488239074,0.9923784656756728,0.9861395375189302,0.9724585184111074,0.9996080674683444,0.9982727045822464,623302,5036,923,126770,756031,0.16889915889692353,1.1102230246251565e-16
CIC-IDS2017__balanced__top20__MLP__seed42,CIC-IDS2017,42,top20,balanced,MLP,DL,20,2639016,2639016,176407,,72.0,200,69.2781491279602,0.31185197830200195,15.368584632873535,69.5900011062622,2026-09-01T05:22:36.320102+00:00,gpu1.nitsri.ac.in,0.9951033753906916,0.9924647730897853,0.9826317797170949,0.9884801829387672,0.9855473050525871,0.9901439239833894,0.9924647730897853,0.991299827843751,0.9826059562323379,0.9996885523585988,0.9986195072488465,626107,2231,1471,126222,756031,0.16889915889692353,1.1102230246251565e-16
CIC-IDS2017__balanced__top20__MLP__seed43,CIC-IDS2017,43,top20,balanced,MLP,DL,20,2639016,2639016,176407,,84.0,200,79.7353184223175,0.3059406280517578,20.633098602294922,80.04125905036926,2026-09-01T09:41:35.678995+00:00,gpu1.nitsri.ac.in,0.9949248112841934,0.9917396083420432,0.9830878681977034,0.9869295889359636,0.9850049827070755,0.990214771686195,0.9917396083420432,0.9909752384266015,0.9819531960993939,0.999690096771659,0.9985394857804423,626170,2168,1669,126024,756031,0.16889915889692353,0.0
CIC-IDS2017__balanced__top20__MLP__seed44,CIC-IDS2017,44,top20,balanced,MLP,DL,20,2639016,2639016,176407,,114.0,200,108.79433488845825,0.3115198612213135,16.133338928222656,109.10585474967957,2026-09-01T12:40:22.043870+00:00,gpu1.nitsri.ac.in,0.9941497107922823,0.9930921954727083,0.9743197069506865,0.9914952268331075,0.9828324347822712,0.9862925618689051,0.9930921954727083,0.989653258266437,0.9793611529440736,0.9995370318708868,0.9983113050616544,625001,3337,1086,126607,756031,0.16889915889692353,1.1102230246251565e-16
CIC-IDS2017__balanced__top20__MLP__seed45,CIC-IDS2017,45,top20,balanced,MLP,DL,20,2639016,2639016,176407,,164.0,200,158.6369252204895,0.30864500999450684,16.73322367668152,158.945570230484,2026-09-01T15:49:40.600931+00:00,gpu1.nitsri.ac.in,0.9936920576008127,0.9921304898527203,0.9733307662687717,0.9897723446077702,0.9814827038591614,0.9856225536649512,0.9921304898527203,0.9888406234432046,0.977731384826449,0.9996874297224211,0.9986516036448592,624875,3463,1306,126387,756031,0.16889915889692353,0.0
CIC-IDS2017__balanced__top20__MLP__seed46,CIC-IDS2017,46,top20,balanced,MLP,DL,20,2639016,2639016,176407,,87.0,200,80.50142574310303,0.3049125671386719,15.308930397033691,80.8063383102417,2026-09-01T19:10:48.844011+00:00,gpu1.nitsri.ac.in,0.9917265297322464,0.992495471382512,0.9588522459343449,0.9936566608976216,0.9759442506566778,0.9787767754411865,0.992495471382512,0.9854742039343909,0.9711753574054612,0.9994228953336634,0.9976784848101816,622893,5445,810,126883,756031,0.16889915889692353,1.1102230246251565e-16
CIC-IDS2017__balanced__top20__RF__seed42,CIC-IDS2017,42,top20,balanced,RF,ML,20,2639016,2639016,176407,,,200,34.15980648994446,0.2682614326477051,15.368584632873535,34.42806792259216,2026-09-01T05:01:31.828982+00:00,gpu1.nitsri.ac.in,0.9993915593408207,0.9992970067060605,0.9972486458178634,0.9991542214530162,0.9982005241951257,0.9985383485165638,0.9992970067060605,0.9989172040410982,0.997835066817163,0.9999724689723525,0.999884581465631,627986,352,108,127585,756031,0.16889915889692353,0.0
CIC-IDS2017__balanced__top20__RF__seed43,CIC-IDS2017,43,top20,balanced,RF,ML,20,2639016,2639016,176407,,,200,36.06472158432007,0.3317992687225342,20.633098602294922,36.3965208530426,2026-09-01T09:16:44.064997+00:00,gpu1.nitsri.ac.in,0.9978254859919765,0.9983111601581984,0.9882100501189065,0.999044583493222,0.9935977818105348,0.994007726762014,0.9983111601581984,0.9961440548373429,0.9923095554309521,0.9999805637769441,0.9998930237588574,626816,1522,122,127571,756031,0.16889915889692353,1.1102230246251565e-16
CIC-IDS2017__balanced__top20__RF__seed44,CIC-IDS2017,44,top20,balanced,RF,ML,20,2639016,2639016,176407,,,200,40.269959926605225,0.35463953018188477,16.133338928222656,40.62459945678711,2026-09-01T12:18:19.946546+00:00,gpu1.nitsri.ac.in,0.9966046365823623,0.996781110556983,0.983089586582861,0.9970476063683992,0.9900194013196008,0.9912439274041953,0.996781110556983,0.9939868798419103,0.9880095218371737,0.9998604390387223,0.9996006461645635,626148,2190,377,127316,756031,0.16889915889692353,0.0
CIC-IDS2017__balanced__top20__RF__seed45,CIC-IDS2017,45,top20,balanced,RF,ML,20,2639016,2639016,176407,,,200,37.61662006378174,0.2668633460998535,16.73322367668152,37.88348340988159,2026-09-01T15:23:29.059325+00:00,gpu1.nitsri.ac.in,0.9971641374493903,0.997164511202002,0.986198136516075,0.9971650756110358,0.9916512854061043,0.9928103542635438,0.997164511202002,0.9949716336403589,0.9899652900838902,0.999906073973765,0.9996781738162823,626556,1782,362,127331,756031,0.16889915889692353,0.0
CIC-IDS2017__balanced__top20__RF__seed46,CIC-IDS2017,46,top20,balanced,RF,ML,20,2639016,2639016,176407,,,200,40.49059581756592,0.25052428245544434,15.308930397033691,40.74112010002136,2026-09-01T18:46:04.252384+00:00,gpu1.nitsri.ac.in,0.9993426195486693,0.9992301252575536,0.99705353653771,0.9990602460589069,0.9980558826175565,0.998431239189007,0.9992301252575536,0.9988301569709102,0.997661044589004,0.9999378432415138,0.9998015956996473,627961,377,120,127573,756031,0.16889915889692353,0.0
CIC-IDS2017__balanced__top20__SVM__seed42,CIC-IDS2017,42,top20,balanced,SVM,ML,20,2639016,100000,176407,100000.0,,200,6.187279939651489,64.78648972511292,15.368584632873535,70.9737696647644,2026-09-01T05:14:43.871084+00:00,gpu1.nitsri.ac.in,0.9511276653999637,0.935552091421586,0.8191255908170155,0.9120311998308442,0.8630854229274203,0.9004132405462031,0.935552091421586,0.9166702238551019,0.8352264946774458,0.9812751862454048,0.9419551670856963,602622,25716,11233,116460,756031,0.16889915889692353,0.0
CIC-IDS2017__balanced__top20__SVM__seed43,CIC-IDS2017,43,top20,balanced,SVM,ML,20,2639016,100000,176407,100000.0,,200,7.132654666900635,68.78928875923157,20.633098602294922,75.9219434261322,2026-09-01T09:30:11.773170+00:00,gpu1.nitsri.ac.in,0.9508181542820334,0.9358806679829097,0.8170449768810425,0.9133233614998473,0.8625056853268647,0.8994990395394287,0.9358806679829097,0.9162793683003174,0.8345871032144626,0.9789835140142428,0.9409995554827311,602223,26115,11068,116625,756031,0.16889915889692353,0.0
CIC-IDS2017__balanced__top20__SVM__seed44,CIC-IDS2017,44,top20,balanced,SVM,ML,20,2639016,100000,176407,100000.0,,200,7.120169401168823,69.899982213974,16.133338928222656,77.02015161514282,2026-09-01T12:31:50.844991+00:00,gpu1.nitsri.ac.in,0.9467244068034247,0.929577235285107,0.8048516805814205,0.9036830523208007,0.8514088819697048,0.8923884295329956,0.929577235285107,0.9094763467766519,0.8211239534117837,0.9752763656453403,0.9344368752472186,600359,27979,12299,115394,756031,0.16889915889692353,0.0
CIC-IDS2017__balanced__top20__SVM__seed45,CIC-IDS2017,45,top20,balanced,SVM,ML,20,2639016,100000,176407,100000.0,,200,6.659948110580444,64.70753717422485,16.73322367668152,71.3674852848053,2026-09-01T15:36:42.339342+00:00,gpu1.nitsri.ac.in,0.9470749215309954,0.9319314744169722,0.8034288008194792,0.9090631436335587,0.8529879673004501,0.8922204759654186,0.9319314744169722,0.910358239021884,0.8231946755908226,0.9765439851556461,0.9377253056687775,599937,28401,11612,116081,756031,0.16889915889692353,1.1102230246251565e-16
CIC-IDS2017__balanced__top20__SVM__seed46,CIC-IDS2017,46,top20,balanced,SVM,ML,20,2639016,100000,176407,100000.0,,200,12.292062997817993,86.05714106559753,15.308930397033691,98.34920406341553,2026-09-01T19:00:08.152389+00:00,gpu1.nitsri.ac.in,0.9037354288382354,0.9225275075668147,0.6460991624719317,0.9509056878607285,0.7694145304425793,0.8175320375770485,0.9225275075668147,0.8542923241672415,0.7325736015173967,0.9715964541782425,0.9241745784443074,561828,66510,6269,121424,756031,0.16889915889692353,1.1102230246251565e-16
CIC-IDS2017__balanced__top20__SimpleRNN__seed42,CIC-IDS2017,42,top20,balanced,SimpleRNN,DL,20,2639016,2639016,176407,,87.0,200,201.66051030158997,0.5333223342895508,15.368584632873535,202.19383263587952,2026-09-01T05:25:59.675170+00:00,gpu1.nitsri.ac.in,0.9951033753906916,0.9943460675817537,0.9781426665329827,0.99320244649276,0.9856150331064067,0.9883784542744547,0.9943460675817537,0.9913322752623872,0.982706402466641,0.9997162373352446,0.9985109005474933,625504,2834,868,126825,756031,0.16889915889692353,1.1102230246251565e-16
CIC-IDS2017__balanced__top20__SimpleRNN__seed43,CIC-IDS2017,43,top20,balanced,SimpleRNN,DL,20,2639016,2639016,176407,,122.0,200,273.3959946632385,0.5287754535675049,20.633098602294922,273.92477011680603,2026-09-01T09:46:10.782519+00:00,gpu1.nitsri.ac.in,0.9962845438877507,0.9953093835840414,0.9843168279970216,0.9938367804029978,0.9890538966023825,0.9915309253722404,0.9953093835840414,0.9934082179108343,0.9868330753650647,0.9998144983120127,0.9992095118380845,626316,2022,787,126906,756031,0.16889915889692353,1.1102230246251565e-16
CIC-IDS2017__balanced__top20__SimpleRNN__seed44,CIC-IDS2017,44,top20,balanced,SimpleRNN,DL,20,2639016,2639016,176407,,62.0,200,138.1653814315796,0.539252758026123,16.133338928222656,138.7046341896057,2026-09-01T12:42:41.922109+00:00,gpu1.nitsri.ac.in,0.9955874825238648,0.9928059358728563,0.9853183368587016,0.9886054834642463,0.9869591731427767,0.9915005665870544,0.9928059358728563,0.9921518253773585,0.9843056368810909,0.9996621371246747,0.9986151364858462,626457,1881,1455,126238,756031,0.16889915889692353,0.0
CIC-IDS2017__balanced__top20__SimpleRNN__seed45,CIC-IDS2017,45,top20,balanced,SimpleRNN,DL,20,2639016,2639016,176407,,47.0,200,107.0147876739502,0.5377194881439209,16.73322367668152,107.55250716209412,2026-09-01T15:51:29.317994+00:00,gpu1.nitsri.ac.in,0.9914461179501899,0.9910132981063188,0.96024237270118,0.9903596908209534,0.9750685258933425,0.9791353342492274,0.9910132981063188,0.9849529786349884,0.970075916016858,0.9996042500516688,0.9982756009140149,623102,5236,1231,126462,756031,0.16889915889692353,1.1102230246251565e-16
CIC-IDS2017__balanced__top20__SimpleRNN__seed46,CIC-IDS2017,46,top20,balanced,SimpleRNN,DL,20,2639016,2639016,176407,,160.0,200,360.7471776008606,0.5431954860687256,15.308930397033691,361.2903730869293,2026-09-01T19:16:51.292192+00:00,gpu1.nitsri.ac.in,0.994116643365153,0.9939770702165641,0.972025829382071,0.9937662988574159,0.9827758459119741,0.985376605412751,0.9939770702165641,0.9896141436256207,0.979315911222629,0.9996933643304227,0.9986413594220256,624686,3652,796,126897,756031,0.16889915889692353,1.1102230246251565e-16
CIC-IDS2017__imbalanced__all__CNN__seed42,CIC-IDS2017,42,all,imbalanced,CNN,DL,47,1587663,1587663,176407,,60.0,200,455.4816348552704,1.3108506202697754,4.862297773361206,456.79248547554016,2026-09-01T03:15:32.023245+00:00,gpu1.nitsri.ac.in,0.9981733553253769,0.9966641070624128,0.994797869006581,0.9943849702019688,0.9945913767511446,0.9968284298334273,0.9966641070624128,0.9967462461330523,0.9934925233064208,0.9999260777528853,0.9996716053523794,627674,664,717,126976,756031,0.16889915889692353,0.0
CIC-IDS2017__imbalanced__all__CNN__seed43,CIC-IDS2017,43,all,imbalanced,CNN,DL,47,1587663,1587663,176407,,85.0,200,625.1005132198334,1.2757315635681152,7.342775344848633,626.3762447834015,2026-09-01T07:40:14.703483+00:00,gpu1.nitsri.ac.in,0.9985860368159507,0.9966315908578549,0.9979394091924372,0.993680154746149,0.9958052275732712,0.9983280908143228,0.9966315908578549,0.9974774697586564,0.9949582353250306,0.9999379734537999,0.9997678048790632,628076,262,807,126886,756031,0.16889915889692353,1.1102230246251565e-16
CIC-IDS2017__imbalanced__all__CNN__seed44,CIC-IDS2017,44,all,imbalanced,CNN,DL,47,1587663,1587663,176407,,96.0,200,674.2625541687012,1.2746825218200684,3.2625720500946045,675.5372366905212,2026-09-01T10:44:06.737039+00:00,gpu1.nitsri.ac.in,0.9984603805928592,0.9965715940591521,0.997155273353084,0.9937193111603612,0.9954343272693041,0.9979398917172717,0.9965715940591521,0.9972541991985937,0.994510544490479,0.9999237244407875,0.9997219440688279,627976,362,802,126891,756031,0.16889915889692353,1.1102230246251565e-16
CIC-IDS2017__imbalanced__all__CNN__seed45,CIC-IDS2017,45,all,imbalanced,CNN,DL,47,1587663,1587663,176407,,85.0,200,607.5036914348602,1.2749829292297363,3.3293066024780273,608.77867436409,2026-09-01T13:45:05.132549+00:00,gpu1.nitsri.ac.in,0.9982381674825503,0.9968684530575052,0.9947688669271791,0.9948000281926183,0.9947844473158698,0.9968560520613416,0.9968684530575052,0.9968622524323486,0.9937245050414689,0.9999333805277699,0.9997427784621532,627670,668,664,127029,756031,0.16889915889692353,0.0
CIC-IDS2017__imbalanced__all__CNN__seed46,CIC-IDS2017,46,all,imbalanced,CNN,DL,47,1587663,1587663,176407,,88.0,200,649.1032683849335,1.277580738067627,3.3128485679626465,650.3808491230011,2026-09-01T16:58:07.715783+00:00,gpu1.nitsri.ac.in,0.9984497990161779,0.9963624351200838,0.9976008998592003,0.9932102777756024,0.995400747182369,0.9981111511539602,0.9963624351200838,0.997234272502926,0.9944720487721067,0.9999200039713496,0.9996759734470209,628033,305,867,126826,756031,0.16889915889692353,0.0
CIC-IDS2017__imbalanced__all__DT__seed42,CIC-IDS2017,42,all,imbalanced,DT,ML,47,1587663,1587663,176407,,,200,42.38969922065735,0.06142544746398926,4.862297773361206,42.45112466812134,2026-09-01T02:43:00.229292+00:00,gpu1.nitsri.ac.in,0.9991032113762531,0.9984246775280554,0.9972906731815797,0.9974000140963091,0.99734534064213,0.9983811416849769,0.9984246775280554,0.9984029080460857,0.9968058182623108,0.998436417983769,0.9951563290279557,627992,346,332,127361,756031,0.16889915889692353,1.1102230246251565e-16
CIC-IDS2017__imbalanced__all__DT__seed43,CIC-IDS2017,43,all,imbalanced,DT,ML,47,1587663,1587663,176407,,,200,41.246997356414795,0.07374930381774902,7.342775344848633,41.320746660232544,2026-09-01T07:06:44.582881+00:00,gpu1.nitsri.ac.in,0.9991204064383603,0.998419422821995,0.9974311581717364,0.9973608576820969,0.9973960066881512,0.9984474151573383,0.998419422821995,0.9984334183446525,0.9968668375863166,0.9984389887089438,0.9952769863509393,628010,328,337,127356,756031,0.16889915889692353,1.1102230246251565e-16
CIC-IDS2017__imbalanced__all__DT__seed44,CIC-IDS2017,44,all,imbalanced,DT,ML,47,1587663,1587663,176407,,,200,41.45928645133972,0.057111501693725586,3.2625720500946045,41.51639795303345,2026-09-01T10:12:20.366873+00:00,gpu1.nitsri.ac.in,0.9990661758578683,0.9982682411978143,0.997406951875847,0.9970632689340841,0.9972350807936023,0.9984050905608758,0.9982682411978143,0.9983366504610955,0.9966733223635617,0.9982721524396245,0.9949803355196855,628007,331,375,127318,756031,0.16889915889692353,0.0
CIC-IDS2017__imbalanced__all__DT__seed45,CIC-IDS2017,45,all,imbalanced,DT,ML,47,1587663,1587663,176407,,,200,42.949580907821655,0.05911827087402344,3.3293066024780273,43.00869917869568,2026-09-01T13:12:11.974896+00:00,gpu1.nitsri.ac.in,0.9990622077666127,0.9984374479726124,0.9969552762167154,0.9974939894904185,0.9972245600986475,0.9982229701237842,0.9984374479726124,0.9983301711640478,0.9966603950189534,0.9984491836361149,0.9948996127442196,627949,389,320,127373,756031,0.16889915889692353,0.0
CIC-IDS2017__imbalanced__all__DT__seed46,CIC-IDS2017,46,all,imbalanced,DT,ML,47,1587663,1587663,176407,,,200,40.6042160987854,0.06014752388000488,3.3128485679626465,40.664363622665405,2026-09-01T16:24:06.481472+00:00,gpu1.nitsri.ac.in,0.999033108430739,0.9983294646218035,0.9970092228677012,0.9972668822879875,0.9971380359331138,0.9982268800772642,0.9983294646218035,0.9982781636825637,0.9965563394190909,0.9983412000547316,0.9947653557116599,627956,382,349,127344,756031,0.16889915889692353,1.1102230246251565e-16
CIC-IDS2017__imbalanced__all__GNB__seed42,CIC-IDS2017,42,all,imbalanced,GNB,ML,47,1587663,1587663,176407,,,200,0.47328877449035645,0.11259174346923828,4.862297773361206,0.5858805179595947,2026-09-01T02:43:30.080131+00:00,gpu1.nitsri.ac.in,0.4327071244433099,0.6520053152964578,0.22731700604396998,0.9831705731715913,0.3692584623936916,0.6083847539729286,0.6520053152964578,0.42690794618080774,0.25671041039259784,0.7014436261233676,0.25528202257432747,201596,426742,2149,125544,756031,0.16889915889692353,5.551115123125783e-17
CIC-IDS2017__imbalanced__all__GNB__seed43,CIC-IDS2017,43,all,imbalanced,GNB,ML,47,1587663,1587663,176407,,,200,0.4618840217590332,0.10421419143676758,7.342775344848633,0.5660982131958008,2026-09-01T07:07:14.756025+00:00,gpu1.nitsri.ac.in,0.44452542289932556,0.6593930123968084,0.23114314047640513,0.9838675573445687,0.37434112707867145,0.6107245570336209,0.6593930123968084,0.4374464781009646,0.2656969754580662,0.7147063605845834,0.2641112209220051,210442,417896,2060,125633,756031,0.16889915889692353,0.0
CIC-IDS2017__imbalanced__all__GNB__seed44,CIC-IDS2017,44,all,imbalanced,GNB,ML,47,1587663,1587663,176407,,,200,0.470184326171875,0.10675334930419922,3.2625720500946045,0.5769376754760742,2026-09-01T10:12:49.486514+00:00,gpu1.nitsri.ac.in,0.4348803157542482,0.6533844901432512,0.22801799200637746,0.9833506926769674,0.3701955535376823,0.608832266449566,0.6533844901432512,0.4288555735253904,0.2584041926943225,0.705685429697799,0.2580637454289981,203216,425122,2126,125567,756031,0.16889915889692353,5.551115123125783e-17
CIC-IDS2017__imbalanced__all__GNB__seed45,CIC-IDS2017,45,all,imbalanced,GNB,ML,47,1587663,1587663,176407,,,200,0.4736597537994385,0.10813546180725098,3.3293066024780273,0.5817952156066895,2026-09-01T13:12:41.178810+00:00,gpu1.nitsri.ac.in,0.46661578691879035,0.6732787333673235,0.23866011646213084,0.9853633323674751,0.38425232439002416,0.6152460799248785,0.6732787333673235,0.45689850898248097,0.2826283407935748,0.7294492745191934,0.274763041237389,226952,401386,1869,125824,756031,0.16889915889692353,0.0
CIC-IDS2017__imbalanced__all__GNB__seed46,CIC-IDS2017,46,all,imbalanced,GNB,ML,47,1587663,1587663,176407,,,200,0.48290276527404785,0.10718894004821777,3.3128485679626465,0.5900917053222656,2026-09-01T16:24:34.311289+00:00,gpu1.nitsri.ac.in,0.4287879729799439,0.6495757503729858,0.22608127117468746,0.9829904536662151,0.36761380942339683,0.6076330231030288,0.6495757503729858,0.4233922229712508,0.2537659567045859,0.6967311028783743,0.25220704436380353,198656,429682,2172,125521,756031,0.16889915889692353,0.0
CIC-IDS2017__imbalanced__all__GRU__seed42,CIC-IDS2017,42,all,imbalanced,GRU,DL,47,1587663,1587663,176407,,114.0,200,298.7631311416626,0.9959011077880859,4.862297773361206,299.7590322494507,2026-09-01T03:00:42.512944+00:00,gpu1.nitsri.ac.in,0.9973268291908665,0.9936838730656352,0.995958830586601,0.9881825941907544,0.9920554740967573,0.9967805307564481,0.9936838730656352,0.9952242690563012,0.9904595630058709,0.9998549458126688,0.9994145287305034,627826,512,1509,126184,756031,0.16889915889692353,1.1102230246251565e-16
CIC-IDS2017__imbalanced__all__GRU__seed43,CIC-IDS2017,43,all,imbalanced,GRU,DL,47,1587663,1587663,176407,,61.0,200,161.09390950202942,0.9991743564605713,7.342775344848633,162.09308385849,2026-09-01T07:22:23.444203+00:00,gpu1.nitsri.ac.in,0.9971204884455797,0.9932633463770757,0.9954761491212835,0.9874386223207223,0.9914410961058363,0.996463782372752,0.9932633463770757,0.9948550841571141,0.9897219541835048,0.9998264907420542,0.9992775116984365,627765,573,1604,126089,756031,0.16889915889692353,0.0
CIC-IDS2017__imbalanced__all__GRU__seed44,CIC-IDS2017,44,all,imbalanced,GRU,DL,47,1587663,1587663,176407,,56.0,200,141.20320081710815,0.8755240440368652,3.2625720500946045,142.07872486114502,2026-09-01T10:27:10.625179+00:00,gpu1.nitsri.ac.in,0.9970477401058951,0.9928108743553106,0.9960697481317464,0.9864127242683624,0.9912177156617404,0.9966569625825892,0.9928108743553106,0.9947216747643013,0.9894603619852159,0.9997831837683755,0.9992607738546321,627841,497,1735,125958,756031,0.16889915889692353,1.1102230246251565e-16
CIC-IDS2017__imbalanced__all__GRU__seed45,CIC-IDS2017,45,all,imbalanced,GRU,DL,47,1587663,1587663,176407,,91.0,200,230.88014578819275,0.8907866477966309,3.3293066024780273,231.77093243598938,2026-09-01T13:28:29.384581+00:00,gpu1.nitsri.ac.in,0.9972474673657562,0.9935550108867084,0.9956907437807804,0.9879789808368509,0.9918198720896866,0.996625815125783,0.9935550108867084,0.9950826092129763,0.9901760643259889,0.9998526956920163,0.9993711751875418,627792,546,1535,126158,756031,0.16889915889692353,0.0
CIC-IDS2017__imbalanced__all__GRU__seed46,CIC-IDS2017,46,all,imbalanced,GRU,DL,47,1587663,1587663,176407,,81.0,200,208.17172002792358,0.7971203327178955,3.3128485679626465,208.96884036064148,2026-09-01T16:40:05.090712+00:00,gpu1.nitsri.ac.in,0.9970662578650875,0.9931683227974315,0.9953103905639373,0.9872819966638735,0.9912799383541179,0.9963650121140923,0.9931683227974315,0.9947582050763868,0.9895281714425995,0.9998320350871017,0.9993057168416348,627744,594,1624,126069,756031,0.16889915889692353,0.0
CIC-IDS2017__imbalanced__all__KNN__seed42,CIC-IDS2017,42,all,imbalanced,KNN,ML,47,1587663,1587663,176407,,,200,0.18782520294189453,278.33723735809326,4.862297773361206,278.52506256103516,2026-09-01T02:52:47.362042+00:00,gpu1.nitsri.ac.in,0.9952078684604203,0.9926742722384416,0.9828828969081794,0.988848253232362,0.9858565511533762,0.9903069010062637,0.9926742722384416,0.9914858848149959,0.9829783225010543,0.9975055715165101,0.9895728283772186,626139,2199,1424,126269,756031,0.16889915889692353,0.0
CIC-IDS2017__imbalanced__all__KNN__seed43,CIC-IDS2017,43,all,imbalanced,KNN,ML,47,1587663,1587663,176407,,,200,0.18303728103637695,279.42500257492065,7.342775344848633,279.60803985595703,2026-09-01T07:16:33.704436+00:00,gpu1.nitsri.ac.in,0.9949618468025782,0.9922298730481394,0.9821739942707685,0.98810428136233,0.9851302131114902,0.9898767677893543,0.9922298730481394,0.9910486702010846,0.9821038218400062,0.9973571969003009,0.9892896520905069,626048,2290,1519,126174,756031,0.16889915889692353,0.0
CIC-IDS2017__imbalanced__all__KNN__seed44,CIC-IDS2017,44,all,imbalanced,KNN,ML,47,1587663,1587663,176407,,,200,0.19083452224731445,279.1752805709839,3.2625720500946045,279.3661150932312,2026-09-01T10:22:08.328661+00:00,gpu1.nitsri.ac.in,0.9950822122373288,0.9923678040220514,0.9827122999649573,0.9882687383020212,0.9854826869914255,0.9901627450979633,0.9923678040220514,0.9912611937450053,0.9825280747486146,0.9974436688947667,0.9895500880279281,626118,2220,1498,126195,756031,0.16889915889692353,1.1102230246251565e-16
CIC-IDS2017__imbalanced__all__KNN__seed45,CIC-IDS2017,45,all,imbalanced,KNN,ML,47,1587663,1587663,176407,,,200,0.18924903869628906,280.3244082927704,3.3293066024780273,280.5136573314667,2026-09-01T13:22:02.186832+00:00,gpu1.nitsri.ac.in,0.9951576059711837,0.9925192380817089,0.982892872159843,0.9885350019186643,0.9857058632901112,0.9902800973796244,0.9925192380817089,0.9913954610432847,0.9827967847078838,0.9975134517434681,0.9897209937029631,626141,2197,1464,126229,756031,0.16889915889692353,1.1102230246251565e-16
CIC-IDS2017__imbalanced__all__KNN__seed46,CIC-IDS2017,46,all,imbalanced,KNN,ML,47,1587663,1587663,176407,,,200,0.19019818305969238,279.87974762916565,3.3128485679626465,280.06994581222534,2026-09-01T16:33:54.937962+00:00,gpu1.nitsri.ac.in,0.9951893507012278,0.992416660319941,0.9833702191328201,0.9882295818878091,0.985793912123023,0.9904878949423896,0.992416660319941,0.9914491576147998,0.9829026628408116,0.9973885628308973,0.9898338974804982,626204,2134,1503,126190,756031,0.16889915889692353,0.0
CIC-IDS2017__imbalanced__all__LSTM__seed42,CIC-IDS2017,42,all,imbalanced,LSTM,DL,47,1587663,1587663,176407,,113.0,200,270.4175703525543,0.9063746929168701,4.862297773361206,271.3239450454712,2026-09-01T03:05:14.895021+00:00,gpu1.nitsri.ac.in,0.9973413788588034,0.9937519042521736,0.9958965617922555,0.9883313885647608,0.992099553487202,0.996764440868669,0.9937519042521736,0.9952506647518322,0.9905117639759189,0.999857447328097,0.9993311564042489,627818,520,1490,126203,756031,0.16889915889692353,1.1102230246251565e-16
CIC-IDS2017__imbalanced__all__LSTM__seed43,CIC-IDS2017,43,all,imbalanced,LSTM,DL,47,1587663,1587663,176407,,108.0,200,259.75404238700867,0.915928840637207,7.342775344848633,260.6699712276459,2026-09-01T07:26:45.201759+00:00,gpu1.nitsri.ac.in,0.9972950844608224,0.9936803745210567,0.9957310818275072,0.9882217506049666,0.9919622046748918,0.9966705642650593,0.9936803745210567,0.9951680709349529,0.9903464246009254,0.9998656191134194,0.9994843285833317,627797,541,1504,126189,756031,0.16889915889692353,1.1102230246251565e-16
CIC-IDS2017__imbalanced__all__LSTM__seed44,CIC-IDS2017,44,all,imbalanced,LSTM,DL,47,1587663,1587663,176407,,70.0,200,163.57231760025024,0.8618042469024658,3.2625720500946045,164.4341218471527,2026-09-01T10:29:56.112473+00:00,gpu1.nitsri.ac.in,0.9968995980323558,0.9924316004520333,0.9959171077931018,0.9856844149640153,0.9907743413336272,0.9965069538012599,0.9924316004520333,0.9944555242600116,0.9889301570807075,0.9998099761972871,0.9992442959086592,627822,516,1828,125865,756031,0.16889915889692353,0.0
CIC-IDS2017__imbalanced__all__LSTM__seed45,CIC-IDS2017,45,all,imbalanced,LSTM,DL,47,1587663,1587663,176407,,79.0,200,187.3292851448059,0.9154236316680908,3.3293066024780273,188.244708776474,2026-09-01T13:31:38.698209+00:00,gpu1.nitsri.ac.in,0.9971191657484945,0.9930160792093303,0.9960871111813763,0.9868199509761694,0.9914318759392284,0.9967068355823009,0.9930160792093303,0.9948501845972306,0.989716033203988,0.9998599414838357,0.9993944974191649,627843,495,1683,126010,756031,0.16889915889692353,0.0
CIC-IDS2017__imbalanced__all__LSTM__seed46,CIC-IDS2017,46,all,imbalanced,LSTM,DL,47,1587663,1587663,176407,,75.0,200,179.34675359725952,0.880241870880127,3.3128485679626465,180.22699546813965,2026-09-01T16:43:06.388923+00:00,gpu1.nitsri.ac.in,0.9970146726787659,0.9937612668177922,0.993446208556907,0.988848253232362,0.9911418983889009,0.9955910210067329,0.9937612668177922,0.9946733673761096,0.9893505958067796,0.9997995025366803,0.9991847569947742,627505,833,1424,126269,756031,0.16889915889692353,0.0
CIC-IDS2017__imbalanced__all__MLP__seed42,CIC-IDS2017,42,all,imbalanced,MLP,DL,47,1587663,1587663,176407,,107.0,200,70.99135422706604,0.40383052825927734,4.862297773361206,71.39518475532532,2026-09-01T03:06:27.306131+00:00,gpu1.nitsri.ac.in,0.9973281518879517,0.9939404999074701,0.9953255188831696,0.9888247593838346,0.9920644897702631,0.996528729319456,0.9939404999074701,0.9952290703576924,0.9904658475252399,0.9998286148817745,0.9993040688511864,627745,593,1427,126266,756031,0.16889915889692353,1.1102230246251565e-16
CIC-IDS2017__imbalanced__all__MLP__seed43,CIC-IDS2017,43,all,imbalanced,MLP,DL,47,1587663,1587663,176407,,115.0,200,75.59423851966858,0.38604259490966797,7.342775344848633,75.98028111457825,2026-09-01T07:28:02.287908+00:00,gpu1.nitsri.ac.in,0.9971667828435606,0.9936312657876902,0.9948992865308053,0.9882922321505486,0.991584753553497,0.9962616003019547,0.9936312657876902,0.9949407031705191,0.9898893714327447,0.9997859298984422,0.9992016373670439,627691,647,1495,126198,756031,0.16889915889692353,0.0
CIC-IDS2017__imbalanced__all__MLP__seed44,CIC-IDS2017,44,all,imbalanced,MLP,DL,47,1587663,1587663,176407,,86.0,200,57.597015619277954,0.38982343673706055,3.2625720500946045,57.986839056015015,2026-09-01T10:30:55.142120+00:00,gpu1.nitsri.ac.in,0.9967078069550058,0.992665644526281,0.9939013806706114,0.9865615186423689,0.990217848398266,0.9955872294966661,0.992665644526281,0.9941193558163398,0.9882485554534728,0.9997161093352274,0.9988879424463575,627565,773,1716,125977,756031,0.16889915889692353,1.1102230246251565e-16
CIC-IDS2017__imbalanced__all__MLP__seed45,CIC-IDS2017,45,all,imbalanced,MLP,DL,47,1587663,1587663,176407,,75.0,200,50.35450267791748,0.38453245162963867,3.3293066024780273,50.73903512954712,2026-09-01T13:32:30.482842+00:00,gpu1.nitsri.ac.in,0.9961628557559148,0.9928182587722703,0.9894955675845297,0.9877675362001049,0.9886307967848003,0.9935052631777184,0.9928182587722703,0.9931613677184956,0.9863232826902022,0.9997122704688894,0.9987191191015036,626999,1339,1562,126131,756031,0.16889915889692353,1.1102230246251565e-16
CIC-IDS2017__imbalanced__all__MLP__seed46,CIC-IDS2017,46,all,imbalanced,MLP,DL,47,1587663,1587663,176407,,100.0,200,66.93291997909546,0.3903520107269287,3.3128485679626465,67.32327198982239,2026-09-01T16:44:14.747178+00:00,gpu1.nitsri.ac.in,0.9966205089473844,0.9930124711169279,0.9923901410224125,0.9875639228462014,0.9899711498832258,0.994932667079504,0.9930124711169279,0.9939695063436602,0.9879432721231682,0.9997582713443902,0.9989450712476614,627371,967,1588,126105,756031,0.16889915889692353,0.0
CIC-IDS2017__imbalanced__all__RF__seed42,CIC-IDS2017,42,all,imbalanced,RF,ML,47,1587663,1587663,176407,,,200,27.234383821487427,0.36211657524108887,4.862297773361206,27.596500396728516,2026-09-01T02:43:28.777949+00:00,gpu1.nitsri.ac.in,0.9992764846944107,0.9985725992647492,0.9982053854111156,0.9975096520561033,0.9978573974625632,0.9988496800246895,0.9985725992647492,0.9987110765027822,0.9974222408033576,0.9999638504769411,0.9998593688756325,628109,229,318,127375,756031,0.16889915889692353,0.0
CIC-IDS2017__imbalanced__all__RF__seed43,CIC-IDS2017,43,all,imbalanced,RF,ML,47,1587663,1587663,176407,,,200,27.28313422203064,0.46965646743774414,7.342775344848633,27.752790689468384,2026-09-01T07:07:13.477914+00:00,gpu1.nitsri.ac.in,0.9993055840302845,0.9985932256573902,0.9983697015299724,0.9975174833389457,0.9979434104913486,0.9989326417481559,0.9985932256573902,0.9987628389718088,0.9975258096610355,0.9999724598802384,0.999872175032447,628130,208,317,127376,756031,0.16889915889692353,0.0
CIC-IDS2017__imbalanced__all__RF__seed44,CIC-IDS2017,44,all,imbalanced,RF,ML,47,1587663,1587663,176407,,,200,26.449647426605225,0.47237348556518555,3.2625720500946045,26.92202091217041,2026-09-01T10:12:48.196537+00:00,gpu1.nitsri.ac.in,0.9992659031177293,0.9984757564147536,0.9983693180927293,0.9972825448536725,0.9978256355608489,0.9989085948467201,0.9984757564147536,0.9986920215614106,0.997384257341253,0.9999484665574472,0.9998187643251536,628130,208,347,127346,756031,0.16889915889692353,0.0
CIC-IDS2017__imbalanced__all__RF__seed45,CIC-IDS2017,45,all,imbalanced,RF,ML,47,1587663,1587663,176407,,,200,26.53383231163025,0.424649715423584,3.3293066024780273,26.958482027053833,2026-09-01T13:12:39.868342+00:00,gpu1.nitsri.ac.in,0.9992619350264738,0.9985513664486576,0.9981505716771023,0.9974783269247336,0.9978143360752056,0.9988190893852011,0.9985513664486576,0.9986851689637926,0.9973704199015873,0.9999703265300007,0.9998521574800496,628102,236,322,127371,756031,0.16889915889692353,0.0
CIC-IDS2017__imbalanced__all__RF__seed46,CIC-IDS2017,46,all,imbalanced,RF,ML,47,1587663,1587663,176407,,,200,25.175389051437378,0.39259886741638184,3.3128485679626465,25.56798791885376,2026-09-01T16:24:33.005396+00:00,gpu1.nitsri.ac.in,0.99927119390607,0.9985694162645167,0.9981740956679832,0.9975096520561033,0.9978417632520045,0.9988340335426624,0.9985694162645167,0.9987016673123817,0.9974034147048816,0.9999569473126262,0.9998016875469748,628105,233,318,127375,756031,0.16889915889692353,0.0
CIC-IDS2017__imbalanced__all__SVM__seed42,CIC-IDS2017,42,all,imbalanced,SVM,ML,47,1587663,100000,176407,100000.0,,200,8.4112548828125,69.98042035102844,4.862297773361206,78.39167523384094,2026-09-01T02:55:17.303279+00:00,gpu1.nitsri.ac.in,0.949703120639233,0.9483539529968128,0.7949397733028966,0.9463165561150572,0.8640481655476185,0.8917954244629849,0.9483539529968128,0.9165959611210455,0.8382434665991582,0.9902518495975249,0.9623837338583019,597167,31171,6855,120838,756031,0.16889915889692353,0.0
CIC-IDS2017__imbalanced__all__SVM__seed43,CIC-IDS2017,43,all,imbalanced,SVM,ML,47,1587663,100000,176407,100000.0,,200,11.32736873626709,70.45575857162476,7.342775344848633,81.78312730789185,2026-09-01T07:19:07.479960+00:00,gpu1.nitsri.ac.in,0.9499293018407975,0.9502028466151053,0.793711094837056,0.9506159303955581,0.86510659981684,0.8916275153506117,0.9502028466151053,0.9171829955556863,0.8397900266701106,0.9891123771735475,0.9579336017744143,596789,31549,6306,121387,756031,0.16889915889692353,0.0
CIC-IDS2017__imbalanced__all__SVM__seed44,CIC-IDS2017,44,all,imbalanced,SVM,ML,47,1587663,100000,176407,100000.0,,200,8.546102046966553,73.55139565467834,3.2625720500946045,82.0974977016449,2026-09-01T10:24:45.381372+00:00,gpu1.nitsri.ac.in,0.9502110363199393,0.9495861287539693,0.7957942175418312,0.9486424471192626,0.865522021206665,0.8924666105363658,0.9495861287539693,0.9174860846608741,0.8401131926026075,0.9896813052810461,0.9599081675353748,597254,31084,6558,121135,756031,0.16889915889692353,1.1102230246251565e-16
CIC-IDS2017__imbalanced__all__SVM__seed45,CIC-IDS2017,45,all,imbalanced,SVM,ML,47,1587663,100000,176407,100000.0,,200,8.43678069114685,71.22385478019714,3.3293066024780273,79.660635471344,2026-09-01T13:24:34.405433+00:00,gpu1.nitsri.ac.in,0.9504768984340589,0.9499675868024278,0.7965694006309149,0.949198468201076,0.8662119041067989,0.8929135200468239,0.9499675868024278,0.9179133183362298,0.8409479138151581,0.9902387824097929,0.9621994105403192,597384,30954,6487,121206,756031,0.16889915889692353,0.0
CIC-IDS2017__imbalanced__all__SVM__seed46,CIC-IDS2017,46,all,imbalanced,SVM,ML,47,1587663,100000,176407,100000.0,,200,8.085157871246338,74.23899579048157,3.3128485679626465,82.3241536617279,2026-09-01T16:36:32.981108+00:00,gpu1.nitsri.ac.in,0.95059990926298,0.9501695071037185,0.7968964633352832,0.9495195507976162,0.866538975564783,0.893111096267017,0.9501695071037185,0.9181147264573035,0.8413480336781572,0.9905306159243168,0.9631894120678379,597436,30902,6446,121247,756031,0.16889915889692353,1.1102230246251565e-16
CIC-IDS2017__imbalanced__all__SimpleRNN__seed42,CIC-IDS2017,42,all,imbalanced,SimpleRNN,DL,47,1587663,1587663,176407,,55.0,200,85.0590410232544,0.6767663955688477,4.862297773361206,85.73580741882324,2026-09-01T03:07:54.123460+00:00,gpu1.nitsri.ac.in,0.9971747190260717,0.9938263536611898,0.994470742984066,0.9887699404039376,0.9916121482482113,0.9960955937248529,0.9938263536611898,0.9949567078086377,0.9899193464450062,0.9998406235953623,0.999300282806312,627636,702,1434,126259,756031,0.16889915889692353,1.1102230246251565e-16
CIC-IDS2017__imbalanced__all__SimpleRNN__seed43,CIC-IDS2017,43,all,imbalanced,SimpleRNN,DL,47,1587663,1587663,176407,,68.0,200,103.22263097763062,0.6380093097686768,7.342775344848633,103.86064028739929,2026-09-01T07:29:47.231962+00:00,gpu1.nitsri.ac.in,0.9972342403949045,0.9935002550156806,0.995729531748287,0.9878615115942142,0.9917799172094961,0.996633330751707,0.9935002550156806,0.9950586693709573,0.9901286287654837,0.9998154773875092,0.9991307799150815,627797,541,1550,126143,756031,0.16889915889692353,0.0
CIC-IDS2017__imbalanced__all__SimpleRNN__seed44,CIC-IDS2017,44,all,imbalanced,SimpleRNN,DL,47,1587663,1587663,176407,,76.0,200,113.26131081581116,0.6196668148040771,3.2625720500946045,113.88097763061523,2026-09-01T10:32:50.099695+00:00,gpu1.nitsri.ac.in,0.997300375249163,0.9936773177385628,0.9957781600669181,0.9882060880392817,0.9919776742723503,0.9966925295312415,0.9936773177385628,0.9951774011768002,0.9903652573061421,0.9997946111225866,0.9992775068923654,627803,535,1506,126187,756031,0.16889915889692353,1.1102230246251565e-16
CIC-IDS2017__imbalanced__all__SimpleRNN__seed45,CIC-IDS2017,45,all,imbalanced,SimpleRNN,DL,47,1587663,1587663,176407,,96.0,200,143.08750987052917,0.6163129806518555,3.3293066024780273,143.70382285118103,2026-09-01T13:34:55.253693+00:00,gpu1.nitsri.ac.in,0.9970636124709172,0.9936877531549582,0.9939920786777848,0.9885898208985614,0.9912835895905643,0.9958379106586345,0.9936877531549582,0.9947589997548406,0.9895233277535406,0.9998455999543554,0.9993499422136707,627575,763,1457,126236,756031,0.16889915889692353,0.0
CIC-IDS2017__imbalanced__all__SimpleRNN__seed46,CIC-IDS2017,46,all,imbalanced,SimpleRNN,DL,47,1587663,1587663,176407,,118.0,200,179.78591871261597,0.6199772357940674,3.3128485679626465,180.40589594841003,2026-09-01T16:47:16.247086+00:00,gpu1.nitsri.ac.in,0.9974022229247214,0.9940318602811702,0.9956478203622086,0.9889422286264713,0.9922836959681919,0.996701846856046,0.9940318602811702,0.9953609558267342,0.9907301093787051,0.9998302333154871,0.9993113817073378,627786,552,1412,126281,756031,0.16889915889692353,1.1102230246251565e-16
CIC-IDS2017__imbalanced__top10__CNN__seed42,CIC-IDS2017,42,top10,imbalanced,CNN,DL,10,1587663,1587663,176407,,68.0,200,206.07674026489258,0.6679685115814209,2.872138738632202,206.744708776474,2026-09-01T04:17:43.180471+00:00,gpu1.nitsri.ac.in,0.9924328499757286,0.987201641044912,0.9759771478521478,0.9793019194474247,0.977636706916164,0.9858839494856747,0.987201641044912,0.9865413222196493,0.9730846983624887,0.9993312619285732,0.9973110836193462,625260,3078,2643,125050,756031,0.16889915889692353,1.1102230246251565e-16
CIC-IDS2017__imbalanced__top10__CNN__seed43,CIC-IDS2017,43,top10,imbalanced,CNN,DL,10,1587663,1587663,176407,,77.0,200,239.48705911636353,0.6370422840118408,2.890982151031494,240.12410140037537,2026-09-01T08:34:44.166892+00:00,gpu1.nitsri.ac.in,0.9902755310298123,0.980833949235079,0.975622287742374,0.9665760848284557,0.9710781189762472,0.984421270284561,0.980833949235079,0.9826166356889727,0.9652485534501446,0.9992151299620654,0.9966894331856277,625254,3084,4268,123425,756031,0.16889915889692353,0.0
CIC-IDS2017__imbalanced__top10__CNN__seed44,CIC-IDS2017,44,top10,imbalanced,CNN,DL,10,1587663,1587663,176407,,100.0,200,298.99611139297485,0.6391093730926514,2.84769606590271,299.6352207660675,2026-09-01T11:35:37.469894+00:00,gpu1.nitsri.ac.in,0.994239654194074,0.9888626956350788,0.985086132305514,0.980742875490434,0.9829097059527594,0.9905880684663166,0.9888626956350788,0.9897228831599805,0.9794492444161671,0.999630938510167,0.9984207475846743,626442,1896,2459,125234,756031,0.16889915889692353,1.1102230246251565e-16
CIC-IDS2017__imbalanced__top10__CNN__seed45,CIC-IDS2017,45,top10,imbalanced,CNN,DL,10,1587663,1587663,176407,,67.0,200,198.94425678253174,0.6360890865325928,2.8497066497802734,199.58034586906433,2026-09-01T14:42:01.060889+00:00,gpu1.nitsri.ac.in,0.9930571629999299,0.9871841287605758,0.9805343631283162,0.9783151778092769,0.979423513408625,0.9880647626416492,0.9871841287605758,0.9876237908500525,0.9752484938031108,0.9994919241039774,0.9976647835995333,625858,2480,2769,124924,756031,0.16889915889692353,1.1102230246251565e-16
CIC-IDS2017__imbalanced__top10__CNN__seed46,CIC-IDS2017,46,top10,imbalanced,CNN,DL,10,1587663,1587663,176407,,114.0,200,356.72294449806213,0.6350300312042236,2.9314815998077393,357.35797452926636,2026-09-01T18:02:12.741293+00:00,gpu1.nitsri.ac.in,0.9939208841965474,0.9904242988171591,0.9789952916455893,0.9851440564478867,0.9820600496510375,0.9879861787515828,0.9904242988171591,0.9892002234282449,0.9784074397646614,0.9996073240960929,0.9982582242354157,625639,2699,1897,125796,756031,0.16889915889692353,1.1102230246251565e-16
CIC-IDS2017__imbalanced__top10__DT__seed42,CIC-IDS2017,42,top10,imbalanced,DT,ML,10,1587663,1587663,176407,,,200,8.974684238433838,0.03795957565307617,2.872138738632202,9.012643814086914,2026-09-01T03:54:29.157481+00:00,gpu1.nitsri.ac.in,0.9980146316751561,0.9961006333509723,0.9950258904754433,0.9932102777756024,0.9941172551371138,0.9968232856765902,0.9961006333509723,0.9964615278580766,0.9929236560535103,0.9973936470177527,0.9920356758623713,627704,634,867,126826,756031,0.16889915889692353,1.1102230246251565e-16
CIC-IDS2017__imbalanced__top10__DT__seed43,CIC-IDS2017,43,top10,imbalanced,DT,ML,10,1587663,1587663,176407,,,200,7.331695079803467,0.03444314002990723,2.890982151031494,7.366138219833374,2026-09-01T08:05:53.428190+00:00,gpu1.nitsri.ac.in,0.996731615502539,0.9939528837034843,0.9908818640825414,0.9897566820420853,0.9903189534596715,0.9944003311021841,0.9939528837034843,0.9941764409594277,0.9883531135214404,0.9956180517991688,0.9860855452183437,627175,1163,1308,126385,756031,0.16889915889692353,0.0
CIC-IDS2017__imbalanced__top10__DT__seed44,CIC-IDS2017,44,top10,imbalanced,DT,ML,10,1587663,1587663,176407,,,200,8.405609846115112,0.03165483474731445,2.84769606590271,8.437264680862427,2026-09-01T11:11:23.226927+00:00,gpu1.nitsri.ac.in,0.9980609260731372,0.9962907189538883,0.9948952787209184,0.9936175044834095,0.9942559810674628,0.9967992722908239,0.9962907189538883,0.9965447818516397,0.9930898610316822,0.9969227171753999,0.9908797796380222,627687,651,815,126878,756031,0.16889915889692353,0.0
CIC-IDS2017__imbalanced__top10__DT__seed45,CIC-IDS2017,45,top10,imbalanced,DT,ML,10,1587663,1587663,176407,,,200,7.89633846282959,0.03176617622375488,2.8497066497802734,7.928104639053345,2026-09-01T14:20:23.486485+00:00,gpu1.nitsri.ac.in,0.9972302723036489,0.9932701156959978,0.996277886218696,0.9872898279467159,0.9917634934745156,0.9968498042826788,0.9932701156959978,0.9950493594792225,0.9901134489381522,0.9981622127512602,0.9938602842930699,627867,471,1623,126070,756031,0.16889915889692353,1.1102230246251565e-16
CIC-IDS2017__imbalanced__top10__DT__seed46,CIC-IDS2017,46,top10,imbalanced,DT,ML,10,1587663,1587663,176407,,,200,8.43319320678711,0.03314971923828125,2.9314815998077393,8.46634292602539,2026-09-01T17:31:47.589771+00:00,gpu1.nitsri.ac.in,0.9975715281516234,0.9953130352238693,0.9937078792728756,0.9919024535409146,0.9928043456108859,0.9960314377671153,0.9953130352238693,0.9956718090874939,0.9913442126867735,0.9961022264962689,0.9887288127863016,627536,802,1034,126659,756031,0.16889915889692353,0.0
CIC-IDS2017__imbalanced__top10__GNB__seed42,CIC-IDS2017,42,top10,imbalanced,GNB,ML,10,1587663,1587663,176407,,,200,0.15825462341308594,0.020382404327392578,2.872138738632202,0.17863702774047852,2026-09-01T03:54:48.129991+00:00,gpu1.nitsri.ac.in,0.3147278352342695,0.5787875111163556,0.19502660746258862,0.9775477120907176,0.32517821811839703,0.5851539469179133,0.5787875111163556,0.31456345353061754,0.1638177956071519,0.7945027821443982,0.5382016281176281,113118,515220,2867,124826,756031,0.16889915889692353,5.551115123125783e-17
CIC-IDS2017__imbalanced__top10__GNB__seed43,CIC-IDS2017,43,top10,imbalanced,GNB,ML,10,1587663,1587663,176407,,,200,0.14181828498840332,0.020244359970092773,2.890982151031494,0.1620626449584961,2026-09-01T08:06:12.738942+00:00,gpu1.nitsri.ac.in,0.35514549006588353,0.6019145670320512,0.20443482874917657,0.974563993327747,0.3379728959017952,0.591192594953527,0.6019145670320512,0.35471130555272934,0.1928092718851241,0.7504733065484166,0.5938194754529014,144056,484282,3248,124445,756031,0.16889915889692353,0.0
CIC-IDS2017__imbalanced__top10__GNB__seed44,CIC-IDS2017,44,top10,imbalanced,GNB,ML,10,1587663,1587663,176407,,,200,0.14948773384094238,0.024875640869140625,2.84769606590271,0.174363374710083,2026-09-01T11:11:41.129470+00:00,gpu1.nitsri.ac.in,0.8466663404013857,0.7474682557350667,0.5417695999091348,0.5976678439695207,0.568347600731305,0.7291275746337987,0.7474682557350667,0.7375614534515769,0.47624280040933953,0.8135388564883733,0.6074147962616477,563788,64550,51375,76318,756031,0.16889915889692353,0.0
CIC-IDS2017__imbalanced__top10__GNB__seed45,CIC-IDS2017,45,top10,imbalanced,GNB,ML,10,1587663,1587663,176407,,,200,0.14795875549316406,0.021666526794433594,2.8497066497802734,0.16962528228759766,2026-09-01T14:20:42.596035+00:00,gpu1.nitsri.ac.in,0.8477787286500157,0.7472483124954277,0.5452074833102677,0.5954359283594246,0.569215796369081,0.730710959929015,0.7472483124954277,0.738386157210078,0.4776730912105022,0.8145789487330956,0.6005009938521407,564914,63424,51660,76033,756031,0.16889915889692353,0.0
CIC-IDS2017__imbalanced__top10__GNB__seed46,CIC-IDS2017,46,top10,imbalanced,GNB,ML,10,1587663,1587663,176407,,,200,0.15167808532714844,0.023127079010009766,2.9314815998077393,0.1748051643371582,2026-09-01T17:32:07.173920+00:00,gpu1.nitsri.ac.in,0.8693095918024526,0.7599831395455936,0.6173896081730184,0.5948877385604536,0.6059298374359874,0.7678333082066244,0.7599831395455936,0.7637975319120032,0.5277580670816536,0.7703679969748858,0.6279497691794221,581262,47076,51730,75963,756031,0.16889915889692353,1.1102230246251565e-16
CIC-IDS2017__imbalanced__top10__GRU__seed42,CIC-IDS2017,42,top10,imbalanced,GRU,DL,10,1587663,1587663,176407,,121.0,200,312.4942469596863,0.783195972442627,2.872138738632202,313.2774429321289,2026-09-01T04:03:20.547277+00:00,gpu1.nitsri.ac.in,0.9900308320690554,0.9772018168217147,0.9827093041941186,0.9578285418934476,0.9701094176948123,0.9870914734520614,0.9772018168217147,0.9820636198084358,0.9642425754750505,0.9988752094646528,0.9958424278744277,626186,2152,5385,122308,756031,0.16889915889692353,0.0
CIC-IDS2017__imbalanced__top10__GRU__seed43,CIC-IDS2017,43,top10,imbalanced,GRU,DL,10,1587663,1587663,176407,,200.0,200,509.32413697242737,0.7912330627441406,2.890982151031494,510.1153700351715,2026-09-01T08:17:59.809775+00:00,gpu1.nitsri.ac.in,0.9934843941584406,0.9856316190387227,0.9874762748072204,0.9737730337606604,0.9805767820388465,0.9910806648988095,0.9856316190387227,0.9883312183750231,0.9766970837950142,0.9993894544816592,0.9973868672939711,626761,1577,3349,124344,756031,0.16889915889692353,0.0
CIC-IDS2017__imbalanced__top10__GRU__seed44,CIC-IDS2017,44,top10,imbalanced,GRU,DL,10,1587663,1587663,176407,,131.0,200,328.0803384780884,0.7009999752044678,2.84769606590271,328.78133845329285,2026-09-01T11:20:15.428203+00:00,gpu1.nitsri.ac.in,0.9924249137932175,0.9834061985383589,0.9851317380512951,0.9697869107938571,0.9773991010154027,0.989505552713638,0.9834061985383589,0.9864245210121645,0.9728926321043202,0.9991885790755426,0.9967810784471133,626469,1869,3858,123835,756031,0.16889915889692353,1.1102230246251565e-16
CIC-IDS2017__imbalanced__top10__GRU__seed45,CIC-IDS2017,45,top10,imbalanced,GRU,DL,10,1587663,1587663,176407,,78.0,200,195.70010352134705,0.7110216617584229,2.8497066497802734,196.41112518310547,2026-09-01T14:27:03.900484+00:00,gpu1.nitsri.ac.in,0.9897186755569547,0.9820682438162784,0.968671835917959,0.9705152200982042,0.9695926518509246,0.9813387598857581,0.9820682438162784,0.9817030451854627,0.9634067275223539,0.9987583643062283,0.9948963915063459,624330,4008,3765,123928,756031,0.16889915889692353,1.1102230246251565e-16
CIC-IDS2017__imbalanced__top10__GRU__seed46,CIC-IDS2017,46,top10,imbalanced,GRU,DL,10,1587663,1587663,176407,,167.0,200,426.2658565044403,0.7941949367523193,2.9314815998077393,427.0600514411926,2026-09-01T17:42:14.841429+00:00,gpu1.nitsri.ac.in,0.9941047390913864,0.9881450712910749,0.9858544124140541,0.9791452937905758,0.9824883995960977,0.9908110504744939,0.9881450712910749,0.9894720962152745,0.9789524916446543,0.9993134514054434,0.9971767730838571,626544,1794,2663,125030,756031,0.16889915889692353,0.0
CIC-IDS2017__imbalanced__top10__KNN__seed42,CIC-IDS2017,42,top10,imbalanced,KNN,ML,10,1587663,1587663,176407,,,200,3.6867847442626953,23.049785137176514,2.872138738632202,26.73656988143921,2026-09-01T03:55:38.680001+00:00,gpu1.nitsri.ac.in,0.9976575034621596,0.9959013802921037,0.9928839830906528,0.9932494341898146,0.993066675018498,0.9957560036830142,0.9959013802921037,0.9958286744782351,0.9916573733190391,0.9978720409686047,0.9939667297456779,627429,909,862,126831,756031,0.16889915889692353,0.0
CIC-IDS2017__imbalanced__top10__KNN__seed43,CIC-IDS2017,43,top10,imbalanced,KNN,ML,10,1587663,1587663,176407,,,200,3.3298630714416504,17.695897817611694,2.890982151031494,21.025760889053345,2026-09-01T08:06:51.806123+00:00,gpu1.nitsri.ac.in,0.9968876937585892,0.9939656650348975,0.992000188415582,0.9895530686881818,0.9907751175162994,0.9949390955328463,0.9939656650348975,0.9944515934250646,0.9889042814684403,0.9964955638249968,0.9915920227833377,627319,1019,1334,126359,756031,0.16889915889692353,0.0
CIC-IDS2017__imbalanced__top10__KNN__seed44,CIC-IDS2017,44,top10,imbalanced,KNN,ML,10,1587663,1587663,176407,,,200,3.025597333908081,15.166037797927856,2.84769606590271,18.191635131835938,2026-09-01T11:12:13.679313+00:00,gpu1.nitsri.ac.in,0.9979656918830048,0.996523574846477,0.9936143739190998,0.9943458137877565,0.9939799592923125,0.9962325694542494,0.996523574846477,0.9963780020752536,0.9927561016496985,0.9982995705792334,0.9949788932096795,627522,816,722,126971,756031,0.16889915889692353,1.1102230246251565e-16
CIC-IDS2017__imbalanced__top10__KNN__seed45,CIC-IDS2017,45,top10,imbalanced,KNN,ML,10,1587663,1587663,176407,,,200,2.974196434020996,19.662939310073853,2.8497066497802734,22.63713574409485,2026-09-01T14:21:24.562154+00:00,gpu1.nitsri.ac.in,0.997100647989302,0.993195252081668,0.9954990879730893,0.9872976592295584,0.9913814118442678,0.9964609947563376,0.993195252081668,0.9948192933432616,0.9896508585507672,0.9988416268217825,0.995851877210401,627768,570,1622,126071,756031,0.16889915889692353,1.1102230246251565e-16
CIC-IDS2017__imbalanced__top10__KNN__seed46,CIC-IDS2017,46,top10,imbalanced,KNN,ML,10,1587663,1587663,176407,,,200,3.322948932647705,7.406530857086182,2.9314815998077393,10.729479789733887,2026-09-01T17:32:25.480379+00:00,gpu1.nitsri.ac.in,0.9977977093531879,0.9958266153387416,0.994103440705078,0.9928500387648501,0.9934763444019983,0.9963253866590884,0.9958266153387416,0.9960757951385797,0.9921518766275009,0.997778171115308,0.9940012522207545,627586,752,913,126780,756031,0.16889915889692353,1.1102230246251565e-16
CIC-IDS2017__imbalanced__top10__LSTM__seed42,CIC-IDS2017,42,top10,imbalanced,LSTM,DL,10,1587663,1587663,176407,,108.0,200,248.69586992263794,0.8065333366394043,2.872138738632202,249.50240325927734,2026-09-01T04:07:31.281757+00:00,gpu1.nitsri.ac.in,0.9906630812757677,0.9803776080108473,0.9795665240828788,0.9648453713202759,0.9721502207387944,0.9862220163908556,0.9803776080108473,0.9832707928566151,0.9665819555444851,0.998954059026937,0.9960377836652325,625768,2570,4489,123204,756031,0.16889915889692353,1.1102230246251565e-16
CIC-IDS2017__imbalanced__top10__LSTM__seed43,CIC-IDS2017,43,top10,imbalanced,LSTM,DL,10,1587663,1587663,176407,,163.0,200,371.3868806362152,0.8153836727142334,2.890982151031494,372.20226430892944,2026-09-01T08:24:13.265446+00:00,gpu1.nitsri.ac.in,0.9922741263255078,0.9826727854109315,0.9858300240817823,0.968173666528314,0.9769220739710548,0.9896928118426751,0.9826727854109315,0.9861412706381447,0.9723402562638558,0.9993696549541728,0.9972475309907569,626561,1777,4064,123629,756031,0.16889915889692353,0.0
CIC-IDS2017__imbalanced__top10__LSTM__seed44,CIC-IDS2017,44,top10,imbalanced,LSTM,DL,10,1587663,1587663,176407,,98.0,200,223.98342275619507,0.8102893829345703,2.84769606590271,224.79371213912964,2026-09-01T11:24:01.497511+00:00,gpu1.nitsri.ac.in,0.9919580017221516,0.9833686502941774,0.9817768375682379,0.9703977508555677,0.9760541302686822,0.9878875518670096,0.9833686502941774,0.9856108305815512,0.9712456897022234,0.998891341573536,0.9958187172606277,626038,2300,3780,123913,756031,0.16889915889692353,0.0
CIC-IDS2017__imbalanced__top10__LSTM__seed45,CIC-IDS2017,45,top10,imbalanced,LSTM,DL,10,1587663,1587663,176407,,134.0,200,305.91040563583374,0.8295698165893555,2.8497066497802734,306.7399754524231,2026-09-01T14:32:11.893976+00:00,gpu1.nitsri.ac.in,0.9901234208650175,0.9796473561099397,0.9773828242880513,0.9638273045507585,0.9705577351497349,0.9850261732726557,0.9796473561099397,0.9823121156973549,0.9646585336881665,0.9990280757784462,0.9959890635500128,625490,2848,4619,123074,756031,0.16889915889692353,1.1102230246251565e-16
CIC-IDS2017__imbalanced__top10__LSTM__seed46,CIC-IDS2017,46,top10,imbalanced,LSTM,DL,10,1587663,1587663,176407,,193.0,200,440.5692343711853,0.8007986545562744,2.9314815998077393,441.3700330257416,2026-09-01T17:49:37.483179+00:00,gpu1.nitsri.ac.in,0.992329679603085,0.9843035912912946,0.9822214134253252,0.9721832833436446,0.9771765696765992,0.9882900607275568,0.9843035912912946,0.9862834010602457,0.9725854821087966,0.9992814339834256,0.9969741582628391,626091,2247,3552,124141,756031,0.16889915889692353,0.0
CIC-IDS2017__imbalanced__top10__MLP__seed42,CIC-IDS2017,42,top10,imbalanced,MLP,DL,10,1587663,1587663,176407,,200.0,200,118.71046352386475,0.29042840003967285,2.872138738632202,119.00089192390442,2026-09-01T04:09:31.514635+00:00,gpu1.nitsri.ac.in,0.9824464869826767,0.9583592432195753,0.9726619299405155,0.9219847603235886,0.9466455999002947,0.9784867593043507,0.9583592432195753,0.96807040726384,0.9366297643900267,0.9971532895140308,0.9888548876751883,625029,3309,9962,117731,756031,0.16889915889692353,1.1102230246251565e-16
CIC-IDS2017__imbalanced__top10__MLP__seed43,CIC-IDS2017,43,top10,imbalanced,MLP,DL,10,1587663,1587663,176407,,188.0,200,108.46242713928223,0.29591846466064453,2.890982151031494,108.75834560394287,2026-09-01T08:26:03.305917+00:00,gpu1.nitsri.ac.in,0.9881235028722367,0.9702295080629828,0.9858637286359767,0.9432075368266075,0.9640640195948947,0.9872113852870306,0.9702295080629828,0.9784751278111393,0.9572902799594378,0.9984338185676462,0.9945459233072983,626611,1727,7252,120441,756031,0.16889915889692353,1.1102230246251565e-16
CIC-IDS2017__imbalanced__top10__MLP__seed44,CIC-IDS2017,44,top10,imbalanced,MLP,DL,10,1587663,1587663,176407,,200.0,200,116.8807110786438,0.2987935543060303,2.84769606590271,117.17950463294983,2026-09-01T11:25:59.914606+00:00,gpu1.nitsri.ac.in,0.9896036009105447,0.9767607159625269,0.9806200617655316,0.9573664962057434,0.9688537712297609,0.9859987439271807,0.9767607159625269,0.9813071050950123,0.9627151377465951,0.9986295095306134,0.9953304619109449,625922,2416,5444,122249,756031,0.16889915889692353,0.0
CIC-IDS2017__imbalanced__top10__MLP__seed45,CIC-IDS2017,45,top10,imbalanced,MLP,DL,10,1587663,1587663,176407,,200.0,200,114.97847652435303,0.29512572288513184,2.8497066497802734,115.27360224723816,2026-09-01T14:34:08.408504+00:00,gpu1.nitsri.ac.in,0.9892980578838698,0.9823518166122645,0.9650227841801583,0.9718622007471044,0.9684304169869407,0.9796481381649589,0.9823518166122645,0.9809936816386536,0.9619961554570962,0.9983458184685938,0.9941613542178044,623840,4498,3593,124100,756031,0.16889915889692353,1.1102230246251565e-16
CIC-IDS2017__imbalanced__top10__MLP__seed46,CIC-IDS2017,46,top10,imbalanced,MLP,DL,10,1587663,1587663,176407,,200.0,200,117.6846342086792,0.2954676151275635,2.9314815998077393,117.98010182380676,2026-09-01T17:51:36.721315+00:00,gpu1.nitsri.ac.in,0.9859767655030018,0.9695214254036086,0.9715137115934442,0.9446719867181443,0.9579048511462809,0.9801662717171863,0.9695214254036086,0.9747459637621956,0.9496280373438639,0.9966628009699299,0.9890634549557935,624801,3537,7065,120628,756031,0.16889915889692353,0.0
CIC-IDS2017__imbalanced__top10__RF__seed42,CIC-IDS2017,42,top10,imbalanced,RF,ML,10,1587663,1587663,176407,,,200,16.935123682022095,0.27106761932373047,2.872138738632202,17.206191301345825,2026-09-01T03:54:47.229692+00:00,gpu1.nitsri.ac.in,0.9981773234166323,0.9963389057194583,0.995636717493153,0.9935626855035123,0.9945986202571339,0.997164528990482,0.9963389057194583,0.9967511543664076,0.9935030916543053,0.999410568502019,0.9981280003225084,627782,556,822,126871,756031,0.16889915889692353,0.0
CIC-IDS2017__imbalanced__top10__RF__seed43,CIC-IDS2017,43,top10,imbalanced,RF,ML,10,1587663,1587663,176407,,,200,17.37303400039673,0.25336647033691406,2.890982151031494,17.626400470733643,2026-09-01T08:06:11.858705+00:00,gpu1.nitsri.ac.in,0.9971376835076868,0.9945060482162678,0.9925062186614773,0.9905319790434871,0.9915181161124438,0.995291436258221,0.9945060482162678,0.9948982304842807,0.989797172878186,0.998597350205558,0.9974240632258542,627383,955,1209,126484,756031,0.16889915889692353,1.1102230246251565e-16
CIC-IDS2017__imbalanced__top10__RF__seed44,CIC-IDS2017,44,top10,imbalanced,RF,ML,10,1587663,1587663,176407,,,200,15.909274101257324,0.29464221000671387,2.84769606590271,16.203916311264038,2026-09-01T11:11:40.249625+00:00,gpu1.nitsri.ac.in,0.9983995365269414,0.9969748942386816,0.9956968514120441,0.9948235220411455,0.9952599951424743,0.9973225286577286,0.9969748942386816,0.9971486116891313,0.9942973621250102,0.9997799698524624,0.9988739259225466,627789,549,661,127032,756031,0.16889915889692353,0.0
CIC-IDS2017__imbalanced__top10__RF__seed45,CIC-IDS2017,45,top10,imbalanced,RF,ML,10,1587663,1587663,176407,,,200,17.07733964920044,0.3380260467529297,2.8497066497802734,17.41536569595337,2026-09-01T14:20:41.711023+00:00,gpu1.nitsri.ac.in,0.9974881982352576,0.9934627256536828,0.9977209780802405,0.9873838033408252,0.9925254759646229,0.9975812292479465,0.9934627256536828,0.9955079679069776,0.9910353971857949,0.9998345837020496,0.9992059453083723,628050,288,1611,126082,756031,0.16889915889692353,1.1102230246251565e-16
CIC-IDS2017__imbalanced__top10__RF__seed46,CIC-IDS2017,46,top10,imbalanced,RF,ML,10,1587663,1587663,176407,,,200,17.601500988006592,0.28601956367492676,2.9314815998077393,17.88752055168152,2026-09-01T17:32:06.275316+00:00,gpu1.nitsri.ac.in,0.9980635714673075,0.9961425556685741,0.9952837221712142,0.9932416029069722,0.9942616139602704,0.996955415014974,0.9961425556685741,0.9965484393534105,0.9930976380172619,0.9997043187326716,0.9986029231293997,627737,601,863,126830,756031,0.16889915889692353,1.1102230246251565e-16
CIC-IDS2017__imbalanced__top10__SVM__seed42,CIC-IDS2017,42,top10,imbalanced,SVM,ML,10,1587663,100000,176407,100000.0,,200,8.125989198684692,69.03703737258911,2.872138738632202,77.1630265712738,2026-09-01T03:58:06.081280+00:00,gpu1.nitsri.ac.in,0.9121292645407397,0.8897580143315728,0.6946690054911532,0.8559748772446415,0.7669320123352407,0.8319750578269463,0.8897580143315728,0.85639524558817,0.7194162615516545,0.9551197830583161,0.8568746990126561,580296,48042,18391,109302,756031,0.16889915889692353,1.1102230246251565e-16
CIC-IDS2017__imbalanced__top10__SVM__seed43,CIC-IDS2017,43,top10,imbalanced,SVM,ML,10,1587663,100000,176407,100000.0,,200,8.696180820465088,73.55513048171997,2.890982151031494,82.25131130218506,2026-09-01T08:09:28.462615+00:00,gpu1.nitsri.ac.in,0.9072194129605796,0.8743620633597753,0.6879670760386726,0.8247437212689811,0.7501718470080813,0.8254256452552476,0.8743620633597753,0.8466015465624778,0.6980745405125179,0.9509052918271796,0.8436550349023729,580572,47766,22379,105314,756031,0.16889915889692353,0.0
CIC-IDS2017__imbalanced__top10__SVM__seed44,CIC-IDS2017,44,top10,imbalanced,SVM,ML,10,1587663,100000,176407,100000.0,,200,8.528292179107666,70.95993614196777,2.84769606590271,79.48822832107544,2026-09-01T11:14:45.405689+00:00,gpu1.nitsri.ac.in,0.93203717836967,0.913228528237658,0.7549461783631006,0.8848253232361993,0.8147421706555521,0.8653460050579954,0.913228528237658,0.8865637365457159,0.7771007449941696,0.9649337462524848,0.9066345933146744,591663,36675,14707,112986,756031,0.16889915889692353,0.0
CIC-IDS2017__imbalanced__top10__SVM__seed45,CIC-IDS2017,45,top10,imbalanced,SVM,ML,10,1587663,100000,176407,100000.0,,200,7.865094900131226,66.1684296131134,2.8497066497802734,74.03352451324463,2026-09-01T14:23:46.277646+00:00,gpu1.nitsri.ac.in,0.9311999111147559,0.9154391239368114,0.7488851178025968,0.8916385393091242,0.8140508424285107,0.8629880318092764,0.9154391239368114,0.8859211760211869,0.7766580455628931,0.9657320591089711,0.9059579195440697,590160,38178,13837,113856,756031,0.16889915889692353,0.0
CIC-IDS2017__imbalanced__top10__SVM__seed46,CIC-IDS2017,46,top10,imbalanced,SVM,ML,10,1587663,100000,176407,100000.0,,200,12.921669483184814,73.6665186882019,2.9314815998077393,86.58818817138672,2026-09-01T17:35:06.542932+00:00,gpu1.nitsri.ac.in,0.9093912815744328,0.8714817907458363,0.698952633206502,0.8142341396944234,0.7522020495791236,0.8299456905462786,0.8714817907458363,0.8483808206806768,0.7001965894604261,0.9565280191623684,0.8587724203601811,583556,44782,23721,103972,756031,0.16889915889692353,1.1102230246251565e-16
CIC-IDS2017__imbalanced__top10__SimpleRNN__seed42,CIC-IDS2017,42,top10,imbalanced,SimpleRNN,DL,10,1587663,1587663,176407,,200.0,200,281.8923943042755,0.5187077522277832,2.872138738632202,282.4111020565033,2026-09-01T04:14:15.169327+00:00,gpu1.nitsri.ac.in,0.989759679166595,0.9762711947844759,0.9829995248564503,0.9559020463142067,0.9692614326665767,0.9870438561961287,0.9762711947844759,0.981558971937972,0.9632548142687243,0.9989487381584529,0.9956989211069058,626227,2111,5631,122062,756031,0.16889915889692353,1.1102230246251565e-16
CIC-IDS2017__imbalanced__top10__SimpleRNN__seed43,CIC-IDS2017,43,top10,imbalanced,SimpleRNN,DL,10,1587663,1587663,176407,,200.0,200,277.6388943195343,0.5200026035308838,2.890982151031494,278.1588969230652,2026-09-01T08:30:42.765835+00:00,gpu1.nitsri.ac.in,0.9922860305992743,0.9848888302465514,0.9804751878750602,0.9737182147807633,0.9770850196066104,0.9875707916527894,0.9848888302465514,0.9862237263853103,0.972455923580922,0.9989666546336904,0.9958623211282582,625862,2476,3356,124337,756031,0.16889915889692353,1.1102230246251565e-16
CIC-IDS2017__imbalanced__top10__SimpleRNN__seed44,CIC-IDS2017,44,top10,imbalanced,SimpleRNN,DL,10,1587663,1587663,176407,,200.0,200,274.7449600696564,0.530684232711792,2.84769606590271,275.27564430236816,2026-09-01T11:30:36.551507+00:00,gpu1.nitsri.ac.in,0.9920849806423282,0.9848396337390737,0.9791277920810009,0.9738983342861394,0.9765060619385639,0.9869145367196521,0.9848396337390737,0.9858734382041348,0.9717519552753922,0.9990670715943895,0.9965147115428225,625687,2651,3333,124360,756031,0.16889915889692353,0.0
CIC-IDS2017__imbalanced__top10__SimpleRNN__seed45,CIC-IDS2017,45,top10,imbalanced,SimpleRNN,DL,10,1587663,1587663,176407,,200.0,200,269.97278118133545,0.5174088478088379,2.8497066497802734,270.4901900291443,2026-09-01T14:38:40.192047+00:00,gpu1.nitsri.ac.in,0.9903152119423675,0.9823522496997618,0.9722764974065616,0.9703272693099857,0.9713009054207659,0.9831243796558511,0.9823522496997618,0.9827378050890319,0.9654763206040874,0.9987803449191097,0.9954603559941733,624805,3533,3789,123904,756031,0.16889915889692353,1.1102230246251565e-16
CIC-IDS2017__imbalanced__top10__SimpleRNN__seed46,CIC-IDS2017,46,top10,imbalanced,SimpleRNN,DL,10,1587663,1587663,176407,,200.0,200,275.6103775501251,0.5197956562042236,2.9314815998077393,276.13017320632935,2026-09-01T17:56:14.101102+00:00,gpu1.nitsri.ac.in,0.9934314862750337,0.9877587538596859,0.9818681534414386,0.9791922814876305,0.9805283918474894,0.9888209391607927,0.9877587538596859,0.9882888955317076,0.9765791153728195,0.9992252130294359,0.9970296025701091,626029,2309,2657,125036,756031,0.16889915889692353,0.0
CIC-IDS2017__imbalanced__top20__CNN__seed42,CIC-IDS2017,42,top20,imbalanced,CNN,DL,20,1587663,1587663,176407,,157.0,200,638.9229385852814,0.7956175804138184,2.9301910400390625,639.7185561656952,2026-09-01T03:54:16.621631+00:00,gpu1.nitsri.ac.in,0.9984167315890486,0.9962676639759165,0.9975925984202411,0.9930223269873838,0.9953022162393397,0.9980879454052827,0.9962676639759165,0.9971750733106683,0.9943539432633502,0.9999418966730216,0.999756735091911,628032,306,891,126802,756031,0.16889915889692353,0.0
CIC-IDS2017__imbalanced__top20__CNN__seed43,CIC-IDS2017,43,top20,imbalanced,CNN,DL,20,1587663,1587663,176407,,59.0,200,237.61400413513184,0.7778308391571045,2.9287102222442627,238.39183497428894,2026-09-01T08:05:42.540519+00:00,gpu1.nitsri.ac.in,0.9969154703973779,0.9935331114298265,0.9932792419866372,0.9884253639588702,0.9908463585621089,0.9954646692474262,0.9935331114298265,0.9944957952040641,0.9889958944651531,0.9998944191546741,0.999517881729347,627484,854,1478,126215,756031,0.16889915889692353,1.1102230246251565e-16
CIC-IDS2017__imbalanced__top20__CNN__seed44,CIC-IDS2017,44,top20,imbalanced,CNN,DL,20,1587663,1587663,176407,,88.0,200,366.79591488838196,0.7762682437896729,2.8905563354492188,367.57218313217163,2026-09-01T11:11:11.318680+00:00,gpu1.nitsri.ac.in,0.9967382289879648,0.9925185925353712,0.9944953838620766,0.9861464606517194,0.9903033258098256,0.995842407617157,0.9925185925353712,0.9941713393424823,0.9883554112139054,0.9998293538107927,0.9993277848300764,627641,697,1769,125924,756031,0.16889915889692353,0.0
CIC-IDS2017__imbalanced__top20__CNN__seed45,CIC-IDS2017,45,top20,imbalanced,CNN,DL,20,1587663,1587663,176407,,91.0,200,364.3424062728882,0.7775595188140869,2.992987632751465,365.11996579170227,2026-09-01T14:20:12.085423+00:00,gpu1.nitsri.ac.in,0.996763360232583,0.9927521041818941,0.9940982468321472,0.9866946504506904,0.9903826124550474,0.9956991872182377,0.9927521041818941,0.9942184422543425,0.9884468980032084,0.9998849053384027,0.9994805805404311,627590,748,1699,125994,756031,0.16889915889692353,1.1102230246251565e-16
CIC-IDS2017__imbalanced__top20__CNN__seed46,CIC-IDS2017,46,top20,imbalanced,CNN,DL,20,1587663,1587663,176407,,53.0,200,214.83692121505737,0.777193546295166,2.970973253250122,215.61411476135254,2026-09-01T17:31:35.565534+00:00,gpu1.nitsri.ac.in,0.9970530308942358,0.9941712100985052,0.9927113359147351,0.9898193323048249,0.9912632247641306,0.9953218049680721,0.9941712100985052,0.9947454091503669,0.9894923461032892,0.9998403031902561,0.9993084001009112,627410,928,1300,126393,756031,0.16889915889692353,1.1102230246251565e-16
CIC-IDS2017__imbalanced__top20__DT__seed42,CIC-IDS2017,42,top20,imbalanced,DT,ML,20,1587663,1587663,176407,,,200,14.831980228424072,0.035083770751953125,2.9301910400390625,14.867063999176025,2026-09-01T03:15:50.442044+00:00,gpu1.nitsri.ac.in,0.9990979205879124,0.9984339740932757,0.9972282902308975,0.9974313392276789,0.9973298043944685,0.9983531282957796,0.9984339740932757,0.9983935458131974,0.9967870991105001,0.9986932411379964,0.9955704906776783,627984,354,328,127365,756031,0.16889915889692353,1.1102230246251565e-16
CIC-IDS2017__imbalanced__top20__DT__seed43,CIC-IDS2017,43,top20,imbalanced,DT,ML,20,1587663,1587663,176407,,,200,15.427483081817627,0.03298664093017578,2.9287102222442627,15.460469722747803,2026-09-01T07:40:33.729906+00:00,gpu1.nitsri.ac.in,0.9990754347374645,0.9984079667768355,0.9971267067518477,0.9974000140963091,0.9972633416986074,0.9982991496398284,0.9984079667768355,0.9983535484579444,0.996707110476519,0.9984228840010377,0.9950239553203465,627971,367,332,127361,756031,0.16889915889692353,0.0
CIC-IDS2017__imbalanced__top20__DT__seed44,CIC-IDS2017,44,top20,imbalanced,DT,ML,20,1587663,1587663,176407,,,200,18.734681844711304,0.035017967224121094,2.8905563354492188,18.769699811935425,2026-09-01T10:44:29.037512+00:00,gpu1.nitsri.ac.in,0.9982408128767206,0.9965455758558557,0.9955917073897731,0.9939855747770042,0.9947879927894036,0.9971849179449629,0.9965455758558557,0.9968649093364099,0.9937302881322033,0.9971064336121253,0.9917335976015297,627776,562,768,126925,756031,0.16889915889692353,0.0
CIC-IDS2017__imbalanced__top20__DT__seed45,CIC-IDS2017,45,top20,imbalanced,DT,ML,20,1587663,1587663,176407,,,200,15.271133184432983,0.03429913520812988,2.992987632751465,15.305432319641113,2026-09-01T13:45:24.066669+00:00,gpu1.nitsri.ac.in,0.9981707099312065,0.9966344365400284,0.9948520654422366,0.9943144886563868,0.9945832044086371,0.9968483816128397,0.9966344365400284,0.9967413712505451,0.9934827951164885,0.9970897396554549,0.9911905824505377,627681,657,726,126967,756031,0.16889915889692353,0.0
CIC-IDS2017__imbalanced__top20__DT__seed46,CIC-IDS2017,46,top20,imbalanced,DT,ML,20,1587663,1587663,176407,,,200,17.735761404037476,0.033702850341796875,2.970973253250122,17.769464254379272,2026-09-01T16:58:29.090704+00:00,gpu1.nitsri.ac.in,0.9990238495511428,0.9983176545886706,0.996970147734657,0.9972512197223027,0.9971106639208839,0.9982057495933329,0.9983176545886706,0.9982616917770959,0.9965233978987953,0.9983262548936221,0.9947464455162297,627951,387,351,127342,756031,0.16889915889692353,1.1102230246251565e-16
CIC-IDS2017__imbalanced__top20__GNB__seed42,CIC-IDS2017,42,top20,imbalanced,GNB,ML,20,1587663,1587663,176407,,,200,0.20313334465026855,0.04957747459411621,2.9301910400390625,0.25271081924438477,2026-09-01T03:16:11.821009+00:00,gpu1.nitsri.ac.in,0.25061670751596166,0.5451001357840459,0.18273943606989704,0.9898036697391399,0.3085194284661172,0.5812586673243793,0.5451001357840459,0.24532497408439888,0.1210748021672573,0.604798694714862,0.2049916542941634,63083,565255,1302,126391,756031,0.16889915889692353,5.551115123125783e-17
CIC-IDS2017__imbalanced__top20__GNB__seed43,CIC-IDS2017,43,top20,imbalanced,GNB,ML,20,1587663,1587663,176407,,,200,0.20351409912109375,0.057924509048461914,2.9287102222442627,0.26143860816955566,2026-09-01T07:40:55.469661+00:00,gpu1.nitsri.ac.in,0.2837291063461683,0.5640069780452471,0.18929908913721805,0.9872585028153462,0.31768463627142773,0.585617580185747,0.5640069780452471,0.28195080677794593,0.14805569999478296,0.6093124831265675,0.20694153807207025,88442,539896,1627,126066,756031,0.16889915889692353,5.551115123125783e-17
CIC-IDS2017__imbalanced__top20__GNB__seed44,CIC-IDS2017,44,top20,imbalanced,GNB,ML,20,1587663,1587663,176407,,,200,0.20717787742614746,0.05221915245056152,2.8905563354492188,0.259397029876709,2026-09-01T10:44:52.816599+00:00,gpu1.nitsri.ac.in,0.345008339605122,0.5963244808790418,0.2020505353346835,0.9758404924310652,0.3347832511653524,0.5899531571831119,0.5963244808790418,0.3448535484331345,0.18616864579293788,0.6248235701761314,0.21395664628601446,136229,492109,3085,124608,756031,0.16889915889692353,5.551115123125783e-17
CIC-IDS2017__imbalanced__top20__GNB__seed45,CIC-IDS2017,45,top20,imbalanced,GNB,ML,20,1587663,1587663,176407,,,200,0.20403623580932617,0.052318572998046875,2.992987632751465,0.25635480880737305,2026-09-01T13:45:46.972443+00:00,gpu1.nitsri.ac.in,0.27976498318190657,0.5619653031710966,0.18855343637502073,0.9881199439280148,0.31667821180816996,0.5855434708241797,0.5619653031710966,0.2776570493876348,0.1456121849836496,0.6062368976918739,0.20559373051616125,85335,543003,1517,126176,756031,0.16889915889692353,5.551115123125783e-17
CIC-IDS2017__imbalanced__top20__GNB__seed46,CIC-IDS2017,46,top20,imbalanced,GNB,ML,20,1587663,1587663,176407,,,200,0.20357489585876465,0.05166959762573242,2.970973253250122,0.25524449348449707,2026-09-01T16:58:51.351386+00:00,gpu1.nitsri.ac.in,0.25791270463777277,0.5491619045113403,0.1841118497783998,0.9889813850406836,0.31043260124899674,0.5820218360871574,0.5491619045113403,0.25358282416451344,0.12700156965268788,0.6086066957430614,0.20666366374934422,68704,559634,1407,126286,756031,0.16889915889692353,0.0
CIC-IDS2017__imbalanced__top20__GRU__seed42,CIC-IDS2017,42,top20,imbalanced,GRU,DL,20,1587663,1587663,176407,,183.0,200,476.66817569732666,0.8086347579956055,2.9301910400390625,477.47681045532227,2026-09-01T03:33:00.306600+00:00,gpu1.nitsri.ac.in,0.9958440857583882,0.9914690033125488,0.990477990690641,0.9848621302655588,0.9876620775773378,0.9937025808106641,0.9914690033125488,0.9925816352575729,0.9851690521404948,0.9997491290272918,0.9988732971556167,627129,1209,1933,125760,756031,0.16889915889692353,0.0
CIC-IDS2017__imbalanced__top20__GRU__seed43,CIC-IDS2017,43,top20,imbalanced,GRU,DL,20,1587663,1587663,176407,,97.0,200,249.1702263355255,0.8037505149841309,2.9287102222442627,249.97397685050964,2026-09-01T07:54:01.895624+00:00,gpu1.nitsri.ac.in,0.9960768804453786,0.9909694775933308,0.9934484859514333,0.9832567172828581,0.9883263275555345,0.9950264689813579,0.9909694775933308,0.9929842953324904,0.9859876000653323,0.9997092726947774,0.9987982678052468,627510,828,2138,125555,756031,0.16889915889692353,0.0
CIC-IDS2017__imbalanced__top20__GRU__seed44,CIC-IDS2017,44,top20,imbalanced,GRU,DL,20,1587663,1587663,176407,,102.0,200,259.02759194374084,0.7962937355041504,2.8905563354492188,259.823885679245,2026-09-01T10:58:19.318499+00:00,gpu1.nitsri.ac.in,0.9956985890790192,0.9903175878513312,0.9922624745840487,0.9821916628162859,0.9872013853359046,0.9943254262970653,0.9903175878513312,0.9923081360768676,0.9846348574686113,0.9995552724341914,0.9983902335353293,627360,978,2274,125419,756031,0.16889915889692353,0.0
CIC-IDS2017__imbalanced__top20__GRU__seed45,CIC-IDS2017,45,top20,imbalanced,GRU,DL,20,1587663,1587663,176407,,138.0,200,347.8941066265106,0.8004744052886963,2.992987632751465,348.6945810317993,2026-09-01T14:00:29.858406+00:00,gpu1.nitsri.ac.in,0.9958255679991957,0.9906903695364053,0.992276130317572,0.982935634686318,0.9875837975639694,0.9944074364457575,0.9906903695364053,0.9925374051029474,0.9850907931579007,0.9996336456793715,0.9985450488413709,627361,977,2179,125514,756031,0.16889915889692353,1.1102230246251565e-16
CIC-IDS2017__imbalanced__top20__GRU__seed46,CIC-IDS2017,46,top20,imbalanced,GRU,DL,20,1587663,1587663,176407,,151.0,200,389.71936869621277,0.7294745445251465,2.970973253250122,390.4488432407379,2026-09-01T17:15:04.818766+00:00,gpu1.nitsri.ac.in,0.9955702874617576,0.9896881793244222,0.9928809259552878,0.9808055257531736,0.9868062860226999,0.9944948882670988,0.9896881793244222,0.9920723041894821,0.9841713296387965,0.9996574048942442,0.9985965624001876,627440,898,2451,125242,756031,0.16889915889692353,1.1102230246251565e-16
CIC-IDS2017__imbalanced__top20__KNN__seed42,CIC-IDS2017,42,top20,imbalanced,KNN,ML,20,1587663,1587663,176407,,,200,0.05523800849914551,198.57442927360535,2.9301910400390625,198.6296672821045,2026-09-01T03:22:49.472546+00:00,gpu1.nitsri.ac.in,0.9990846936170606,0.9987816842080918,0.9962643700618177,0.9983241054717173,0.9972931742616858,0.9979618229398177,0.9987816842080918,0.9983711997579111,0.9967431699635646,0.9994723162836248,0.997345934959345,627860,478,214,127479,756031,0.16889915889692353,1.1102230246251565e-16
CIC-IDS2017__imbalanced__top20__KNN__seed43,CIC-IDS2017,43,top20,imbalanced,KNN,ML,20,1587663,1587663,176407,,,200,0.055857181549072266,199.08436107635498,2.9287102222442627,199.14021825790405,2026-09-01T07:47:33.369061+00:00,gpu1.nitsri.ac.in,0.994538583735323,0.9909581484451699,0.9821746324103269,0.9855512831556937,0.9838600605882928,0.9896181308744016,0.9909581484451699,0.99028663020324,0.9805753637110839,0.9968623345445128,0.9888333146572653,626054,2284,1845,125848,756031,0.16889915889692353,1.1102230246251565e-16
CIC-IDS2017__imbalanced__top20__KNN__seed44,CIC-IDS2017,44,top20,imbalanced,KNN,ML,20,1587663,1587663,176407,,,200,0.05748939514160156,199.18034315109253,2.8905563354492188,199.23783254623413,2026-09-01T10:51:31.516181+00:00,gpu1.nitsri.ac.in,0.9941774874310709,0.9907128296570431,0.9801537538847391,0.9854808016101118,0.9828100593564512,0.9885999250396986,0.9907128296570431,0.9896526160289854,0.9793104753579422,0.9967212679316212,0.9873877646411819,625790,2548,1854,125839,756031,0.16889915889692353,0.0
CIC-IDS2017__imbalanced__top20__KNN__seed45,CIC-IDS2017,45,top20,imbalanced,KNN,ML,20,1587663,1587663,176407,,,200,0.05591225624084473,198.47965478897095,2.992987632751465,198.5355670452118,2026-09-01T13:52:24.888152+00:00,gpu1.nitsri.ac.in,0.994001568718743,0.9896710274903778,0.9813868042526579,0.983131416757379,0.9822583358436386,0.9889787370432466,0.9896710274903778,0.9893244786745836,0.978649519672725,0.9964422485524098,0.9878223582006407,625957,2381,2154,125539,756031,0.16889915889692353,0.0
CIC-IDS2017__imbalanced__top20__KNN__seed46,CIC-IDS2017,46,top20,imbalanced,KNN,ML,20,1587663,1587663,176407,,,200,0.055891990661621094,198.7728066444397,2.970973253250122,198.82869863510132,2026-09-01T17:05:29.209534+00:00,gpu1.nitsri.ac.in,0.9989630054852248,0.9986086386791273,0.9957963823885612,0.9980735044207591,0.9969336430979592,0.9977023456670422,0.9986086386791273,0.9981548150286801,0.9963105721419446,0.9993820394045201,0.9969723925102132,627800,538,246,127447,756031,0.16889915889692353,1.1102230246251565e-16
CIC-IDS2017__imbalanced__top20__LSTM__seed42,CIC-IDS2017,42,top20,imbalanced,LSTM,DL,20,1587663,1587663,176407,,128.0,200,302.5444288253784,0.8199541568756104,2.9301910400390625,303.364382982254,2026-09-01T03:38:04.829535+00:00,gpu1.nitsri.ac.in,0.9959062525213913,0.9912068939944185,0.9915884163181568,0.9841103271126843,0.9878352193001418,0.9941821020286257,0.9912068939944185,0.9926871293612122,0.9853845044552183,0.9996843617040929,0.9986498759163682,627272,1066,2029,125664,756031,0.16889915889692353,0.0
CIC-IDS2017__imbalanced__top20__LSTM__seed43,CIC-IDS2017,43,top20,imbalanced,LSTM,DL,20,1587663,1587663,176407,,96.0,200,221.64738726615906,0.8269259929656982,2.9287102222442627,222.47431325912476,2026-09-01T07:57:45.531764+00:00,gpu1.nitsri.ac.in,0.9956139364655682,0.9904756925689433,0.9912397804020696,0.9827163587667296,0.9869596677782672,0.9938667334066983,0.9904756925689433,0.9921616320500115,0.9843365849228849,0.9996508525584087,0.998575436546046,627229,1109,2207,125486,756031,0.16889915889692353,0.0
CIC-IDS2017__imbalanced__top20__LSTM__seed44,CIC-IDS2017,44,top20,imbalanced,LSTM,DL,20,1587663,1587663,176407,,70.0,200,158.39054465293884,0.8150668144226074,2.8905563354492188,159.20561146736145,2026-09-01T11:00:59.681203+00:00,gpu1.nitsri.ac.in,0.99459149161873,0.9880978391538706,0.9895673252111091,0.9782916839607496,0.9838972004205867,0.9925829395108234,0.9880978391538706,0.9903235707022373,0.9806705224065719,0.9993128743833599,0.9974639597689957,627021,1317,2772,124921,756031,0.16889915889692353,0.0
CIC-IDS2017__imbalanced__top20__LSTM__seed45,CIC-IDS2017,45,top20,imbalanced,LSTM,DL,20,1587663,1587663,176407,,187.0,200,429.38902139663696,0.8330395221710205,2.992987632751465,430.222060918808,2026-09-01T14:07:41.249178+00:00,gpu1.nitsri.ac.in,0.995604677585972,0.9911627382011519,0.989468381531099,0.9844549035577518,0.9869552757920852,0.9931562517049995,0.9911627382011519,0.9921561795277474,0.9843169712007287,0.9996834236085436,0.9987167807622979,627000,1338,1985,125708,756031,0.16889915889692353,0.0
CIC-IDS2017__imbalanced__top20__LSTM__seed46,CIC-IDS2017,46,top20,imbalanced,LSTM,DL,20,1587663,1587663,176407,,179.0,200,414.9870562553406,0.8480062484741211,2.970973253250122,415.8350625038147,2026-09-01T17:22:01.820557+00:00,gpu1.nitsri.ac.in,0.9964234270816937,0.9916428279216569,0.9943442045895,0.9844235784263821,0.9893590227930991,0.9955925580675116,0.9916428279216569,0.9936047468987554,0.987227484919741,0.9997226827405885,0.9989382100221961,627623,715,1989,125704,756031,0.16889915889692353,1.1102230246251565e-16
CIC-IDS2017__imbalanced__top20__MLP__seed42,CIC-IDS2017,42,top20,imbalanced,MLP,DL,20,1587663,1587663,176407,,167.0,200,103.88832116127014,0.32128071784973145,2.9301910400390625,104.20960187911987,2026-09-01T03:39:50.233557+00:00,gpu1.nitsri.ac.in,0.9958771531855175,0.9918164856571299,0.9898626861915473,0.9856844149640153,0.9877691320674757,0.9934779587296734,0.9918164856571299,0.9926449212633526,0.9852930435391943,0.9996816828830909,0.9987010963629258,627049,1289,1828,125865,756031,0.16889915889692353,1.1102230246251565e-16
CIC-IDS2017__imbalanced__top20__MLP__seed43,CIC-IDS2017,43,top20,imbalanced,MLP,DL,20,1587663,1587663,176407,,140.0,200,85.50609302520752,0.308840274810791,2.9287102222442627,85.81493330001831,2026-09-01T07:59:12.490228+00:00,gpu1.nitsri.ac.in,0.9959670965873092,0.9905945610935594,0.993569233693414,0.9824814202814564,0.9879942195848969,0.9950085518825855,0.9905945610935594,0.9927853628818268,0.9855932289710506,0.9995123843396341,0.9983043074837978,627526,812,2237,125456,756031,0.16889915889692353,1.1102230246251565e-16
CIC-IDS2017__imbalanced__top20__MLP__seed44,CIC-IDS2017,44,top20,imbalanced,MLP,DL,20,1587663,1587663,176407,,176.0,200,102.83762121200562,0.30332374572753906,2.8905563354492188,103.14094495773315,2026-09-01T11:02:43.965880+00:00,gpu1.nitsri.ac.in,0.9957686920245333,0.9901070514039962,0.9933112488310536,0.9815573289060481,0.9873993106843919,0.9947861287110008,0.9901070514039962,0.9924283816761987,0.9848820652609058,0.9995165567164355,0.9982403231325861,627494,844,2355,125338,756031,0.16889915889692353,1.1102230246251565e-16
CIC-IDS2017__imbalanced__top20__MLP__seed45,CIC-IDS2017,45,top20,imbalanced,MLP,DL,20,1587663,1587663,176407,,200.0,200,121.65838384628296,0.3098585605621338,2.992987632751465,121.96824240684509,2026-09-01T14:09:44.405733+00:00,gpu1.nitsri.ac.in,0.9957250430207227,0.990214946980694,0.992715813809867,0.9818940740682731,0.9872752899674796,0.9945221995382842,0.990214946980694,0.9923531357203296,0.9847277264857249,0.99954926835471,0.9983630282161435,627418,920,2312,125381,756031,0.16889915889692353,0.0
CIC-IDS2017__imbalanced__top20__MLP__seed46,CIC-IDS2017,46,top20,imbalanced,MLP,DL,20,1587663,1587663,176407,,200.0,200,120.548748254776,0.3167421817779541,2.970973253250122,120.86549043655396,2026-09-01T17:24:03.887029+00:00,gpu1.nitsri.ac.in,0.9933997415449896,0.9903322855810541,0.975478760917919,0.9857000775297001,0.9805627833782584,0.9862832401080823,0.9903322855810541,0.9882938791626223,0.9766071319869757,0.9993804149945649,0.9977081095013941,625174,3164,1826,125867,756031,0.16889915889692353,1.1102230246251565e-16
CIC-IDS2017__imbalanced__top20__RF__seed42,CIC-IDS2017,42,top20,imbalanced,RF,ML,20,1587663,1587663,176407,,,200,19.408458948135376,0.27584362030029297,2.9301910400390625,19.68430256843567,2026-09-01T03:16:10.938883+00:00,gpu1.nitsri.ac.in,0.9994100771000131,0.9990242370928288,0.9980663999812119,0.9984415747143539,0.9982539520972149,0.9988748336311223,0.9990242370928288,0.9989495170074274,0.9978990595397565,0.9999687167895704,0.9998876569557912,628091,247,199,127494,756031,0.16889915889692353,0.0
CIC-IDS2017__imbalanced__top20__RF__seed43,CIC-IDS2017,43,top20,imbalanced,RF,ML,20,1587663,1587663,176407,,,200,19.784082651138306,0.2615022659301758,2.9287102222442627,20.04558491706848,2026-09-01T07:40:54.557120+00:00,gpu1.nitsri.ac.in,0.9987937002583227,0.9970591530791988,0.998411762393364,0.9944397891818659,0.9964218174969985,0.9986413550646879,0.9970591530791988,0.9978481933464578,0.995699251056699,0.9999737760432192,0.9998931743026497,628136,202,710,126983,756031,0.16889915889692353,1.1102230246251565e-16
CIC-IDS2017__imbalanced__top20__RF__seed44,CIC-IDS2017,44,top20,imbalanced,RF,ML,20,1587663,1587663,176407,,,200,21.689345836639404,0.3419225215911865,2.8905563354492188,22.03126835823059,2026-09-01T10:44:51.906067+00:00,gpu1.nitsri.ac.in,0.9979286563646199,0.9952158986032404,0.9965981841232844,0.9911193252566703,0.9938512038447644,0.9973977185400855,0.9952158986032404,0.9963028774910656,0.9926112192596457,0.9998742424446642,0.9996525546652222,627906,432,1134,126559,756031,0.16889915889692353,1.1102230246251565e-16
CIC-IDS2017__imbalanced__top20__RF__seed45,CIC-IDS2017,45,top20,imbalanced,RF,ML,20,1587663,1587663,176407,,,200,20.863199710845947,0.30663514137268066,2.992987632751465,21.169834852218628,2026-09-01T13:45:46.076994+00:00,gpu1.nitsri.ac.in,0.9979313017587903,0.995323566409703,0.9963480957365591,0.9913855888733133,0.9938606476938174,0.9972996079073273,0.995323566409703,0.9963083620744926,0.9926212074357555,0.9998872113079427,0.9996919291594737,627874,464,1100,126593,756031,0.16889915889692353,0.0
CIC-IDS2017__imbalanced__top20__RF__seed46,CIC-IDS2017,46,top20,imbalanced,RF,ML,20,1587663,1587663,176407,,,200,20.304173946380615,0.25088071823120117,2.970973253250122,20.555054664611816,2026-09-01T16:58:50.445908+00:00,gpu1.nitsri.ac.in,0.9993624600049469,0.998936312154838,0.9979332858406594,0.9982927803403475,0.9981130007203483,0.998793156706913,0.998936312154838,0.998864717576061,0.9977294585916915,0.9999516052686765,0.9998516243410747,628074,264,218,127475,756031,0.16889915889692353,0.0
CIC-IDS2017__imbalanced__top20__SVM__seed42,CIC-IDS2017,42,top20,imbalanced,SVM,ML,20,1587663,100000,176407,100000.0,,200,5.841572999954224,62.73014497756958,2.9301910400390625,68.5717179775238,2026-09-01T03:25:01.720700+00:00,gpu1.nitsri.ac.in,0.9575784590843497,0.9292402793715393,0.8656215348143617,0.8864463987845849,0.8759102059135333,0.9212157022669045,0.9292402793715393,0.9251631846157276,0.8504181223768111,0.9853381861284631,0.9507304252533476,610766,17572,14500,113193,756031,0.16889915889692353,1.1102230246251565e-16
CIC-IDS2017__imbalanced__top20__SVM__seed43,CIC-IDS2017,43,top20,imbalanced,SVM,ML,20,1587663,100000,176407,100000.0,,200,6.106276988983154,65.43953704833984,2.9287102222442627,71.545814037323,2026-09-01T07:49:50.818474+00:00,gpu1.nitsri.ac.in,0.9552121539989762,0.9221197608885386,0.8639664241051341,0.872146476314285,0.8680371792123774,0.9189667513243915,0.9221197608885386,0.9205331694398283,0.8410806022951665,0.9818036379743466,0.945556254146899,610803,17535,16326,111367,756031,0.16889915889692353,0.0
CIC-IDS2017__imbalanced__top20__SVM__seed44,CIC-IDS2017,44,top20,imbalanced,SVM,ML,20,1587663,100000,176407,100000.0,,200,6.784176588058472,69.31528377532959,2.8905563354492188,76.09946036338806,2026-09-01T10:53:58.362650+00:00,gpu1.nitsri.ac.in,0.9542399716413745,0.9205458790337301,0.8608326938133222,0.8696639596532308,0.8652257923769751,0.9171450097414946,0.9205458790337301,0.9188336477462006,0.8376839852982046,0.9769358827895365,0.9369062461764138,610385,17953,16643,111050,756031,0.16889915889692353,2.220446049250313e-16
CIC-IDS2017__imbalanced__top20__SVM__seed45,CIC-IDS2017,45,top20,imbalanced,SVM,ML,20,1587663,100000,176407,100000.0,,200,6.414435148239136,64.39368271827698,2.992987632751465,70.80811786651611,2026-09-01T13:54:40.038351+00:00,gpu1.nitsri.ac.in,0.9549224833373234,0.9234711185023883,0.8597760167257242,0.8759759736242394,0.8678003972194638,0.9172372731392275,0.9234711185023883,0.9203146069907024,0.8406852793695277,0.980343013737851,0.9420772432034166,610095,18243,15837,111856,756031,0.16889915889692353,0.0
CIC-IDS2017__imbalanced__top20__SVM__seed46,CIC-IDS2017,46,top20,imbalanced,SVM,ML,20,1587663,100000,176407,100000.0,,200,7.69973611831665,87.81884264945984,2.970973253250122,95.51857876777649,2026-09-01T17:08:33.233897+00:00,gpu1.nitsri.ac.in,0.9349947290521156,0.8866261736371397,0.8039015406520107,0.8135841432185006,0.8087138609082841,0.8829622572436824,0.8866261736371397,0.884779003564828,0.7695797091024865,0.9750814710805327,0.9272646255253126,602996,25342,23804,103889,756031,0.16889915889692353,0.0
CIC-IDS2017__imbalanced__top20__SimpleRNN__seed42,CIC-IDS2017,42,top20,imbalanced,SimpleRNN,DL,20,1587663,1587663,176407,,158.0,200,223.82027173042297,0.5291364192962646,2.9301910400390625,224.34940814971924,2026-09-01T03:43:35.744962+00:00,gpu1.nitsri.ac.in,0.9961906323947034,0.992189152011322,0.9912543787145275,0.9861464606517194,0.9886938224302001,0.9942209800967915,0.992189152011322,0.9932016308043261,0.9864080395050402,0.9997414278570278,0.9988797266783532,627227,1111,1769,125924,756031,0.16889915889692353,1.1102230246251565e-16
CIC-IDS2017__imbalanced__top20__SimpleRNN__seed43,CIC-IDS2017,43,top20,imbalanced,SimpleRNN,DL,20,1587663,1587663,176407,,105.0,200,148.7690703868866,0.5353937149047852,2.9287102222442627,149.30446410179138,2026-09-01T08:01:42.968042+00:00,gpu1.nitsri.ac.in,0.9965120477864003,0.9920986091613928,0.9938630439933654,0.9854338139130571,0.989630480175224,0.9954539735831407,0.9920986091613928,0.9937669470521417,0.987546882540265,0.9997033182324401,0.9987626597327797,627561,777,1860,125833,756031,0.16889915889692353,0.0
CIC-IDS2017__imbalanced__top20__SimpleRNN__seed44,CIC-IDS2017,44,top20,imbalanced,SimpleRNN,DL,20,1587663,1587663,176407,,97.0,200,136.92683935165405,0.5328366756439209,2.8905563354492188,137.45967602729797,2026-09-01T11:05:02.581615+00:00,gpu1.nitsri.ac.in,0.9960477811095048,0.9910455678329466,0.9930415529988534,0.9834916557681314,0.9882435335499965,0.9948466073098581,0.9910455678329466,0.9929340767763974,0.9858848477924315,0.9996351402509451,0.9986996674313015,627458,880,2108,125585,756031,0.16889915889692353,1.1102230246251565e-16
CIC-IDS2017__imbalanced__top20__SimpleRNN__seed45,CIC-IDS2017,45,top20,imbalanced,SimpleRNN,DL,20,1587663,1587663,176407,,186.0,200,259.6484537124634,0.5420362949371338,2.992987632751465,260.1904900074005,2026-09-01T14:14:05.752907+00:00,gpu1.nitsri.ac.in,0.9963268701944762,0.991481781752433,0.9940281271257495,0.9841651460925814,0.9890720489219618,0.9954082948666287,0.991481781752433,0.9934322383593849,0.9868822654318707,0.999742267117121,0.9989134396966669,627583,755,2022,125671,756031,0.16889915889692353,0.0
CIC-IDS2017__imbalanced__top20__SimpleRNN__seed46,CIC-IDS2017,46,top20,imbalanced,SimpleRNN,DL,20,1587663,1587663,176407,,166.0,200,233.11034178733826,0.5368993282318115,2.970973253250122,233.64724111557007,2026-09-01T17:27:58.773324+00:00,gpu1.nitsri.ac.in,0.9957805962983,0.9924978101559516,0.9874785632062396,0.9875404289976741,0.9875094951330101,0.9924732271412924,0.9924978101559516,0.9924855181439368,0.9849710369904711,0.9996915898413823,0.9987106171959153,626739,1599,1591,126102,756031,0.16889915889692353,1.1102230246251565e-16
HIKARI-2021-noID__balanced__all__CNN__seed42,HIKARI-2021-noID,42,all,balanced,CNN,DL,51,601290,601290,34388,,34.0,200,97.62514519691467,0.338165283203125,1.5237407684326172,97.9633104801178,2026-09-01T22:34:04.445102+00:00,gpu1.nitsri.ac.in,0.9944970313825275,0.9968217217582998,0.8388512165935381,0.9992872416250891,0.912067656944595,0.9194150717031795,0.9968217217582998,0.9546136475436988,0.9129611559205668,0.9993648198027085,0.9793602630463548,142358,808,3,4206,147375,0.028559796437659032,1.1102230246251565e-16
HIKARI-2021-noID__balanced__all__CNN__seed43,HIKARI-2021-noID,43,all,balanced,CNN,DL,50,601290,601290,34388,,42.0,200,122.90671420097351,0.33347249031066895,1.4129657745361328,123.24018669128418,2026-09-01T23:05:51.376201+00:00,gpu1.nitsri.ac.in,0.9946395250212045,0.9957420570625097,0.8437562839332395,0.9969113803753861,0.9139620997604008,0.9218324965402915,0.9957420570625097,0.9555978416776006,0.914593045175171,0.9993610452358332,0.9784982141704458,142389,777,13,4196,147375,0.028559796437659032,0.0
HIKARI-2021-noID__balanced__all__CNN__seed44,HIKARI-2021-noID,44,all,balanced,CNN,DL,51,601290,601290,34388,,37.0,200,110.00965809822083,0.34357357025146484,0.9759087562561035,110.35323166847229,2026-09-01T23:35:40.830818+00:00,gpu1.nitsri.ac.in,0.9942663273960984,0.9948581686706953,0.8353269537480064,0.9954858636255642,0.9084010840108401,0.917596744177089,0.9948581686706953,0.9527208116840822,0.9091780025194607,0.9991654564570529,0.9798413917348394,142340,826,19,4190,147375,0.028559796437659032,1.1102230246251565e-16
HIKARI-2021-noID__balanced__all__CNN__seed45,HIKARI-2021-noID,45,all,balanced,CNN,DL,52,601290,601290,34388,,31.0,200,93.65812516212463,0.328094482421875,1.0643134117126465,93.98621964454651,2026-09-02T00:06:28.932568+00:00,gpu1.nitsri.ac.in,0.9942391857506361,0.9956513031655212,0.83373063170441,0.9971489665003563,0.9081467056150601,0.9168231635559587,0.9956513031655212,0.9525865241133123,0.9090631313744633,0.9989665071603908,0.9762063454333957,142329,837,12,4197,147375,0.028559796437659032,1.1102230246251565e-16
HIKARI-2021-noID__balanced__all__CNN__seed46,HIKARI-2021-noID,46,all,balanced,CNN,DL,50,601290,601290,34388,,37.0,200,104.88624119758606,0.33539867401123047,2.2138190269470215,105.22163987159729,2026-09-02T00:35:56.240350+00:00,gpu1.nitsri.ac.in,0.9943138252756574,0.9961509225607338,0.8350228582786723,0.9980993110002376,0.9093073593073593,0.9174833282007648,0.9961509225607338,0.9531861303559317,0.9102411514330364,0.9991132754970449,0.9777181015164492,142336,830,8,4201,147375,0.028559796437659032,1.1102230246251565e-16
HIKARI-2021-noID__balanced__all__DT__seed42,HIKARI-2021-noID,42,all,balanced,DT,ML,51,601290,601290,34388,,,200,28.019794702529907,0.005129337310791016,1.5237407684326172,28.0249240398407,2026-09-01T22:29:13.826407+00:00,gpu1.nitsri.ac.in,0.9946530958439356,0.9943654346032317,0.8457651101677784,0.9940603468757424,0.9139362166885102,0.9227947914419088,0.9943654346032317,0.9555885275407368,0.9143634525048822,0.9960337068672592,0.9339461944490506,142403,763,25,4184,147375,0.028559796437659032,0.0
HIKARI-2021-noID__balanced__all__DT__seed43,HIKARI-2021-noID,43,all,balanced,DT,ML,50,601290,601290,34388,,,200,27.44574499130249,0.00588679313659668,1.4129657745361328,27.451631784439087,2026-09-01T22:58:52.218506+00:00,gpu1.nitsri.ac.in,0.9945241730279898,0.9922236670291744,0.8450304259634889,0.989783796626277,0.911697122223438,0.9223642775329748,0.9922236670291744,0.9544358003987212,0.9119159906688966,0.9940128432587714,0.9378050467247605,142402,764,43,4166,147375,0.028559796437659032,0.0
HIKARI-2021-noID__balanced__all__DT__seed44,HIKARI-2021-noID,44,all,balanced,DT,ML,51,601290,601290,34388,,,200,28.28973913192749,0.005764007568359375,0.9759087562561035,28.29550313949585,2026-09-01T23:30:29.568190+00:00,gpu1.nitsri.ac.in,0.9944631043256997,0.9921922349852534,0.843490585138692,0.989783796626277,0.9108001749016178,0.9215943475835278,0.9921922349852534,0.953971526026169,0.9110553533003058,0.9939887346545602,0.9362134750812736,142393,773,43,4166,147375,0.028559796437659032,0.0
HIKARI-2021-noID__balanced__all__DT__seed45,HIKARI-2021-noID,45,all,balanced,DT,ML,52,601290,601290,34388,,,200,33.387046575546265,0.00549769401550293,1.0643134117126465,33.39254426956177,2026-09-02T00:01:11.962214+00:00,gpu1.nitsri.ac.in,0.9943070398642918,0.9900364976138979,0.8420625253755583,0.9855072463768116,0.9081554460864806,0.9208171509706031,0.9900364976138979,0.9526089626490033,0.9082197152616612,0.9917804786118934,0.9281529141666544,142388,778,61,4148,147375,0.028559796437659032,1.1102230246251565e-16
HIKARI-2021-noID__balanced__all__DT__seed46,HIKARI-2021-noID,46,all,balanced,DT,ML,50,601290,601290,34388,,,200,26.690123558044434,0.006669759750366211,2.2138190269470215,26.6967933177948,2026-09-02T00:29:59.196386+00:00,gpu1.nitsri.ac.in,0.9945241730279898,0.9918777651896926,0.845450852965069,0.9890710382513661,0.9116391109164568,0.9225639674545179,0.9918777651896926,0.954406824423311,0.9118109891007419,0.9935306413032766,0.9289869298240584,142405,761,46,4163,147375,0.028559796437659032,0.0
HIKARI-2021-noID__balanced__all__GNB__seed42,HIKARI-2021-noID,42,all,balanced,GNB,ML,51,601290,601290,34388,,,200,0.1309502124786377,0.014066934585571289,1.5237407684326172,0.14501714706420898,2026-09-01T22:29:34.797969+00:00,gpu1.nitsri.ac.in,0.8478303647158609,0.9208712271552866,0.15784531009353517,0.9983368971252079,0.27259163152773275,0.5788936704996718,0.9208712271552866,0.5938094562609867,0.3644397119852979,0.9216602502016917,0.15856225905488466,120747,22419,7,4202,147375,0.028559796437659032,5.551115123125783e-17
HIKARI-2021-noID__balanced__all__GNB__seed43,HIKARI-2021-noID,43,all,balanced,GNB,ML,50,601290,601290,34388,,,200,0.13309741020202637,0.013800621032714844,1.4129657745361328,0.1468980312347412,2026-09-01T22:59:12.395759+00:00,gpu1.nitsri.ac.in,0.8452790500424088,0.9197886674355731,0.15569793711344024,0.9988120693751484,0.2694008330663249,0.5778281999522041,0.9197886674355731,0.5914394314834546,0.36150461323111843,0.920670548643991,0.1564745880069969,120369,22797,5,4204,147375,0.028559796437659032,5.551115123125783e-17
HIKARI-2021-noID__balanced__all__GNB__seed44,HIKARI-2021-noID,44,all,balanced,GNB,ML,51,601290,601290,34388,,,200,0.13538765907287598,0.013622283935546875,0.9759087562561035,0.14900994300842285,2026-09-01T23:30:50.157126+00:00,gpu1.nitsri.ac.in,0.8463307888040712,0.9196381934019164,0.15644331817843035,0.9973865526253267,0.27046355055890214,0.5781760314604415,0.9196381934019164,0.5922920732616814,0.362246593410572,0.9203621111854673,0.15706134345311581,120530,22636,11,4198,147375,0.028559796437659032,5.551115123125783e-17
HIKARI-2021-noID__balanced__all__GNB__seed45,HIKARI-2021-noID,45,all,balanced,GNB,ML,52,601290,601290,34388,,,200,0.133467435836792,0.014257192611694336,1.0643134117126465,0.14772462844848633,2026-09-02T00:01:33.182776+00:00,gpu1.nitsri.ac.in,0.8467989821882952,0.9201097736316322,0.15689790429227837,0.9978617248752673,0.27116017819097427,0.5784116405696007,0.9201097736316322,0.5927817632686367,0.3629958488455749,0.9208965770767203,0.15754566761241132,120597,22569,9,4200,147375,0.028559796437659032,5.551115123125783e-17
HIKARI-2021-noID__balanced__all__GNB__seed46,HIKARI-2021-noID,46,all,balanced,GNB,ML,50,601290,601290,34388,,,200,0.12883472442626953,0.01426386833190918,2.2138190269470215,0.1430985927581787,2026-09-02T00:30:19.304261+00:00,gpu1.nitsri.ac.in,0.8485360474978796,0.9215803437245227,0.15854164310221316,0.9990496555001188,0.273656123909931,0.5792542723835297,0.9215803437245227,0.5945544290965998,0.3655792302255991,0.9223449221149284,0.15931456868335184,120848,22318,4,4205,147375,0.028559796437659032,0.0
HIKARI-2021-noID__balanced__all__GRU__seed42,HIKARI-2021-noID,42,all,balanced,GRU,DL,51,601290,601290,34388,,43.0,200,43.631609201431274,0.41512537002563477,1.5237407684326172,44.04673457145691,2026-09-01T22:31:20.879498+00:00,gpu1.nitsri.ac.in,0.9941238337574215,0.9963990358191278,0.830009871668312,0.9988120693751484,0.9066206599094242,0.9149873685514633,0.9963990358191278,0.9517935649727172,0.90774298042136,0.9993339951412786,0.9781021676096743,142305,861,5,4204,147375,0.028559796437659032,1.1102230246251565e-16
HIKARI-2021-noID__balanced__all__GRU__seed43,HIKARI-2021-noID,43,all,balanced,GRU,DL,50,601290,601290,34388,,83.0,200,82.81998944282532,0.40597033500671387,1.4129657745361328,83.22595977783203,2026-09-01T23:01:40.548189+00:00,gpu1.nitsri.ac.in,0.9943681085665819,0.9960635615421696,0.8364867556263692,0.9978617248752673,0.9100758396533044,0.9182117664780622,0.9960635615421696,0.9535844314545592,0.9109547043798605,0.9992477144669817,0.9766236280449236,142345,821,9,4200,147375,0.028559796437659032,1.1102230246251565e-16
HIKARI-2021-noID__balanced__all__GRU__seed44,HIKARI-2021-noID,44,all,balanced,GRU,DL,51,601290,601290,34388,,39.0,200,40.675676107406616,0.41654086112976074,0.9759087562561035,41.09221696853638,2026-09-01T23:32:33.148496+00:00,gpu1.nitsri.ac.in,0.9938863443596267,0.9948931927348411,0.8258471237194641,0.9959610358755049,0.9029617662897146,0.912863828481423,0.9948931927348411,0.9499027562291233,0.904043136674133,0.999028976283662,0.9762081278974207,142282,884,17,4192,147375,0.028559796437659032,0.0
HIKARI-2021-noID__balanced__all__GRU__seed45,HIKARI-2021-noID,45,all,balanced,GRU,DL,52,601290,601290,34388,,52.0,200,52.684460401535034,0.41925811767578125,1.0643134117126465,53.103718519210815,2026-09-02T00:03:28.967564+00:00,gpu1.nitsri.ac.in,0.9939813401187447,0.9955185900911879,0.8274842271293376,0.9971489665003563,0.9044284021118414,0.9136999500122489,0.9955185900911879,0.95066061730427,0.9055297144784693,0.9991195451447276,0.9774722000290215,142291,875,12,4197,147375,0.028559796437659032,1.1102230246251565e-16
HIKARI-2021-noID__balanced__all__GRU__seed46,HIKARI-2021-noID,46,all,balanced,GRU,DL,50,601290,601290,34388,,85.0,200,84.47953176498413,0.41666698455810547,2.2138190269470215,84.89619874954224,2026-09-02T00:32:51.213722+00:00,gpu1.nitsri.ac.in,0.9942798982188296,0.9962487609272715,0.834061135371179,0.9983368971252079,0.9088352979344653,0.917005978155109,0.9962487609272715,0.952941307212505,0.9098103098091113,0.9991998648411324,0.9781954512593221,142330,836,7,4202,147375,0.028559796437659032,0.0
HIKARI-2021-noID__balanced__all__KNN__seed42,HIKARI-2021-noID,42,all,balanced,KNN,ML,51,601290,601290,34388,,,200,0.014487504959106445,21.36620783805847,1.5237407684326172,21.380695343017578,2026-09-01T22:30:17.651595+00:00,gpu1.nitsri.ac.in,0.9937506361323155,0.9837544848849332,0.835236541598695,0.9731527678783559,0.8989355865247449,0.91722169886541,0.9837544848849332,0.9478556071660333,0.8985162614387192,0.9926197210715726,0.8574996121549389,142358,808,113,4096,147375,0.028559796437659032,0.0
HIKARI-2021-noID__balanced__all__KNN__seed43,HIKARI-2021-noID,43,all,balanced,KNN,ML,50,601290,601290,34388,,,200,0.014839649200439453,21.510658979415894,1.4129657745361328,21.525498628616333,2026-09-01T22:59:55.236602+00:00,gpu1.nitsri.ac.in,0.9935063613231552,0.9839746585487308,0.8287505054589568,0.9738655262532668,0.8954669579464773,0.9139890954160099,0.9839746585487308,0.9460580294730724,0.8952323298381517,0.9909079919179098,0.8460417004782326,142319,847,110,4099,147375,0.028559796437659032,1.1102230246251565e-16
HIKARI-2021-noID__balanced__all__KNN__seed44,HIKARI-2021-noID,44,all,balanced,KNN,ML,51,601290,601290,34388,,,200,0.014883041381835938,21.560454607009888,0.9759087562561035,21.575337648391724,2026-09-01T23:31:33.175368+00:00,gpu1.nitsri.ac.in,0.9937167090754877,0.9848900287699163,0.8330290119699736,0.9755286291280589,0.898664915736485,0.9161529654713887,0.9848900287699163,0.9477113775214784,0.898417327081591,0.9911080647062291,0.8503403782136316,142343,823,103,4106,147375,0.028559796437659032,0.0
HIKARI-2021-noID__balanced__all__KNN__seed45,HIKARI-2021-noID,45,all,balanced,KNN,ML,52,601290,601290,34388,,,200,0.015226602554321289,21.79413342475891,1.0643134117126465,21.809360027313232,2026-09-02T00:02:16.729490+00:00,gpu1.nitsri.ac.in,0.9936217133163698,0.9834575271214454,0.8322829843464119,0.9726775956284153,0.8970201577563541,0.9157378587706115,0.9834575271214454,0.9468645473715004,0.8966417280765032,0.9904408085731953,0.8455650029739559,142341,825,115,4094,147375,0.028559796437659032,0.0
HIKARI-2021-noID__balanced__all__KNN__seed46,HIKARI-2021-noID,46,all,balanced,KNN,ML,50,601290,601290,34388,,,200,0.014485836029052734,21.39980459213257,2.2138190269470215,21.41429042816162,2026-09-02T00:31:02.069120+00:00,gpu1.nitsri.ac.in,0.9934520780322307,0.9849844244725796,0.826226870474658,0.9760038013779996,0.8948916240060996,0.9127588078769504,0.9849844244725796,0.9457562028367887,0.8948331529043633,0.9933702276045073,0.8491482150727968,142302,864,101,4108,147375,0.028559796437659032,1.1102230246251565e-16
HIKARI-2021-noID__balanced__all__LSTM__seed42,HIKARI-2021-noID,42,all,balanced,LSTM,DL,51,601290,601290,34388,,40.0,200,35.89212656021118,0.36493968963623047,1.5237407684326172,36.25706624984741,2026-09-01T22:31:57.593660+00:00,gpu1.nitsri.ac.in,0.9940763358778626,0.9964898892870164,0.8287347260543949,0.9990496555001188,0.9059571259291177,0.914353308312192,0.9964898892870164,0.9514494895515199,0.9071322465211545,0.9992963672980926,0.9754544861777397,142297,869,4,4205,147375,0.028559796437659032,1.1102230246251565e-16
HIKARI-2021-noID__balanced__all__LSTM__seed43,HIKARI-2021-noID,43,all,balanced,LSTM,DL,50,601290,601290,34388,,71.0,200,66.8483338356018,0.38350939750671387,1.4129657745361328,67.23184323310852,2026-09-01T23:02:48.236975+00:00,gpu1.nitsri.ac.in,0.9943206106870229,0.9960391143968976,0.8353221957040573,0.9978617248752673,0.9093861643390712,0.9176294849623998,0.9960391143968976,0.953227299525663,0.9102978850173855,0.9993199008803552,0.9774702935435687,142338,828,9,4200,147375,0.028559796437659032,1.1102230246251565e-16
HIKARI-2021-noID__balanced__all__LSTM__seed44,HIKARI-2021-noID,44,all,balanced,LSTM,DL,51,601290,601290,34388,,44.0,200,39.59571886062622,0.37506890296936035,0.9759087562561035,39.97078776359558,2026-09-01T23:33:13.572082+00:00,gpu1.nitsri.ac.in,0.9939474130619169,0.9950399253919228,0.8271848490826593,0.9961986220004752,0.9038585902134081,0.9135362076565883,0.9950399253919228,0.95036697025523,0.9049131082820631,0.9991536581351366,0.9763242389645114,142290,876,16,4193,147375,0.028559796437659032,0.0
HIKARI-2021-noID__balanced__all__LSTM__seed45,HIKARI-2021-noID,45,all,balanced,LSTM,DL,52,601290,601290,34388,,44.0,200,40.248955726623535,0.3717684745788574,1.0643134117126465,40.62072420120239,2026-09-02T00:04:10.046203+00:00,gpu1.nitsri.ac.in,0.9939745547073792,0.9953997970287027,0.8274502070597515,0.9969113803753861,0.9043103448275862,0.9136794266690706,0.9953997970287027,0.9505998426068081,0.9053987055586236,0.9992088303709381,0.974187326632006,142291,875,13,4196,147375,0.028559796437659032,1.1102230246251565e-16
HIKARI-2021-noID__balanced__all__LSTM__seed46,HIKARI-2021-noID,46,all,balanced,LSTM,DL,50,601290,601290,34388,,50.0,200,47.20612382888794,0.3719968795776367,2.2138190269470215,47.578120708465576,2026-09-02T00:33:39.250083+00:00,gpu1.nitsri.ac.in,0.9939881255301103,0.996213886219476,0.826873893370057,0.9985744832501782,0.9046491605682307,0.9134158632790745,0.996213886219476,0.950772688236949,0.905853613212398,0.9992195591354348,0.9757456020847072,142286,880,6,4203,147375,0.028559796437659032,0.0
HIKARI-2021-noID__balanced__all__MLP__seed42,HIKARI-2021-noID,42,all,balanced,MLP,DL,51,601290,601290,34388,,30.0,200,8.7561776638031,0.13427138328552246,1.5237407684326172,8.890449047088623,2026-09-01T22:32:06.938116+00:00,gpu1.nitsri.ac.in,0.9934860050890585,0.9959554449694585,0.8150087260034904,0.9985744832501782,0.8975016015374759,0.9074832686255059,0.9959554449694585,0.9470688564410952,0.8990963147711645,0.9990915997418285,0.9739556494717222,142212,954,6,4203,147375,0.028559796437659032,1.1102230246251565e-16
HIKARI-2021-noID__balanced__all__MLP__seed43,HIKARI-2021-noID,43,all,balanced,MLP,DL,50,601290,601290,34388,,60.0,200,17.36667537689209,0.12682104110717773,1.4129657745361328,17.493496417999268,2026-09-01T23:03:06.181812+00:00,gpu1.nitsri.ac.in,0.9943138252756574,0.9951132170422885,0.8362258128864951,0.9959610358755049,0.9091303404901323,0.9180531994989787,0.9951132170422885,0.9530977134632443,0.9099091482093384,0.999279724022124,0.9757781437258718,142345,821,17,4192,147375,0.028559796437659032,1.1102230246251565e-16
HIKARI-2021-noID__balanced__all__MLP__seed44,HIKARI-2021-noID,44,all,balanced,MLP,DL,51,601290,601290,34388,,74.0,200,21.15946865081787,0.1304776668548584,0.9759087562561035,21.28994631767273,2026-09-01T23:33:35.316806+00:00,gpu1.nitsri.ac.in,0.994069550466497,0.9949874888666043,0.8302634184987127,0.9959610358755049,0.9055951609418881,0.9150719872027873,0.9949874888666043,0.9512668895934413,0.9065438558489686,0.9988532510697142,0.9754049918556463,142309,857,17,4192,147375,0.028559796437659032,0.0
HIKARI-2021-noID__balanced__all__MLP__seed45,HIKARI-2021-noID,45,all,balanced,MLP,DL,52,601290,601290,34388,,68.0,200,19.800520181655884,0.12516498565673828,1.0643134117126465,19.925685167312622,2026-09-02T00:04:30.424231+00:00,gpu1.nitsri.ac.in,0.9938184902459711,0.9955500719205591,0.8234601804629267,0.9973865526253267,0.9021166863651016,0.9116914332454431,0.9955500719205591,0.9494625780035133,0.903357557900209,0.9989466112350155,0.9769250566219608,142266,900,11,4198,147375,0.028559796437659032,0.0
HIKARI-2021-noID__balanced__all__MLP__seed46,HIKARI-2021-noID,46,all,balanced,MLP,DL,50,601290,601290,34388,,45.0,200,12.971675634384155,0.12216639518737793,2.2138190269470215,13.093842029571533,2026-09-02T00:33:52.829447+00:00,gpu1.nitsri.ac.in,0.994008481764207,0.9955325598884861,0.8281373322809787,0.9971489665003563,0.9048183680068987,0.9140265037732129,0.9955325598884861,0.9508626279368511,0.9058998030166916,0.9990102378700016,0.9750096998849851,142295,871,12,4197,147375,0.028559796437659032,2.220446049250313e-16
HIKARI-2021-noID__balanced__all__RF__seed42,HIKARI-2021-noID,42,all,balanced,RF,ML,51,601290,601290,34388,,,200,20.48371934890747,0.06000328063964844,1.5237407684326172,20.54372262954712,2026-09-01T22:29:34.545946+00:00,gpu1.nitsri.ac.in,0.9950127226463105,0.9957035405490393,0.8534798534798534,0.9964362081254454,0.9194343965800723,0.9266872807526039,0.9957035405490393,0.9584305552205785,0.9198051875833441,0.9992507215081678,0.9645829247089766,142446,720,15,4194,147375,0.028559796437659032,1.1102230246251565e-16
HIKARI-2021-noID__balanced__all__RF__seed43,HIKARI-2021-noID,43,all,balanced,RF,ML,50,601290,601290,34388,,,200,19.720561265945435,0.05653715133666992,1.4129657745361328,19.777098417282104,2026-09-01T22:59:12.140616+00:00,gpu1.nitsri.ac.in,0.9948837998303647,0.9954065827855515,0.8504767701359303,0.9959610358755049,0.9174874151893193,0.9251787133327111,0.9954065827855515,0.9574237350444867,0.9179026820863222,0.9990271400303107,0.9639167318804952,142429,737,17,4192,147375,0.028559796437659032,0.0
HIKARI-2021-noID__balanced__all__RF__seed44,HIKARI-2021-noID,44,all,balanced,RF,ML,51,601290,601290,34388,,,200,20.115614414215088,0.07839846611022949,0.9759087562561035,20.194012880325317,2026-09-01T23:30:49.900977+00:00,gpu1.nitsri.ac.in,0.9947005937234945,0.9947357835879853,0.8465426607359482,0.9947731052506533,0.9146914254505735,0.9231940989052805,0.9947357835879853,0.9559783918688292,0.9151377254418381,0.9985936133093792,0.9657417293483478,142407,759,22,4187,147375,0.028559796437659032,0.0
HIKARI-2021-noID__balanced__all__RF__seed45,HIKARI-2021-noID,45,all,balanced,RF,ML,52,601290,601290,34388,,,200,20.762924194335938,0.05708575248718262,1.0643134117126465,20.82000994682312,2026-09-02T00:01:32.927833+00:00,gpu1.nitsri.ac.in,0.9946259541984733,0.9943514648059335,0.845081801656231,0.9940603468757424,0.9135371179039301,0.9224531347212797,0.9943514648059335,0.9553819557795851,0.9139810194119414,0.9987507959324372,0.9631645516188215,142399,767,25,4184,147375,0.028559796437659032,0.0
HIKARI-2021-noID__balanced__all__RF__seed46,HIKARI-2021-noID,46,all,balanced,RF,ML,50,601290,601290,34388,,,200,19.634447813034058,0.06685686111450195,2.2138190269470215,19.70130467414856,2026-09-02T00:30:19.052825+00:00,gpu1.nitsri.ac.in,0.994693808312129,0.9960005978834274,0.8448379955725498,0.9973865526253267,0.9147962519067335,0.9223803758180994,0.9960005978834274,0.9560289441008042,0.9154254069884756,0.99913559597384,0.9639454749754315,142395,771,11,4198,147375,0.028559796437659032,0.0
HIKARI-2021-noID__balanced__all__SVM__seed42,HIKARI-2021-noID,42,all,balanced,SVM,ML,51,601290,100000,34388,100000.0,,200,4.695696830749512,5.8632423877716064,1.5237407684326172,10.558939218521118,2026-09-01T22:30:34.276508+00:00,gpu1.nitsri.ac.in,0.9868295165394402,0.9910304442109772,0.6855366492146597,0.9954858636255642,0.811936827826761,0.8427010741595835,0.9910304442109772,0.9025563145845498,0.8204307665517165,0.9972222871922345,0.8564281781316875,141244,1922,19,4190,147375,0.028559796437659032,1.1102230246251565e-16
HIKARI-2021-noID__balanced__all__SVM__seed43,HIKARI-2021-noID,43,all,balanced,SVM,ML,50,601290,100000,34388,100000.0,,200,5.618611812591553,6.892705202102661,1.4129657745361328,12.511317014694214,2026-09-01T23:00:14.724643+00:00,gpu1.nitsri.ac.in,0.985696352841391,0.9901013033342938,0.6674637334608641,0.9947731052506533,0.7988933409654646,0.8336539089410315,0.9901013033342938,0.8957389017574449,0.8087625501581568,0.9965001226862849,0.8110455602621522,141080,2086,22,4187,147375,0.028559796437659032,0.0
HIKARI-2021-noID__balanced__all__SVM__seed44,HIKARI-2021-noID,44,all,balanced,SVM,ML,51,601290,100000,34388,100000.0,,200,4.689616441726685,5.834995269775391,0.9759087562561035,10.524611711502075,2026-09-01T23:31:49.561823+00:00,gpu1.nitsri.ac.in,0.9871552162849873,0.9905062780995926,0.6913417052214144,0.9940603468757424,0.8155150570119871,0.8455824027476275,0.9905062780995926,0.9044305105896593,0.823432664274264,0.996860327055823,0.8478205577465978,141298,1868,25,4184,147375,0.028559796437659032,1.1102230246251565e-16
HIKARI-2021-noID__balanced__all__SVM__seed45,HIKARI-2021-noID,45,all,balanced,SVM,ML,52,601290,100000,34388,100000.0,,200,4.604414463043213,5.8149895668029785,1.0643134117126465,10.419404029846191,2026-09-02T00:02:33.241659+00:00,gpu1.nitsri.ac.in,0.9867073791348601,0.9909675801231351,0.6835236541598695,0.9954858636255642,0.8105232614372764,0.8416945680619163,0.9909675801231351,0.9018176710968233,0.8191726441296218,0.9970986433673947,0.87483447105768,141226,1940,19,4190,147375,0.028559796437659032,1.1102230246251565e-16
HIKARI-2021-noID__balanced__all__SVM__seed46,HIKARI-2021-noID,46,all,balanced,SVM,ML,50,601290,100000,34388,100000.0,,200,9.255724906921387,6.10627007484436,2.2138190269470215,15.361994981765747,2026-09-02T00:31:23.766873+00:00,gpu1.nitsri.ac.in,0.9859677692960136,0.9918552098915245,0.6709790768247884,0.9980993110002376,0.8024832855778414,0.8354611925360106,0.9918552098915245,0.897604383748538,0.8123997421596356,0.9969130598045695,0.833265295851032,141106,2060,8,4201,147375,0.028559796437659032,1.1102230246251565e-16
HIKARI-2021-noID__balanced__all__SimpleRNN__seed42,HIKARI-2021-noID,42,all,balanced,SimpleRNN,DL,51,601290,601290,34388,,30.0,200,18.325148105621338,0.23058176040649414,1.5237407684326172,18.555729866027832,2026-09-01T22:32:25.957733+00:00,gpu1.nitsri.ac.in,0.9938863443596267,0.9965074013190893,0.8240595611285266,0.9992872416250891,0.9032535165897133,0.9120192373052717,0.9965074013190893,0.9500484765724451,0.9045896325028574,0.9993151247961756,0.976376953899799,142268,898,3,4206,147375,0.028559796437659032,0.0
HIKARI-2021-noID__balanced__all__SimpleRNN__seed43,HIKARI-2021-noID,43,all,balanced,SimpleRNN,DL,50,601290,601290,34388,,68.0,200,40.77155017852783,0.23700404167175293,1.4129657745361328,41.008554220199585,2026-09-01T23:03:47.649212+00:00,gpu1.nitsri.ac.in,0.994551314673452,0.995235452768648,0.8421052631578947,0.9959610358755049,0.9125938826602809,0.9209929393101495,0.995235452768648,0.9548909468560665,0.9132154814974741,0.9991898770500848,0.9743126652405407,142380,786,17,4192,147375,0.028559796437659032,1.1102230246251565e-16
HIKARI-2021-noID__balanced__all__SimpleRNN__seed44,HIKARI-2021-noID,44,all,balanced,SimpleRNN,DL,51,601290,601290,34388,,22.0,200,13.969497442245483,0.23270869255065918,0.9759087562561035,14.202206134796143,2026-09-01T23:33:49.988234+00:00,gpu1.nitsri.ac.in,0.9931060220525869,0.9948374629019985,0.807196459495863,0.9966737942504158,0.8919838401020626,0.9035489956892164,0.9948374629019985,0.9442116127727986,0.8937363396069365,0.9991992217790687,0.9765637164027803,142164,1002,14,4195,147375,0.028559796437659032,1.1102230246251565e-16
HIKARI-2021-noID__balanced__all__SimpleRNN__seed45,HIKARI-2021-noID,45,all,balanced,SimpleRNN,DL,52,601290,601290,34388,,38.0,200,23.32965397834778,0.23257756233215332,1.0643134117126465,23.56223154067993,2026-09-02T00:04:54.457642+00:00,gpu1.nitsri.ac.in,0.9939949109414759,0.9955255749898371,0.827810650887574,0.9971489665003563,0.9046233430326543,0.9138631624839473,0.9955255749898371,0.9507616016318206,0.9057147046547721,0.9990360972625414,0.9757824272077664,142293,873,12,4197,147375,0.028559796437659032,0.0
HIKARI-2021-noID__balanced__all__SimpleRNN__seed46,HIKARI-2021-noID,46,all,balanced,SimpleRNN,DL,50,601290,601290,34388,,28.0,200,17.012869596481323,0.22884702682495117,2.2138190269470215,17.241716623306274,2026-09-02T00:34:10.532540+00:00,gpu1.nitsri.ac.in,0.9936827820186599,0.9962873272261921,0.8193686671862821,0.9990496555001188,0.900331870249438,0.9096702731472843,0.9962873272261921,0.9485349424090022,0.9018074404312479,0.9990013196363735,0.9737178947193066,142239,927,4,4205,147375,0.028559796437659032,1.1102230246251565e-16
HIKARI-2021-noID__balanced__top10__CNN__seed42,HIKARI-2021-noID,42,top10,balanced,CNN,DL,10,601290,601290,34388,,43.0,200,51.486852407455444,0.20299243927001953,0.6214902400970459,51.689844846725464,2026-09-01T22:45:19.878777+00:00,gpu1.nitsri.ac.in,0.9937642069550466,0.9955221323259626,0.8221699960830395,0.9973865526253267,0.9013419216317767,0.911046338881759,0.9955221323259626,0.9490611372133169,0.9026240819465642,0.9991186747291084,0.9765615800719044,142258,908,11,4198,147375,0.028559796437659032,0.0
HIKARI-2021-noID__balanced__top10__CNN__seed43,HIKARI-2021-noID,43,top10,balanced,CNN,DL,10,601290,601290,34388,,22.0,200,25.658051252365112,0.20339131355285645,0.622347354888916,25.86144256591797,2026-09-01T23:16:54.206374+00:00,gpu1.nitsri.ac.in,0.9925699745547074,0.9939850563395553,0.7956703380174706,0.9954858636255642,0.8844327176781003,0.8977683189147934,0.9939850563395553,0.9402971580678645,0.8865474729064752,0.9987896874962984,0.9655941138527578,142090,1076,19,4190,147375,0.028559796437659032,0.0
HIKARI-2021-noID__balanced__top10__CNN__seed44,HIKARI-2021-noID,44,top10,balanced,CNN,DL,10,601290,601290,34388,,39.0,200,46.87786412239075,0.2060539722442627,0.6341068744659424,47.08391809463501,2026-09-01T23:48:17.286771+00:00,gpu1.nitsri.ac.in,0.9930313825275657,0.9939919416673042,0.8063149788217173,0.9950106913756237,0.8907795384451771,0.903083639881034,0.9939919416673042,0.9435902058839167,0.8924574385799167,0.9985371283972102,0.9755247464532876,142160,1006,21,4188,147375,0.028559796437659032,0.0
HIKARI-2021-noID__balanced__top10__CNN__seed45,HIKARI-2021-noID,45,top10,balanced,CNN,DL,10,601290,601290,34388,,57.0,200,68.29088497161865,0.20566034317016602,0.6115655899047852,68.49654531478882,2026-09-02T00:16:53.126834+00:00,gpu1.nitsri.ac.in,0.9940831212892282,0.993956768246808,0.8317757009345794,0.9938227607507721,0.9056072743017969,0.9157965237001168,0.993956768246808,0.9512765559774277,0.9063895566370279,0.9986733314315955,0.9770713956619951,142320,846,26,4183,147375,0.028559796437659032,0.0
HIKARI-2021-noID__balanced__top10__CNN__seed46,HIKARI-2021-noID,46,top10,balanced,CNN,DL,10,601290,601290,34388,,27.0,200,31.6268572807312,0.20282649993896484,0.6266441345214844,31.829683780670166,2026-09-02T00:46:30.995279+00:00,gpu1.nitsri.ac.in,0.9935131467345207,0.9952776110877932,0.8163781365493095,0.9971489665003563,0.8977540106951871,0.9081468842680178,0.9952776110877932,0.9472021630210343,0.8992130199528695,0.9991046858473874,0.9753433710060765,142222,944,12,4197,147375,0.028559796437659032,1.1102230246251565e-16
HIKARI-2021-noID__balanced__top10__DT__seed42,HIKARI-2021-noID,42,top10,balanced,DT,ML,10,601290,601290,34388,,,200,5.20541524887085,0.003772258758544922,0.6214902400970459,5.2091875076293945,2026-09-01T22:40:17.824375+00:00,gpu1.nitsri.ac.in,0.9946870229007634,0.9949593999156574,0.8459208400646203,0.995248277500594,0.9145289815522323,0.922890206653853,0.9949593999156574,0.9558936396579008,0.9150158095150039,0.9967415049518251,0.9424028816367505,142403,763,20,4189,147375,0.028559796437659032,0.0
HIKARI-2021-noID__balanced__top10__DT__seed43,HIKARI-2021-noID,43,top10,balanced,DT,ML,10,601290,601290,34388,,,200,5.208843231201172,0.003751993179321289,0.622347354888916,5.212595224380493,2026-09-01T23:11:58.707337+00:00,gpu1.nitsri.ac.in,0.994551314673452,0.9945436490896845,0.8429319371727748,0.994535519125683,0.9124795640326976,0.9213852152632126,0.9945436490896845,0.9548338466228445,0.9130024797966573,0.9963793763746406,0.9415588445246916,142386,780,23,4186,147375,0.028559796437659032,1.1102230246251565e-16
HIKARI-2021-noID__balanced__top10__DT__seed44,HIKARI-2021-noID,44,top10,balanced,DT,ML,10,601290,601290,34388,,,200,5.034195423126221,0.0036516189575195312,0.6341068744659424,5.03784704208374,2026-09-01T23:42:05.462177+00:00,gpu1.nitsri.ac.in,0.9944563189143342,0.9928805462148924,0.8424878836833603,0.9912093133760989,0.9108175963322781,0.9211140470915344,0.9928805462148924,0.9539784209457278,0.9111726983382226,0.9946916297020486,0.9368825593254693,142386,780,37,4172,147375,0.028559796437659032,0.0
HIKARI-2021-noID__balanced__top10__DT__seed45,HIKARI-2021-noID,45,top10,balanced,DT,ML,10,601290,601290,34388,,,200,5.433081388473511,0.0031540393829345703,0.6115655899047852,5.436235427856445,2026-09-02T00:11:01.272637+00:00,gpu1.nitsri.ac.in,0.9943138252756574,0.9931531066185584,0.8385217915244025,0.9919220717510098,0.9087940792337832,0.9191415103862075,0.9931531066185584,0.9529297575555529,0.9092874968012108,0.9950575145914433,0.9386087183316397,142362,804,34,4175,147375,0.028559796437659032,1.1102230246251565e-16
HIKARI-2021-noID__balanced__top10__DT__seed46,HIKARI-2021-noID,46,top10,balanced,DT,ML,10,601290,601290,34388,,,200,5.592381238937378,0.00403594970703125,0.6266441345214844,5.596417188644409,2026-09-02T00:41:26.652824+00:00,gpu1.nitsri.ac.in,0.9943477523324852,0.9937470719309841,0.8386837881219904,0.9931100023758612,0.9093875775046231,0.9192400617822698,0.9937470719309841,0.9532352358189218,0.9099418727394857,0.9956641768531597,0.9405697648664604,142362,804,29,4180,147375,0.028559796437659032,1.1102230246251565e-16
HIKARI-2021-noID__balanced__top10__GNB__seed42,HIKARI-2021-noID,42,top10,balanced,GNB,ML,10,601290,601290,34388,,,200,0.06919050216674805,0.003984928131103516,0.6214902400970459,0.07317543029785156,2026-09-01T22:40:26.475432+00:00,gpu1.nitsri.ac.in,0.48223240033927056,0.7306226465110869,0.051997763002547694,0.9940603468757424,0.09882608592956516,0.5258120633873895,0.7306226465110869,0.3677978179985799,0.15430938235002697,0.9586033036489578,0.34449264726622114,66885,76281,25,4184,147375,0.028559796437659032,1.3877787807814457e-17
HIKARI-2021-noID__balanced__top10__GNB__seed43,HIKARI-2021-noID,43,top10,balanced,GNB,ML,10,601290,601290,34388,,,200,0.06873583793640137,0.0037670135498046875,0.622347354888916,0.07250285148620605,2026-09-01T23:12:07.627263+00:00,gpu1.nitsri.ac.in,0.45697031382527564,0.7191191656468365,0.04983731921058256,0.9971489665003563,0.09493005213575653,0.524823664275895,0.7191191656468365,0.35352773235450097,0.14750377085934166,0.8691377188586227,0.10181955304485966,63149,80017,12,4197,147375,0.028559796437659032,1.3877787807814457e-17
HIKARI-2021-noID__balanced__top10__GNB__seed44,HIKARI-2021-noID,44,top10,balanced,GNB,ML,10,601290,601290,34388,,,200,0.07010412216186523,0.00395965576171875,0.6341068744659424,0.07406377792358398,2026-09-01T23:42:14.741258+00:00,gpu1.nitsri.ac.in,0.4780932994062765,0.7290687554889081,0.051661836344576675,0.995248277500594,0.09822496306891458,0.5256800658567053,0.7290687554889081,0.3655035135411795,0.15339492464444426,0.8810444195510556,0.11161748762779203,66270,76896,20,4189,147375,0.028559796437659032,0.0
HIKARI-2021-noID__balanced__top10__GNB__seed45,HIKARI-2021-noID,45,top10,balanced,GNB,ML,10,601290,601290,34388,,,200,0.06992697715759277,0.0037450790405273438,0.6115655899047852,0.07367205619812012,2026-09-02T00:11:10.212027+00:00,gpu1.nitsri.ac.in,0.45485326547921967,0.7167612147128073,0.04953611663353214,0.994535519125683,0.09437173807671931,0.524585144095583,0.7167612147128073,0.352218460271973,0.1460014479112858,0.965086067078121,0.35635832836079173,62848,80318,23,4186,147375,0.028559796437659032,0.0
HIKARI-2021-noID__balanced__top10__GNB__seed46,HIKARI-2021-noID,46,top10,balanced,GNB,ML,10,601290,601290,34388,,,200,0.0691382884979248,0.003813505172729492,0.6266441345214844,0.0729517936706543,2026-09-02T00:41:36.031739+00:00,gpu1.nitsri.ac.in,0.4201458863443596,0.7005115450019296,0.046850424442535725,0.9978617248752673,0.08949880668257756,0.523347260447432,0.7005115450019296,0.3320601244180756,0.13684144494818845,0.9655136610329154,0.3534658143847676,57719,85447,9,4200,147375,0.028559796437659032,1.3877787807814457e-17
HIKARI-2021-noID__balanced__top10__GRU__seed42,HIKARI-2021-noID,42,top10,balanced,GRU,DL,10,601290,601290,34388,,53.0,200,53.11397314071655,0.37639689445495605,0.6214902400970459,53.49037003517151,2026-09-01T22:42:04.752419+00:00,gpu1.nitsri.ac.in,0.9920542832909245,0.9951032375488158,0.7830786433097279,0.9983368971252079,0.8777023498694517,0.891514675329631,0.9951032375488158,0.9367980496607713,0.8805457019452739,0.9990277673269821,0.9615958856358837,142002,1164,7,4202,147375,0.028559796437659032,1.1102230246251565e-16
HIKARI-2021-noID__balanced__top10__GRU__seed43,HIKARI-2021-noID,43,top10,balanced,GRU,DL,10,601290,601290,34388,,70.0,200,68.69498372077942,0.39267635345458984,0.622347354888916,69.08766007423401,2026-09-01T23:14:02.143092+00:00,gpu1.nitsri.ac.in,0.9918371501272265,0.9945302767177875,0.7788497217068646,0.9973865526253267,0.874674445254714,0.8893861243671838,0.9945302767177875,0.9352278139281065,0.877640536514512,0.9990339780618821,0.9629667221531983,141974,1192,11,4198,147375,0.028559796437659032,0.0
HIKARI-2021-noID__balanced__top10__GRU__seed44,HIKARI-2021-noID,44,top10,balanced,GRU,DL,10,601290,601290,34388,,115.0,200,110.50825095176697,0.38986802101135254,0.6341068744659424,110.89811897277832,2026-09-01T23:44:34.801203+00:00,gpu1.nitsri.ac.in,0.9930924512298558,0.9944845761638677,0.8072405160793376,0.9959610358755049,0.8917251648585407,0.9035604755074214,0.9944845761638677,0.944078795614574,0.8934303121962588,0.999131409847244,0.9738193097609832,142165,1001,17,4192,147375,0.028559796437659032,1.1102230246251565e-16
HIKARI-2021-noID__balanced__top10__GRU__seed45,HIKARI-2021-noID,45,top10,balanced,GRU,DL,10,601290,601290,34388,,97.0,200,93.95323777198792,0.3759431838989258,0.6115655899047852,94.32918095588684,2026-09-02T00:13:12.665656+00:00,gpu1.nitsri.ac.in,0.9926581849024597,0.9944916606334169,0.7971868466071089,0.9964362081254454,0.8857444561774023,0.8985406487704332,0.9944916606334169,0.940975845587299,0.8878626633447559,0.9987613288741634,0.971295693139471,142099,1067,15,4194,147375,0.028559796437659032,1.1102230246251565e-16
HIKARI-2021-noID__balanced__top10__GRU__seed46,HIKARI-2021-noID,46,top10,balanced,GRU,DL,10,601290,601290,34388,,87.0,200,84.85383868217468,0.39093685150146484,0.6266441345214844,85.24477553367615,2026-09-02T00:43:45.213152+00:00,gpu1.nitsri.ac.in,0.9928278201865988,0.9956166773849762,0.7999619337647507,0.9985744832501782,0.8883018070379373,0.8999598581088655,0.9956166773849762,0.9422983830746441,0.8904533136852991,0.9991645155120459,0.9722763501927036,142115,1051,6,4203,147375,0.028559796437659032,1.1102230246251565e-16
HIKARI-2021-noID__balanced__top10__KNN__seed42,HIKARI-2021-noID,42,top10,balanced,KNN,ML,10,601290,601290,34388,,,200,0.8331441879272461,6.83502984046936,0.6214902400970459,7.6681740283966064,2026-09-01T22:40:40.389833+00:00,gpu1.nitsri.ac.in,0.9941577608142493,0.9844252342970492,0.8450123660346249,0.9741031123782371,0.9049773755656109,0.9221237885967628,0.9844252342970492,0.9509818044236281,0.904405694792652,0.9922960434570158,0.8642847719783905,142414,752,109,4100,147375,0.028559796437659032,0.0
HIKARI-2021-noID__balanced__top10__KNN__seed43,HIKARI-2021-noID,43,top10,balanced,KNN,ML,10,601290,601290,34388,,,200,0.8208842277526855,5.0576512813568115,0.622347354888916,5.878535509109497,2026-09-01T23:12:18.987257+00:00,gpu1.nitsri.ac.in,0.9942188295165394,0.9859555743120579,0.844731977818854,0.977191732002851,0.906146728354263,0.9220291609863922,0.9859555743120579,0.9515821434764677,0.9057315790090974,0.9920493134043771,0.8632297035868235,142410,756,96,4113,147375,0.028559796437659032,1.1102230246251565e-16
HIKARI-2021-noID__balanced__top10__KNN__seed44,HIKARI-2021-noID,44,top10,balanced,KNN,ML,10,601290,601290,34388,,,200,0.806516170501709,5.374101161956787,0.6341068744659424,6.180617332458496,2026-09-01T23:42:26.661423+00:00,gpu1.nitsri.ac.in,0.9937574215436811,0.9835273761079366,0.8356807511737089,0.9726775956284153,0.898989898989899,0.9174367988441048,0.9835273761079366,0.9478845420618689,0.8985368551951256,0.9914373108233798,0.8555367408625547,142361,805,115,4094,147375,0.028559796437659032,0.0
HIKARI-2021-noID__balanced__top10__KNN__seed45,HIKARI-2021-noID,45,top10,balanced,KNN,ML,10,601290,601290,34388,,,200,0.801450252532959,6.735942363739014,0.6115655899047852,7.537392616271973,2026-09-02T00:11:24.278820+00:00,gpu1.nitsri.ac.in,0.9936149279050043,0.9840305377379238,0.8314401622718053,0.9738655262532668,0.8970346865083707,0.9153339671971894,0.9840305377379238,0.9468699977387816,0.896737026074603,0.99076225828886,0.850252774414522,142335,831,110,4099,147375,0.028559796437659032,0.0
HIKARI-2021-noID__balanced__top10__KNN__seed46,HIKARI-2021-noID,46,top10,balanced,KNN,ML,10,601290,601290,34388,,,200,0.9192807674407959,7.006213665008545,0.6266441345214844,7.925494432449341,2026-09-02T00:41:51.084485+00:00,gpu1.nitsri.ac.in,0.9939541984732825,0.985012264496276,0.8389865140988966,0.9755286291280589,0.9021201801603866,0.919131805347116,0.985012264496276,0.9495004727903216,0.9017406856382096,0.9920663599424915,0.8583329999762201,142378,788,103,4106,147375,0.028559796437659032,0.0
HIKARI-2021-noID__balanced__top10__LSTM__seed42,HIKARI-2021-noID,42,top10,balanced,LSTM,DL,10,601290,601290,34388,,87.0,200,77.21231484413147,0.3645353317260742,0.6214902400970459,77.57685017585754,2026-09-01T22:43:22.991940+00:00,gpu1.nitsri.ac.in,0.9931942324003392,0.9958052696485025,0.8082692307692307,0.9985744832501782,0.8933999362312679,0.9041135146285049,0.9958052696485025,0.944942421881479,0.895235410579787,0.9992424828459336,0.9748193583079205,142169,997,6,4203,147375,0.028559796437659032,0.0
HIKARI-2021-noID__balanced__top10__LSTM__seed43,HIKARI-2021-noID,43,top10,balanced,LSTM,DL,10,601290,601290,34388,,113.0,200,100.16206979751587,0.36943769454956055,0.622347354888916,100.53150749206543,2026-09-01T23:15:43.324700+00:00,gpu1.nitsri.ac.in,0.9928481764206954,0.9950506516671469,0.8009921770654456,0.9973865526253267,0.8884656084656085,0.9004573926541857,0.9950506516671469,0.9423856258241117,0.890498047607924,0.9991704582352731,0.9711610090762254,142123,1043,11,4198,147375,0.028559796437659032,1.1102230246251565e-16
HIKARI-2021-noID__balanced__top10__LSTM__seed44,HIKARI-2021-noID,44,top10,balanced,LSTM,DL,10,601290,601290,34388,,107.0,200,94.2681450843811,0.37218475341796875,0.6341068744659424,94.64032983779907,2026-09-01T23:46:10.084490+00:00,gpu1.nitsri.ac.in,0.9926174724342663,0.9936636016453454,0.7970683418998668,0.9947731052506533,0.8850137391671951,0.8984567726583248,0.9936636016453454,0.9406000245708385,0.8870256038931215,0.9990449300311467,0.9706544331156282,142100,1066,22,4187,147375,0.028559796437659032,0.0
HIKARI-2021-noID__balanced__top10__LSTM__seed45,HIKARI-2021-noID,45,top10,balanced,LSTM,DL,10,601290,601290,34388,,100.0,200,88.24181962013245,0.3715221881866455,0.6115655899047852,88.61334180831909,2026-09-02T00:14:41.936625+00:00,gpu1.nitsri.ac.in,0.9927735368956743,0.9944357316587737,0.7998855398702786,0.9961986220004752,0.8873135117976934,0.8998864846249017,0.9944357316587737,0.9417902929950159,0.8893102194531856,0.9990708076783517,0.9728054448313439,142117,1049,16,4193,147375,0.028559796437659032,0.0
HIKARI-2021-noID__balanced__top10__LSTM__seed46,HIKARI-2021-noID,46,top10,balanced,LSTM,DL,10,601290,601290,34388,,74.0,200,65.6169741153717,0.3698880672454834,0.6266441345214844,65.98686218261719,2026-09-02T00:44:51.853055+00:00,gpu1.nitsri.ac.in,0.992481764206955,0.9949773600167813,0.7927128563337739,0.997624138750297,0.8834420366084578,0.8963212362300634,0.9949773600167813,0.9397788214482039,0.8858217410466825,0.9990817621368888,0.9666453266395557,142068,1098,10,4199,147375,0.028559796437659032,0.0
HIKARI-2021-noID__balanced__top10__MLP__seed42,HIKARI-2021-noID,42,top10,balanced,MLP,DL,10,601290,601290,34388,,51.0,200,12.992577314376831,0.11124444007873535,0.6214902400970459,13.103821754455566,2026-09-01T22:43:36.732312+00:00,gpu1.nitsri.ac.in,0.9913960983884648,0.9944185681248516,0.7694704049844237,0.997624138750297,0.8688185392096006,0.8846999708795904,0.9944185681248516,0.9321853636683044,0.872244939818992,0.9989397947771392,0.9697923453168752,141908,1258,10,4199,147375,0.028559796437659032,0.0
HIKARI-2021-noID__balanced__top10__MLP__seed43,HIKARI-2021-noID,43,top10,balanced,MLP,DL,10,601290,601290,34388,,60.0,200,15.57042932510376,0.11365747451782227,0.622347354888916,15.684086799621582,2026-09-01T23:15:59.649456+00:00,gpu1.nitsri.ac.in,0.9918235793044954,0.9942926905928171,0.7787676317743133,0.9969113803753861,0.8744399291445243,0.8893380370482489,0.9942926905928171,0.9351070637786532,0.877375508850583,0.998855339569346,0.9578760070049519,141974,1192,13,4196,147375,0.028559796437659032,1.1102230246251565e-16
HIKARI-2021-noID__balanced__top10__MLP__seed44,HIKARI-2021-noID,44,top10,balanced,MLP,DL,10,601290,601290,34388,,85.0,200,21.911745309829712,0.11717891693115234,0.6341068744659424,22.028924226760864,2026-09-01T23:46:32.757982+00:00,gpu1.nitsri.ac.in,0.99206106870229,0.9928007177349285,0.7853521126760563,0.9935851746258019,0.8772813089993706,0.8925810193792109,0.9928007177349285,0.9365895774212605,0.8796913279535838,0.9986391669962216,0.9620368876705919,142023,1143,27,4182,147375,0.028559796437659032,0.0
HIKARI-2021-noID__balanced__top10__MLP__seed45,HIKARI-2021-noID,45,top10,balanced,MLP,DL,10,601290,601290,34388,,82.0,200,20.826250314712524,0.11569666862487793,0.6115655899047852,20.941946983337402,2026-09-02T00:15:03.567935+00:00,gpu1.nitsri.ac.in,0.992685326547922,0.9939291273649122,0.798360968172289,0.995248277500594,0.8859983079526227,0.8991101249732322,0.9939291273649122,0.9411098748467117,0.8879912516472886,0.9986055999862485,0.9711613803052098,142108,1058,20,4189,147375,0.028559796437659032,1.1102230246251565e-16
HIKARI-2021-noID__balanced__top10__MLP__seed46,HIKARI-2021-noID,46,top10,balanced,MLP,DL,10,601290,601290,34388,,70.0,200,17.85782480239868,0.11234450340270996,0.6266441345214844,17.97016930580139,2026-09-02T00:45:10.472275+00:00,gpu1.nitsri.ac.in,0.9915521628498728,0.9949600969119589,0.7723263506063948,0.9985744832501782,0.870997824059683,0.8861420385696681,0.9949600969119589,0.9333154599658215,0.8743566796959334,0.9990768839925364,0.9662636791418743,141927,1239,6,4203,147375,0.028559796437659032,0.0
HIKARI-2021-noID__balanced__top10__RF__seed42,HIKARI-2021-noID,42,top10,balanced,RF,ML,10,601290,601290,34388,,,200,8.271276950836182,0.055304765701293945,0.6214902400970459,8.326581716537476,2026-09-01T22:40:26.294350+00:00,gpu1.nitsri.ac.in,0.9949855810008482,0.9963813744307046,0.8519269776876268,0.9978617248752673,0.9191377612430244,0.9259318977033733,0.9963813744307046,0.9582751629425712,0.9196187488212247,0.99932230053905,0.9656286826787066,142436,730,9,4200,147375,0.028559796437659032,0.0
HIKARI-2021-noID__balanced__top10__RF__seed43,HIKARI-2021-noID,43,top10,balanced,RF,ML,10,601290,601290,34388,,,200,8.541859865188599,0.05541348457336426,0.622347354888916,8.597273349761963,2026-09-01T23:12:07.443674+00:00,gpu1.nitsri.ac.in,0.9948430873621713,0.9957315299290859,0.8490184173244283,0.9966737942504158,0.9169398907103825,0.9244600630930382,0.9957315299290859,0.9571394131423061,0.9174273518288152,0.9989283997173686,0.9630940760906594,142420,746,14,4195,147375,0.028559796437659032,1.1102230246251565e-16
HIKARI-2021-noID__balanced__top10__RF__seed44,HIKARI-2021-noID,44,top10,balanced,RF,ML,10,601290,601290,34388,,,200,8.863905429840088,0.07607293128967285,0.6341068744659424,8.93997836112976,2026-09-01T23:42:14.555725+00:00,gpu1.nitsri.ac.in,0.9946191687871078,0.9942326717434483,0.845050505050505,0.9938227607507721,0.9134184954689376,0.9224339764150191,0.9942326717434483,0.955320898661844,0.9138504752940794,0.9988510049161572,0.965846702368592,142399,767,26,4183,147375,0.028559796437659032,1.1102230246251565e-16
HIKARI-2021-noID__balanced__top10__RF__seed45,HIKARI-2021-noID,45,top10,balanced,RF,ML,10,601290,601290,34388,,,200,8.575414896011353,0.045562028884887695,0.6115655899047852,8.62097692489624,2026-09-02T00:11:10.030025+00:00,gpu1.nitsri.ac.in,0.9945377438507209,0.9939601611252324,0.8432835820895522,0.9933475885008316,0.9121850114541289,0.9215434881736302,0.9939601611252324,0.9546831081088589,0.9126350625294621,0.9989117846531551,0.9636440716611541,142389,777,28,4181,147375,0.028559796437659032,1.1102230246251565e-16
HIKARI-2021-noID__balanced__top10__RF__seed46,HIKARI-2021-noID,46,top10,balanced,RF,ML,10,601290,601290,34388,,,200,9.006478786468506,0.04785609245300293,0.6266441345214844,9.054334878921509,2026-09-02T00:41:35.850520+00:00,gpu1.nitsri.ac.in,0.9946598812553011,0.9956372337973227,0.8444041867954911,0.9966737942504158,0.9142421270567723,0.9221529385106965,0.9956372337973227,0.9557431321413152,0.914843625288722,0.9991495956424085,0.9626428565731223,142393,773,14,4195,147375,0.028559796437659032,0.0
HIKARI-2021-noID__balanced__top10__SVM__seed42,HIKARI-2021-noID,42,top10,balanced,SVM,ML,10,601290,100000,34388,100000.0,,200,6.867428302764893,11.566629886627197,0.6214902400970459,18.43405818939209,2026-09-01T22:41:10.624070+00:00,gpu1.nitsri.ac.in,0.9509754028837998,0.8667303790985785,0.3422594142259414,0.7773818009028273,0.4752705352603675,0.6677302222963688,0.8667303790985785,0.7247785264270419,0.49603132162812524,0.9852880908254684,0.6677592872173538,136878,6288,937,3272,147375,0.028559796437659032,0.0
HIKARI-2021-noID__balanced__top10__SVM__seed43,HIKARI-2021-noID,43,top10,balanced,SVM,ML,10,601290,100000,34388,100000.0,,200,7.6551268100738525,12.755738258361816,0.622347354888916,20.41086506843567,2026-09-01T23:12:52.426595+00:00,gpu1.nitsri.ac.in,0.9367463952502121,0.96571387819904,0.3106436560254796,0.9964362081254454,0.47363071710897797,0.6552658051853051,0.96571387819904,0.7199910732527275,0.5378082940399675,0.9797363061858552,0.5117920813429038,133859,9307,15,4194,147375,0.028559796437659032,5.551115123125783e-17
HIKARI-2021-noID__balanced__top10__SVM__seed44,HIKARI-2021-noID,44,top10,balanced,SVM,ML,10,601290,100000,34388,100000.0,,200,4.958279848098755,5.723394155502319,0.6341068744659424,10.681674003601074,2026-09-01T23:42:43.292114+00:00,gpu1.nitsri.ac.in,0.9550941475826972,0.9740044550410452,0.3882342024682194,0.9940603468757424,0.5583878286400641,0.6940255918415856,0.9740044550410452,0.7673660880092844,0.6065278062047512,0.9870744815591325,0.5412156096045942,136573,6593,25,4184,147375,0.028559796437659032,0.0
HIKARI-2021-noID__balanced__top10__SVM__seed45,HIKARI-2021-noID,45,top10,balanced,SVM,ML,10,601290,100000,34388,100000.0,,200,2.3501389026641846,5.421984434127808,0.6115655899047852,7.772123336791992,2026-09-02T00:11:37.709452+00:00,gpu1.nitsri.ac.in,0.9593893129770993,0.9762151754634918,0.41246056782334384,0.9940603468757424,0.583014004040967,0.7061391966208994,0.9762151754634918,0.7808346339138348,0.6266310355822631,0.9890022978208971,0.5847409978830848,137206,5960,25,4184,147375,0.028559796437659032,0.0
HIKARI-2021-noID__balanced__top10__SVM__seed46,HIKARI-2021-noID,46,top10,balanced,SVM,ML,10,601290,100000,34388,100000.0,,200,5.014045238494873,11.681890487670898,0.6266441345214844,16.69593572616577,2026-09-02T00:42:19.312358+00:00,gpu1.nitsri.ac.in,0.944217133163698,0.9701355679711838,0.33835616438356164,0.997624138750297,0.5053252301582526,0.6691410355500589,0.9701355679711838,0.7378836080644462,0.5639830380979951,0.9820647899417274,0.49128976801293045,134955,8211,10,4199,147375,0.028559796437659032,0.0
HIKARI-2021-noID__balanced__top10__SimpleRNN__seed42,HIKARI-2021-noID,42,top10,balanced,SimpleRNN,DL,10,601290,601290,34388,,91.0,200,49.909799337387085,0.21628737449645996,0.6214902400970459,50.126086711883545,2026-09-01T22:44:27.510777+00:00,gpu1.nitsri.ac.in,0.9933910093299406,0.995560648839433,0.8131655372700871,0.9978617248752673,0.8960955835289097,0.9065511252906937,0.995560648839433,0.9463412712441588,0.8977098405062913,0.9992756399557007,0.9760313387874952,142201,965,9,4200,147375,0.028559796437659032,0.0
HIKARI-2021-noID__balanced__top10__SimpleRNN__seed43,HIKARI-2021-noID,43,top10,balanced,SimpleRNN,DL,10,601290,601290,34388,,49.0,200,27.148939847946167,0.21766042709350586,0.622347354888916,27.366600275039673,2026-09-01T23:16:27.665364+00:00,gpu1.nitsri.ac.in,0.9916200169635284,0.9940726164999198,0.7745568685376661,0.9966737942504158,0.8716883116883117,0.8872291242567873,0.9940726164999198,0.9336784390532746,0.8748012496710861,0.9987998960028414,0.961319832795045,141945,1221,14,4195,147375,0.028559796437659032,1.1102230246251565e-16
HIKARI-2021-noID__balanced__top10__SimpleRNN__seed44,HIKARI-2021-noID,44,top10,balanced,SimpleRNN,DL,10,601290,601290,34388,,101.0,200,55.884849309921265,0.2160475254058838,0.6341068744659424,56.10089683532715,2026-09-01T23:47:29.522523+00:00,gpu1.nitsri.ac.in,0.9933299406276506,0.9934538057586213,0.8139353834176722,0.9935851746258019,0.8948325665989088,0.9068727796957875,0.9934538057586213,0.9456941570428978,0.8961538296530912,0.9987110654837419,0.9731202163210336,142210,956,27,4182,147375,0.028559796437659032,0.0
HIKARI-2021-noID__balanced__top10__SimpleRNN__seed45,HIKARI-2021-noID,45,top10,balanced,SimpleRNN,DL,10,601290,601290,34388,,70.0,200,39.473366022109985,0.21838712692260742,0.6115655899047852,39.69175314903259,2026-09-02T00:15:43.950080+00:00,gpu1.nitsri.ac.in,0.9927871077184054,0.9943274159442623,0.8003054600992745,0.9959610358755049,0.8874775060865884,0.9000929285904816,0.9943274159442623,0.9418758213531262,0.8894423051051824,0.9986261505902925,0.9709975062668914,142120,1046,17,4192,147375,0.028559796437659032,0.0
HIKARI-2021-noID__balanced__top10__SimpleRNN__seed46,HIKARI-2021-noID,46,top10,balanced,SimpleRNN,DL,10,601290,601290,34388,,86.0,200,47.11064100265503,0.21631813049316406,0.6266441345214844,47.32695913314819,2026-09-02T00:45:58.467689+00:00,gpu1.nitsri.ac.in,0.9929770992366412,0.9953476094306348,0.8036739380022963,0.9978617248752673,0.890302066772655,0.9018053120777789,0.9953476094306348,0.9433372486221195,0.8922629675028724,0.9992333604919601,0.9730745175090396,142140,1026,9,4200,147375,0.028559796437659032,1.1102230246251565e-16
HIKARI-2021-noID__balanced__top20__CNN__seed42,HIKARI-2021-noID,42,top20,balanced,CNN,DL,20,601290,601290,34388,,46.0,200,71.01237463951111,0.2335526943206787,0.6223709583282471,71.24592733383179,2026-09-01T22:40:11.878996+00:00,gpu1.nitsri.ac.in,0.9943545377438507,0.9962871778698417,0.8358862144420132,0.9983368971252079,0.9099177132957991,0.9179185195906922,0.9962871778698417,0.9535018352759177,0.9108404968318146,0.9993338457849283,0.9781246399454713,142341,825,7,4202,147375,0.028559796437659032,1.1102230246251565e-16
HIKARI-2021-noID__balanced__top20__CNN__seed43,HIKARI-2021-noID,43,top20,balanced,CNN,DL,20,601290,601290,34388,,44.0,200,70.84901189804077,0.2306060791015625,0.8073751926422119,71.07961797714233,2026-09-01T23:11:52.756798+00:00,gpu1.nitsri.ac.in,0.9944223918575064,0.995284396844642,0.8387677535507101,0.9961986220004752,0.9107298001737619,0.9193276875299766,0.995284396844642,0.9539255321480138,0.9114526006294413,0.9992932191981312,0.9766141860979254,142360,806,16,4193,147375,0.028559796437659032,1.1102230246251565e-16
HIKARI-2021-noID__balanced__top20__CNN__seed44,HIKARI-2021-noID,44,top20,balanced,CNN,DL,20,601290,601290,34388,,44.0,200,67.82095122337341,0.23578524589538574,0.8436834812164307,68.0567364692688,2026-09-01T23:41:59.675232+00:00,gpu1.nitsri.ac.in,0.9939881255301103,0.9951761807010306,0.828035538005923,0.9964362081254454,0.9044640931636834,0.9139650671548833,0.9951761807010306,0.9506802523854819,0.9055067993061141,0.9990041657046043,0.9782800209789044,142295,871,15,4194,147375,0.028559796437659032,0.0
HIKARI-2021-noID__balanced__top20__CNN__seed45,HIKARI-2021-noID,45,top20,balanced,CNN,DL,20,601290,601290,34388,,40.0,200,62.74120283126831,0.22862601280212402,0.6162056922912598,62.969828844070435,2026-09-02T00:10:55.106403+00:00,gpu1.nitsri.ac.in,0.9937845631891433,0.9950714072212938,0.8231599607458292,0.9964362081254454,0.9015477214101462,0.9115272674125547,0.9950714072212938,0.9491693540733459,0.9027411221116876,0.9989205112128,0.9772828745599367,142265,901,15,4194,147375,0.028559796437659032,0.0
HIKARI-2021-noID__balanced__top20__CNN__seed46,HIKARI-2021-noID,46,top20,balanced,CNN,DL,20,601290,601290,34388,,21.0,200,32.63614368438721,0.23437881469726562,0.6899652481079102,32.87052249908447,2026-09-02T00:41:20.314940+00:00,gpu1.nitsri.ac.in,0.9935810008481765,0.9953125355810388,0.8179692067823037,0.9971489665003563,0.8987152034261242,0.9089424223501237,0.9953125355810388,0.9477003367258507,0.9001206766226224,0.9992782429049833,0.976168494135881,142232,934,12,4197,147375,0.028559796437659032,0.0
HIKARI-2021-noID__balanced__top20__DT__seed42,HIKARI-2021-noID,42,top20,balanced,DT,ML,20,601290,601290,34388,,,200,13.885406732559204,0.004290342330932617,0.6223709583282471,13.889697074890137,2026-09-01T22:34:19.074845+00:00,gpu1.nitsri.ac.in,0.9947684478371501,0.9945401068549098,0.8485401459854015,0.9942979330007128,0.9156547423695438,0.9241858287686954,0.9945401068549098,0.9564776238028616,0.9160281766094514,0.9962202985854489,0.938287810036698,142419,747,24,4185,147375,0.028559796437659032,0.0
HIKARI-2021-noID__balanced__top20__DT__seed43,HIKARI-2021-noID,43,top20,balanced,DT,ML,20,601290,601290,34388,,,200,12.95500135421753,0.00406646728515625,0.8073751926422119,12.959067821502686,2026-09-01T23:06:05.259756+00:00,gpu1.nitsri.ac.in,0.9944631043256997,0.9920769343720928,0.8436297346566741,0.9895462105013068,0.9107806691449815,0.9216604141627492,0.9920769343720928,0.9539617831516423,0.9110200084460772,0.9938599637581175,0.9354987601778416,142394,772,44,4165,147375,0.028559796437659032,0.0
HIKARI-2021-noID__balanced__top20__DT__seed44,HIKARI-2021-noID,44,top20,balanced,DT,ML,20,601290,601290,34388,,,200,11.5079026222229,0.004137277603149414,0.8436834812164307,11.51203989982605,2026-09-01T23:35:53.301925+00:00,gpu1.nitsri.ac.in,0.9945038167938931,0.9931355945864855,0.8434027076177005,0.9916844856260394,0.9115527407730946,0.9215784829847029,0.9931355945864855,0.9543582634367728,0.9119108637833636,0.9949351975488485,0.9375941875429382,142391,775,35,4174,147375,0.028559796437659032,1.1102230246251565e-16
HIKARI-2021-noID__balanced__top20__DT__seed45,HIKARI-2021-noID,45,top20,balanced,DT,ML,20,601290,601290,34388,,,200,14.980408430099487,0.0034852027893066406,0.6162056922912598,14.983893632888794,2026-09-02T00:06:44.651625+00:00,gpu1.nitsri.ac.in,0.9943545377438507,0.9905221472118122,0.8427034706718084,0.9864575908766928,0.9089316987740805,0.9211516623268061,0.9905221472118122,0.9530093381515966,0.9090307315077284,0.9922703367398563,0.9298637788313076,142391,775,57,4152,147375,0.028559796437659032,0.0
HIKARI-2021-noID__balanced__top20__DT__seed46,HIKARI-2021-noID,46,top20,balanced,DT,ML,20,601290,601290,34388,,,200,11.242897272109985,0.004014015197753906,0.6899652481079102,11.24691128730774,2026-09-02T00:36:08.292746+00:00,gpu1.nitsri.ac.in,0.9944223918575064,0.9936701882603938,0.8406759203379601,0.992872416250891,0.9104575163398693,0.920232626049152,0.9936701882603938,0.9537895313603958,0.9109474619643979,0.9955151922342185,0.9381898423306889,142374,792,30,4179,147375,0.028559796437659032,1.1102230246251565e-16
HIKARI-2021-noID__balanced__top20__GNB__seed42,HIKARI-2021-noID,42,top20,balanced,GNB,ML,20,601290,601290,34388,,,200,0.08881258964538574,0.006046295166015625,0.6223709583282471,0.09485888481140137,2026-09-01T22:34:33.642014+00:00,gpu1.nitsri.ac.in,0.4602408821034775,0.7199954219291506,0.05004897393630999,0.9954858636255642,0.09530633366315239,0.5248752496493998,0.7199954219291506,0.3553462183780677,0.14795189815899845,0.7534611882106845,0.056383594481911374,63638,79528,19,4190,147375,0.028559796437659032,0.0
HIKARI-2021-noID__balanced__top20__GNB__seed43,HIKARI-2021-noID,43,top20,balanced,GNB,ML,20,601290,601290,34388,,,200,0.0873262882232666,0.006073951721191406,0.8073751926422119,0.09340023994445801,2026-09-01T23:06:19.219704+00:00,gpu1.nitsri.ac.in,0.448108566581849,0.7146733274421215,0.049086784686981126,0.9973865526253267,0.09356855490298782,0.5244544718384221,0.7146733274421215,0.3484246132252514,0.14490994224543358,0.8312067918094319,0.0807001132668161,61842,81324,11,4198,147375,0.028559796437659032,0.0
HIKARI-2021-noID__balanced__top20__GNB__seed44,HIKARI-2021-noID,44,top20,balanced,GNB,ML,20,601290,601290,34388,,,200,0.08930373191833496,0.0062978267669677734,0.8436834812164307,0.09560155868530273,2026-09-01T23:36:07.063053+00:00,gpu1.nitsri.ac.in,0.46292790500424086,0.7212631312485158,0.05027604416706673,0.995248277500594,0.09571684813033395,0.5249819062455816,0.7212631312485158,0.356876332481785,0.14869532340264424,0.8078922132525768,0.07268844342556668,64035,79131,20,4189,147375,0.028559796437659032,0.0
HIKARI-2021-noID__balanced__top20__GNB__seed45,HIKARI-2021-noID,45,top20,balanced,GNB,ML,20,601290,601290,34388,,,200,0.08759450912475586,0.006217479705810547,0.6162056922912598,0.0938119888305664,2026-09-02T00:06:59.026383+00:00,gpu1.nitsri.ac.in,0.4660831212892282,0.7228871201844363,0.05055820409148513,0.995248277500594,0.09622806211522558,0.5251241113451846,0.7228871201844363,0.3586790185868637,0.14966416838938196,0.8515703784696886,0.0916311385382745,64500,78666,20,4189,147375,0.028559796437659032,0.0
HIKARI-2021-noID__balanced__top20__GNB__seed46,HIKARI-2021-noID,46,top20,balanced,GNB,ML,20,601290,601290,34388,,,200,0.08813595771789551,0.006342887878417969,0.6899652481079102,0.09447884559631348,2026-09-02T00:36:21.745774+00:00,gpu1.nitsri.ac.in,0.4462493638676845,0.7142928993929949,0.048982588630165726,0.9985744832501782,0.09338443592734544,0.5244425684952709,0.7142928993929949,0.3473882396502432,0.14474624515286721,0.7344693525034134,0.05258629534510062,61563,81603,6,4203,147375,0.028559796437659032,0.0
HIKARI-2021-noID__balanced__top20__GRU__seed42,HIKARI-2021-noID,42,top20,balanced,GRU,DL,20,601290,601290,34388,,92.0,200,90.97393894195557,0.37497377395629883,0.6223709583282471,91.34891271591187,2026-09-01T22:36:48.967233+00:00,gpu1.nitsri.ac.in,0.9939202714164547,0.9964095629525516,0.8249950951540121,0.9990496555001188,0.9037180313776059,0.9124834905899807,0.9964095629525516,0.9502895309562459,0.9050099431253013,0.9993203265459535,0.9774489712115896,142274,892,4,4205,147375,0.028559796437659032,1.1102230246251565e-16
HIKARI-2021-noID__balanced__top20__GRU__seed43,HIKARI-2021-noID,43,top20,balanced,GRU,DL,20,601290,601290,34388,,92.0,200,90.53437519073486,0.39517784118652344,0.8073751926422119,90.92955303192139,2026-09-01T23:08:38.935010+00:00,gpu1.nitsri.ac.in,0.9941645462256149,0.9957281868361116,0.8317812561917971,0.9973865526253267,0.9070872947277442,0.9158519849617296,0.9957281868361116,0.9520374861135481,0.908073896766725,0.9993340839253313,0.9782449964791222,142317,849,11,4198,147375,0.028559796437659032,1.1102230246251565e-16
HIKARI-2021-noID__balanced__top20__GRU__seed44,HIKARI-2021-noID,44,top20,balanced,GRU,DL,20,601290,601290,34388,,116.0,200,114.61993789672852,0.39611387252807617,0.8436834812164307,115.01605176925659,2026-09-01T23:38:45.505686+00:00,gpu1.nitsri.ac.in,0.9939474130619169,0.995270526618244,0.8269268677311256,0.9966737942504158,0.9039000215470804,0.9134142427087273,0.995270526618244,0.9503876640306479,0.904990363921813,0.9991035366332478,0.9770484516474288,142288,878,14,4195,147375,0.028559796437659032,1.1102230246251565e-16
HIKARI-2021-noID__balanced__top20__GRU__seed45,HIKARI-2021-noID,45,top20,balanced,GRU,DL,20,601290,601290,34388,,42.0,200,41.65943717956543,0.39431023597717285,0.6162056922912598,42.0537474155426,2026-09-02T00:08:23.228088+00:00,gpu1.nitsri.ac.in,0.9928278201865988,0.9943483706402098,0.8012232415902141,0.9959610358755049,0.8880415210253151,0.9005518218602315,0.9943483706402098,0.9421683829150354,0.8899711017635865,0.99907502616549,0.9721137267063888,142126,1040,17,4192,147375,0.028559796437659032,0.0
HIKARI-2021-noID__balanced__top20__GRU__seed46,HIKARI-2021-noID,46,top20,balanced,GRU,DL,20,601290,601290,34388,,70.0,200,69.39533162117004,0.395784854888916,0.6899652481079102,69.79111647605896,2026-09-02T00:38:38.172762+00:00,gpu1.nitsri.ac.in,0.9933774385072095,0.9956689645539445,0.8127297349584058,0.9980993110002376,0.8959266368095543,0.9063367392708291,0.9956689645539445,0.9462532697665085,0.8975711911923153,0.99931986934957,0.9775526143386973,142198,968,8,4201,147375,0.028559796437659032,1.1102230246251565e-16
HIKARI-2021-noID__balanced__top20__KNN__seed42,HIKARI-2021-noID,42,top20,balanced,KNN,ML,20,601290,601290,34388,,,200,0.011492729187011719,14.601686954498291,0.6223709583282471,14.613179683685303,2026-09-01T22:35:03.329164+00:00,gpu1.nitsri.ac.in,0.9941374045801527,0.9845300575622361,0.8443483631871526,0.9743406985032074,0.9046988749172733,0.9217952820861457,0.9845300575622361,0.9508372771696461,0.9041515189583652,0.9931070077810377,0.8647419836992427,142410,756,108,4101,147375,0.028559796437659032,1.1102230246251565e-16
HIKARI-2021-noID__balanced__top20__KNN__seed43,HIKARI-2021-noID,43,top20,balanced,KNN,ML,20,601290,601290,34388,,,200,0.011324405670166016,14.71510648727417,0.8073751926422119,14.726430892944336,2026-09-01T23:06:48.616484+00:00,gpu1.nitsri.ac.in,0.9939270568278202,0.9839605891805323,0.8395491803278688,0.9733903540033262,0.9015293211574431,0.9193815939184522,0.9839605891805323,0.9491981184186087,0.9010308835644756,0.9908773813339152,0.8560066525382576,142383,783,112,4097,147375,0.028559796437659032,0.0
HIKARI-2021-noID__balanced__top20__KNN__seed44,HIKARI-2021-noID,44,top20,balanced,KNN,ML,20,601290,601290,34388,,,200,0.01168370246887207,14.72610855102539,0.8436834812164307,14.737792253494263,2026-09-01T23:36:36.484070+00:00,gpu1.nitsri.ac.in,0.9941034775233248,0.985435000220898,0.8423534235342354,0.9762413875029698,0.9043688786178057,0.9208258271870915,0.985435000220898,0.9506634162852701,0.9039548340786178,0.9917297356216359,0.8585359510646559,142397,769,100,4109,147375,0.028559796437659032,0.0
HIKARI-2021-noID__balanced__top20__KNN__seed45,HIKARI-2021-noID,45,top20,balanced,KNN,ML,20,601290,601290,34388,,,200,0.011207103729248047,14.680519819259644,0.6162056922912598,14.691726922988892,2026-09-02T00:07:28.395257+00:00,gpu1.nitsri.ac.in,0.9936827820186599,0.9827971554864029,0.8346263781135157,0.9712520788785934,0.897770945426595,0.9168885591164868,0.9827971554864029,0.9472558161139759,0.8972683221785219,0.989923024126756,0.8482511135856672,142356,810,121,4088,147375,0.028559796437659032,0.0
HIKARI-2021-noID__balanced__top20__KNN__seed46,HIKARI-2021-noID,46,top20,balanced,KNN,ML,20,601290,601290,34388,,,200,0.011239290237426758,15.11159634590149,0.6899652481079102,15.122835636138916,2026-09-02T00:36:51.534540+00:00,gpu1.nitsri.ac.in,0.9939677692960136,0.9849039487817646,0.8394683026584867,0.9752910430030887,0.9022969557094186,0.9193692006326788,0.9849039487817646,0.9495923831797388,0.9018952963271025,0.9919392037541469,0.8575960629202911,142381,785,104,4105,147375,0.028559796437659032,0.0
HIKARI-2021-noID__balanced__top20__LSTM__seed42,HIKARI-2021-noID,42,top20,balanced,LSTM,DL,20,601290,601290,34388,,84.0,200,75.30880546569824,0.36462831497192383,0.6223709583282471,75.67343378067017,2026-09-01T22:38:05.201189+00:00,gpu1.nitsri.ac.in,0.9937845631891433,0.9963397139660604,0.8217705686925934,0.9990496555001188,0.9017799699764101,0.9108712253830047,0.9963397139660604,0.9492853546838158,0.903175966206996,0.999324799768645,0.9779812817393727,142254,912,4,4205,147375,0.028559796437659032,1.1102230246251565e-16
HIKARI-2021-noID__balanced__top20__LSTM__seed43,HIKARI-2021-noID,43,top20,balanced,LSTM,DL,20,601290,601290,34388,,79.0,200,70.72587203979492,0.3652157783508301,0.8073751926422119,71.09108781814575,2026-09-01T23:09:50.578685+00:00,gpu1.nitsri.ac.in,0.9940220525869381,0.9955395447871352,0.8284642716146862,0.9971489665003563,0.9050134770889487,0.9141899740326134,0.9955395447871352,0.9509636962465499,0.9060850096707629,0.9992869744431736,0.9769513486078701,142297,869,12,4197,147375,0.028559796437659032,0.0
HIKARI-2021-noID__balanced__top20__LSTM__seed44,HIKARI-2021-noID,44,top20,balanced,LSTM,DL,20,601290,601290,34388,,90.0,200,81.05548453330994,0.3657393455505371,0.8436834812164307,81.42122387886047,2026-09-01T23:40:07.477864+00:00,gpu1.nitsri.ac.in,0.9938727735368956,0.994886207836192,0.8255218589996062,0.9959610358755049,0.9027673091418111,0.9127011952819348,0.994886207836192,0.9498020135175992,0.9038586825439925,0.9992923023160918,0.9782020111685077,142280,886,17,4192,147375,0.028559796437659032,1.1102230246251565e-16
HIKARI-2021-noID__balanced__top20__LSTM__seed45,HIKARI-2021-noID,45,top20,balanced,LSTM,DL,20,601290,601290,34388,,36.0,200,32.648746967315674,0.3585362434387207,0.6162056922912598,33.007283210754395,2026-09-02T00:08:56.784611+00:00,gpu1.nitsri.ac.in,0.992746395250212,0.9944217618614756,0.7992756385817766,0.9961986220004752,0.8869381279746166,0.8995815323965881,0.9944217618614756,0.941595564626997,0.888958503541823,0.9989264730204497,0.971935684150352,142113,1053,16,4193,147375,0.028559796437659032,0.0
HIKARI-2021-noID__balanced__top20__LSTM__seed46,HIKARI-2021-noID,46,top20,balanced,LSTM,DL,20,601290,601290,34388,,91.0,200,80.75298070907593,0.3532571792602539,0.6899652481079102,81.10623788833618,2026-09-02T00:39:59.858333+00:00,gpu1.nitsri.ac.in,0.9933774385072095,0.9957842651671049,0.8126087797331271,0.9983368971252079,0.8959488272921109,0.9062797773380833,0.9957842651671049,0.9462643530230046,0.897612657798043,0.9993032443282664,0.9770531469441932,142197,969,7,4202,147375,0.028559796437659032,1.1102230246251565e-16
HIKARI-2021-noID__balanced__top20__MLP__seed42,HIKARI-2021-noID,42,top20,balanced,MLP,DL,20,601290,601290,34388,,69.0,200,18.3467698097229,0.11268830299377441,0.6223709583282471,18.459458112716675,2026-09-01T22:38:24.201800+00:00,gpu1.nitsri.ac.in,0.993492790500424,0.9960742380319436,0.8150445909267158,0.9988120693751484,0.8976193018042062,0.9075047166928873,0.9960742380319436,0.947129452712302,0.8992276504375235,0.9992776280546746,0.9762430202518907,142212,954,5,4204,147375,0.028559796437659032,0.0
HIKARI-2021-noID__balanced__top20__MLP__seed43,HIKARI-2021-noID,43,top20,balanced,MLP,DL,20,601290,601290,34388,,42.0,200,11.09559416770935,0.11139988899230957,0.8073751926422119,11.20699405670166,2026-09-01T23:10:02.341997+00:00,gpu1.nitsri.ac.in,0.9938320610687023,0.9956723574323687,0.8236563358179678,0.997624138750297,0.9023315783818631,0.9117930251944201,0.9956723574323687,0.9495735273383025,0.9035804769301405,0.9992439407298641,0.9752669363447187,142267,899,10,4199,147375,0.028559796437659032,0.0
HIKARI-2021-noID__balanced__top20__MLP__seed44,HIKARI-2021-noID,44,top20,balanced,MLP,DL,20,601290,601290,34388,,63.0,200,16.48238205909729,0.11197423934936523,0.8436834812164307,16.594356298446655,2026-09-01T23:40:24.616062+00:00,gpu1.nitsri.ac.in,0.9938727735368956,0.9944250053835497,0.8260355029585799,0.9950106913756237,0.902683478823149,0.9129439662995703,0.9944250053835497,0.9497601426819593,0.9037030989451554,0.9985170864345145,0.9739388852681574,142284,882,21,4188,147375,0.028559796437659032,1.1102230246251565e-16
HIKARI-2021-noID__balanced__top20__MLP__seed45,HIKARI-2021-noID,45,top20,balanced,MLP,DL,20,601290,601290,34388,,95.0,200,24.129865407943726,0.11453008651733398,0.6162056922912598,24.24439549446106,2026-09-02T00:09:21.563643+00:00,gpu1.nitsri.ac.in,0.9936624257845632,0.9948932425202912,0.820387399726081,0.9961986220004752,0.8997854077253219,0.9101374663816257,0.9948932425202912,0.9482565759153534,0.9010532961299452,0.9987950618356365,0.9754839298799224,142248,918,16,4193,147375,0.028559796437659032,1.1102230246251565e-16
HIKARI-2021-noID__balanced__top20__MLP__seed46,HIKARI-2021-noID,46,top20,balanced,MLP,DL,20,601290,601290,34388,,75.0,200,19.035245180130005,0.114837646484375,0.6899652481079102,19.15008282661438,2026-09-02T00:40:19.555547+00:00,gpu1.nitsri.ac.in,0.99380491942324,0.9960042894745523,0.8226311667971808,0.9983368971252079,0.9020070838252656,0.9112909817692596,0.9960042894745523,0.949404217377628,0.9033318131888253,0.9993038002657926,0.9762561836949251,142260,906,7,4202,147375,0.028559796437659032,0.0
HIKARI-2021-noID__balanced__top20__RF__seed42,HIKARI-2021-noID,42,top20,balanced,RF,ML,20,601290,601290,34388,,,200,14.154246091842651,0.04793071746826172,0.6223709583282471,14.202176809310913,2026-09-01T22:34:33.440807+00:00,gpu1.nitsri.ac.in,0.9950059372349449,0.9959306493260359,0.8530189062817646,0.9969113803753861,0.9193689745836985,0.9264638250171107,0.9959306493260359,0.9583960711334301,0.9197749325890561,0.9993331396612944,0.9672643252598727,142443,723,13,4196,147375,0.028559796437659032,1.1102230246251565e-16
HIKARI-2021-noID__balanced__top20__RF__seed43,HIKARI-2021-noID,43,top20,balanced,RF,ML,20,601290,601290,34388,,,200,13.548522472381592,0.045525312423706055,0.8073751926422119,13.594047784805298,2026-09-01T23:06:19.017837+00:00,gpu1.nitsri.ac.in,0.9948837998303647,0.9955218833987121,0.8503346177245995,0.9961986220004752,0.9175054704595186,0.9251111464405761,0.9955218833987121,0.9574327534364047,0.9179365466915891,0.9993046167471742,0.9658369309262671,142428,738,16,4193,147375,0.028559796437659032,1.1102230246251565e-16
HIKARI-2021-noID__balanced__top20__RF__seed44,HIKARI-2021-noID,44,top20,balanced,RF,ML,20,601290,601290,34388,,,200,13.374247312545776,0.0450901985168457,0.8436834812164307,13.419337511062622,2026-09-01T23:36:06.858234+00:00,gpu1.nitsri.ac.in,0.994693808312129,0.9946169905255002,0.8465116279069768,0.994535519125683,0.914572864321608,0.9231750725366521,0.9946169905255002,0.9559173653671514,0.9150072805032518,0.9988505203377762,0.9669016294963397,142407,759,23,4186,147375,0.028559796437659032,0.0
HIKARI-2021-noID__balanced__top20__RF__seed45,HIKARI-2021-noID,45,top20,balanced,RF,ML,20,601290,601290,34388,,,200,13.99221682548523,0.04572868347167969,0.6162056922912598,14.03794550895691,2026-09-02T00:06:58.822866+00:00,gpu1.nitsri.ac.in,0.9945784563189143,0.9935199133685374,0.8448624595469255,0.9923972440009503,0.9127062165410248,0.9223188946778726,0.9935199133685374,0.9549542840531712,0.9130668854258602,0.9990151118655665,0.9646043661617811,142399,767,32,4177,147375,0.028559796437659032,1.1102230246251565e-16
HIKARI-2021-noID__balanced__top20__RF__seed46,HIKARI-2021-noID,46,top20,balanced,RF,ML,20,601290,601290,34388,,,200,13.051796674728394,0.05546998977661133,0.6899652481079102,13.107266664505005,2026-09-02T00:36:21.545470+00:00,gpu1.nitsri.ac.in,0.9947141645462256,0.9957804740050799,0.845626763401854,0.9969113803753861,0.9150583360593174,0.9227677398002578,0.9957804740050799,0.9561652722249951,0.9156418304822647,0.9991477469426946,0.9633814157746959,142400,766,13,4196,147375,0.028559796437659032,1.1102230246251565e-16
HIKARI-2021-noID__balanced__top20__SVM__seed42,HIKARI-2021-noID,42,top20,balanced,SVM,ML,20,601290,100000,34388,100000.0,,200,2.0378637313842773,5.722750663757324,0.6223709583282471,7.760614395141602,2026-09-01T22:35:17.097067+00:00,gpu1.nitsri.ac.in,0.9666632739609838,0.9804202835920628,0.46123348017621146,0.9950106913756237,0.6302957333132666,0.7305408154342861,0.9804202835920628,0.8064201921297894,0.6656019348844626,0.9882614206237694,0.5272255626489448,138274,4892,21,4188,147375,0.028559796437659032,0.0
HIKARI-2021-noID__balanced__top20__SVM__seed43,HIKARI-2021-noID,43,top20,balanced,SVM,ML,20,601290,100000,34388,100000.0,,200,4.801315784454346,6.931720018386841,0.8073751926422119,11.733035802841187,2026-09-01T23:07:07.489201+00:00,gpu1.nitsri.ac.in,0.9642340966921119,0.979515888573352,0.4437738246505718,0.9957234497505346,0.6139310041749066,0.7218216623089734,0.979515888573352,0.7975897350034931,0.6522791166576021,0.9889439874422243,0.5336007978215358,137913,5253,18,4191,147375,0.028559796437659032,1.1102230246251565e-16
HIKARI-2021-noID__balanced__top20__SVM__seed44,HIKARI-2021-noID,44,top20,balanced,SVM,ML,20,601290,100000,34388,100000.0,,200,1.954167127609253,5.603493690490723,0.8436834812164307,7.557660818099976,2026-09-01T23:36:49.975884+00:00,gpu1.nitsri.ac.in,0.9696827820186599,0.9820897241546528,0.4850063679518351,0.995248277500594,0.6521874513467227,0.742431105670046,0.9820897241546528,0.8181690420931355,0.6837354601276139,0.988623759129602,0.5481652024522419,138718,4448,20,4189,147375,0.028559796437659032,0.0
HIKARI-2021-noID__balanced__top20__SVM__seed45,HIKARI-2021-noID,45,top20,balanced,SVM,ML,20,601290,100000,34388,100000.0,,200,1.8042612075805664,5.091590166091919,0.6162056922912598,6.895851373672485,2026-09-02T00:07:40.627382+00:00,gpu1.nitsri.ac.in,0.9780016963528414,0.9862561664134031,0.5652584694290728,0.9950106913756237,0.72095024961267,0.7825542164958261,0.9862561664134031,0.8547498800441746,0.7413332047526353,0.9939423155306439,0.7111807966524911,139945,3221,21,4188,147375,0.028559796437659032,0.0
HIKARI-2021-noID__balanced__top20__SVM__seed46,HIKARI-2021-noID,46,top20,balanced,SVM,ML,20,601290,100000,34388,100000.0,,200,6.935380220413208,14.778910160064697,0.6899652481079102,21.714290380477905,2026-09-02T00:37:27.848987+00:00,gpu1.nitsri.ac.in,0.9745547073791349,0.9860962107407747,0.5288860918816866,0.9983368971252079,0.6914596017771927,0.7644179437390215,0.9860962107407747,0.8390948874432539,0.7170287595442899,0.9944890709602541,0.7335541131286717,139423,3743,7,4202,147375,0.028559796437659032,0.0
HIKARI-2021-noID__balanced__top20__SimpleRNN__seed42,HIKARI-2021-noID,42,top20,balanced,SimpleRNN,DL,20,601290,601290,34388,,61.0,200,35.06933403015137,0.21893596649169922,0.6223709583282471,35.288269996643066,2026-09-01T22:39:00.045224+00:00,gpu1.nitsri.ac.in,0.9939406276505514,0.9963047396873647,0.8256087981146897,0.9988120693751484,0.9039888184066229,0.9127868284410379,0.9963047396873647,0.9504302068414184,0.9052470589530842,0.9993286705873903,0.9775540085301218,142278,888,5,4204,147375,0.028559796437659032,0.0
HIKARI-2021-noID__balanced__top20__SimpleRNN__seed43,HIKARI-2021-noID,43,top20,balanced,SimpleRNN,DL,20,601290,601290,34388,,68.0,200,37.96792411804199,0.2208259105682373,0.8073751926422119,38.18875002861023,2026-09-01T23:10:41.100768+00:00,gpu1.nitsri.ac.in,0.9943477523324852,0.9955918817415537,0.8365231259968102,0.9969113803753861,0.9097018970189702,0.9182159037847271,0.9955918817415537,0.9533922321098703,0.9105260166099974,0.9992942381403432,0.9761869253226677,142346,820,13,4196,147375,0.028559796437659032,0.0
HIKARI-2021-noID__balanced__top20__SimpleRNN__seed44,HIKARI-2021-noID,44,top20,balanced,SimpleRNN,DL,20,601290,601290,34388,,46.0,200,25.64023756980896,0.22280502319335938,0.8436834812164307,25.86304259300232,2026-09-01T23:40:51.038147+00:00,gpu1.nitsri.ac.in,0.9934588634435962,0.994903769653715,0.8154773478514485,0.9964362081254454,0.8969204448246364,0.9076859431759633,0.994903769653715,0.9467713528336947,0.8983658722650021,0.9991543003674428,0.9768812400481741,142217,949,15,4194,147375,0.028559796437659032,0.0
HIKARI-2021-noID__balanced__top20__SimpleRNN__seed45,HIKARI-2021-noID,45,top20,balanced,SimpleRNN,DL,20,601290,601290,34388,,52.0,200,29.197494983673096,0.21900320053100586,0.6162056922912598,29.4164981842041,2026-09-02T00:09:51.537873+00:00,gpu1.nitsri.ac.in,0.9936217133163698,0.995102889050665,0.8191759421987893,0.9966737942504158,0.8992497320471597,0.9095387633442524,0.995102889050665,0.9479781699266,0.9005860867456835,0.9989630147110661,0.9767203729698976,142240,926,14,4195,147375,0.028559796437659032,1.1102230246251565e-16
HIKARI-2021-noID__balanced__top20__SimpleRNN__seed46,HIKARI-2021-noID,46,top20,balanced,SimpleRNN,DL,20,601290,601290,34388,,48.0,200,26.527876377105713,0.2182602882385254,0.6899652481079102,26.74613666534424,2026-09-02T00:40:46.865313+00:00,gpu1.nitsri.ac.in,0.9935674300254453,0.9959973543613533,0.8169096209912536,0.9985744832501782,0.8986529826812059,0.9084337178991282,0.9959973543613533,0.9476656411534945,0.9001823004479457,0.9993118339779239,0.9763884854079322,142224,942,6,4203,147375,0.028559796437659032,0.0
HIKARI-2021-noID__imbalanced__all__CNN__seed42,HIKARI-2021-noID,42,all,imbalanced,CNN,DL,51,309485,309485,34388,,62.0,200,98.27983117103577,0.3412971496582031,0.954512357711792,98.62112832069397,2026-09-01T22:18:53.166230+00:00,gpu1.nitsri.ac.in,0.9947413061916879,0.9966015480945022,0.8453338696701529,0.9985744832501782,0.915586537414225,0.9226458678631728,0.9966015480945022,0.9564363287031205,0.9162676296292389,0.9993554418834245,0.9783532531470949,142397,769,6,4203,147375,0.028559796437659032,1.1102230246251565e-16
HIKARI-2021-noID__imbalanced__all__CNN__seed43,HIKARI-2021-noID,43,all,imbalanced,CNN,DL,50,309485,309485,34388,,46.0,200,71.24622201919556,0.3341960906982422,0.7573540210723877,71.5804181098938,2026-09-01T22:49:24.981812+00:00,gpu1.nitsri.ac.in,0.9945377438507209,0.9944213635778748,0.842730567861458,0.9942979330007128,0.9122615803814714,0.9212810195935031,0.9944213635778748,0.9547213530901492,0.9127767222204939,0.9993283843210523,0.9782447586365778,142385,781,24,4185,147375,0.028559796437659032,0.0
HIKARI-2021-noID__imbalanced__all__CNN__seed44,HIKARI-2021-noID,44,all,imbalanced,CNN,DL,51,309485,309485,34388,,46.0,200,70.29551362991333,0.3453505039215088,0.7307803630828857,70.64086413383484,2026-09-01T23:21:05.756421+00:00,gpu1.nitsri.ac.in,0.9943138252756574,0.9930378060053977,0.8386578259995981,0.9916844856260394,0.9087742216416286,0.919206018015319,0.9930378060053977,0.9529198390358554,0.9092511542726401,0.9992392277072546,0.9783712183396838,142363,803,35,4174,147375,0.028559796437659032,1.1102230246251565e-16
HIKARI-2021-noID__imbalanced__all__CNN__seed45,HIKARI-2021-noID,45,all,imbalanced,CNN,DL,52,309485,309485,34388,,53.0,200,84.88602447509766,0.3358314037322998,0.7454099655151367,85.22185587882996,2026-09-01T23:52:37.852808+00:00,gpu1.nitsri.ac.in,0.9943138252756574,0.995228517655449,0.8360917248255234,0.9961986220004752,0.9091500433651344,0.917989666852211,0.995228517655449,0.9531075546217742,0.9099459392964296,0.9989555468935511,0.9767894991035294,142344,822,16,4193,147375,0.028559796437659032,0.0
HIKARI-2021-noID__imbalanced__all__CNN__seed46,HIKARI-2021-noID,46,all,imbalanced,CNN,DL,50,309485,309485,34388,,58.0,200,86.03863477706909,0.3325042724609375,0.7230641841888428,86.37113904953003,2026-09-02T00:20:58.318653+00:00,gpu1.nitsri.ac.in,0.9943952502120441,0.9959622307263073,0.8372881355932204,0.997624138750297,0.910450997398092,0.918608945571266,0.9959622307263073,0.9537790454863788,0.9112940830434759,0.999280528057143,0.9784923023390969,142350,816,10,4199,147375,0.028559796437659032,1.1102230246251565e-16
HIKARI-2021-noID__imbalanced__all__DT__seed42,HIKARI-2021-noID,42,all,imbalanced,DT,ML,51,309485,309485,34388,,,200,3.860198736190796,0.005939006805419922,0.954512357711792,3.866137742996216,2026-09-01T22:14:32.287270+00:00,gpu1.nitsri.ac.in,0.9942052586938083,0.9449015711282386,0.9033421495551816,0.8926110715134237,0.8979445506692161,0.9500930388039566,0.9449015711282386,0.9474812598378239,0.8949795531022225,0.9457274536623832,0.8108317088591676,142764,402,452,3757,147375,0.028559796437659032,1.1102230246251565e-16
HIKARI-2021-noID__imbalanced__all__DT__seed43,HIKARI-2021-noID,43,all,imbalanced,DT,ML,50,309485,309485,34388,,,200,3.4750776290893555,0.005785226821899414,0.7573540210723877,3.480862855911255,2026-09-01T22:45:27.601342+00:00,gpu1.nitsri.ac.in,0.9940763358778626,0.9465647237884808,0.8963878326996197,0.8961748633879781,0.8962813353926578,0.9466677266552573,0.9465647237884808,0.9466162188902185,0.8932324445048637,0.9478634610598636,0.8085479964337391,142730,436,437,3772,147375,0.028559796437659032,1.1102230246251565e-16
HIKARI-2021-noID__imbalanced__all__DT__seed44,HIKARI-2021-noID,44,all,imbalanced,DT,ML,51,309485,309485,34388,,,200,2.885802745819092,0.005434751510620117,0.7307803630828857,2.891237497329712,2026-09-01T23:17:00.891789+00:00,gpu1.nitsri.ac.in,0.994117048346056,0.9464703778712675,0.8978571428571429,0.8959372772630079,0.8968961826614342,0.947398974781112,0.9464703778712675,0.9469341621344092,0.8938688703154188,0.94741642090826,0.809046706112315,142737,429,438,3771,147375,0.028559796437659032,0.0
HIKARI-2021-noID__imbalanced__all__DT__seed45,HIKARI-2021-noID,45,all,imbalanced,DT,ML,52,309485,309485,34388,,,200,3.0561957359313965,0.005029201507568359,0.7454099655151367,3.061224937438965,2026-09-01T23:48:24.355853+00:00,gpu1.nitsri.ac.in,0.9939745547073792,0.9477806437933789,0.8911660777385159,0.8987883107626514,0.8949609652235628,0.94409488125031,0.9477806437933789,0.9459296401270803,0.8918679091246821,0.9495532547442123,0.8069283128523143,142704,462,426,3783,147375,0.028559796437659032,0.0
HIKARI-2021-noID__imbalanced__all__DT__seed46,HIKARI-2021-noID,46,all,imbalanced,DT,ML,50,309485,309485,34388,,,200,3.5286989212036133,0.005551338195800781,0.7230641841888428,3.534250259399414,2026-09-02T00:17:00.539417+00:00,gpu1.nitsri.ac.in,0.9940424088210348,0.9435494455996827,0.9002643595289593,0.8899976241387503,0.8951015531660693,0.9485157176867498,0.9435494455996827,0.9460178483059203,0.8920513391564449,0.9453219503415559,0.8074742046146709,142751,415,463,3746,147375,0.028559796437659032,1.1102230246251565e-16
HIKARI-2021-noID__imbalanced__all__GNB__seed42,HIKARI-2021-noID,42,all,imbalanced,GNB,ML,51,309485,309485,34388,,,200,0.0656290054321289,0.014272928237915039,0.954512357711792,0.07990193367004395,2026-09-01T22:14:35.003640+00:00,gpu1.nitsri.ac.in,0.8512434266327397,0.9226279291655404,0.16088521326288382,0.9983368971252079,0.2771128037722162,0.5804137423184538,0.9226279291655404,0.5971019898266428,0.36870092699910323,0.9233234717318065,0.16161126244179555,121250,21916,7,4202,147375,0.028559796437659032,5.551115123125783e-17
HIKARI-2021-noID__imbalanced__all__GNB__seed43,HIKARI-2021-noID,43,all,imbalanced,GNB,ML,50,309485,309485,34388,,,200,0.06049537658691406,0.013997077941894531,0.7573540210723877,0.0744924545288086,2026-09-01T22:45:30.522693+00:00,gpu1.nitsri.ac.in,0.8502391857506362,0.9224569485049873,0.16005633373934228,0.9990496555001188,0.2759095830189298,0.5800116520021616,0.9224569485049873,0.5961962046150505,0.36770356729124165,0.9229700531191172,0.160835860868579,121099,22067,4,4205,147375,0.028559796437659032,5.551115123125783e-17
HIKARI-2021-noID__imbalanced__all__GNB__seed44,HIKARI-2021-noID,44,all,imbalanced,GNB,ML,51,309485,309485,34388,,,200,0.06165313720703125,0.01385045051574707,0.7307803630828857,0.07550358772277832,2026-09-01T23:17:03.630723+00:00,gpu1.nitsri.ac.in,0.8521526717557252,0.9225194143092286,0.1615846615846616,0.9971489665003563,0.27810356823377397,0.5807429078056997,0.9225194143092286,0.5978731790754419,0.36940734218847504,0.9230830329005454,0.1620781129330286,121389,21777,12,4197,147375,0.028559796437659032,0.0
HIKARI-2021-noID__imbalanced__all__GNB__seed45,HIKARI-2021-noID,45,all,imbalanced,GNB,ML,52,309485,309485,34388,,,200,0.060923099517822266,0.01415872573852539,0.7454099655151367,0.07508182525634766,2026-09-01T23:48:27.023658+00:00,gpu1.nitsri.ac.in,0.8518066157760814,0.9226872012331577,0.1613460873573816,0.9978617248752673,0.2777777777777778,0.5806359590267921,0.9226872012331577,0.5976050054818343,0.3692359020452172,0.9231839007117218,0.16195774442663521,121335,21831,9,4200,147375,0.028559796437659032,5.551115123125783e-17
HIKARI-2021-noID__imbalanced__all__GNB__seed46,HIKARI-2021-noID,46,all,imbalanced,GNB,ML,50,309485,309485,34388,,,200,0.060787200927734375,0.014382362365722656,0.7230641841888428,0.07516956329345703,2026-09-02T00:17:03.266190+00:00,gpu1.nitsri.ac.in,0.8513112807463953,0.9228934548851071,0.16099877450980393,0.9988120693751484,0.27729956136011347,0.5804787709086133,0.9228934548851071,0.597215217905172,0.36896582754748736,0.9233470119521291,0.16150302264308333,121258,21908,5,4204,147375,0.028559796437659032,0.0
HIKARI-2021-noID__imbalanced__all__GRU__seed42,HIKARI-2021-noID,42,all,imbalanced,GRU,DL,51,309485,309485,34388,,81.0,200,44.74657678604126,0.42223548889160156,0.954512357711792,45.16881227493286,2026-09-01T22:16:04.693700+00:00,gpu1.nitsri.ac.in,0.9945648854961832,0.9947812352146548,0.8429951690821256,0.9950106913756237,0.9127165740438051,0.9214238522104892,0.9947812352146548,0.9549558435135876,0.9132636292892079,0.9991803920920831,0.9767314926596508,142386,780,21,4188,147375,0.028559796437659032,1.1102230246251565e-16
HIKARI-2021-noID__imbalanced__all__GRU__seed43,HIKARI-2021-noID,43,all,imbalanced,GRU,DL,50,309485,309485,34388,,77.0,200,42.87305545806885,0.4257361888885498,0.7573540210723877,43.2987916469574,2026-09-01T22:46:57.752437+00:00,gpu1.nitsri.ac.in,0.9944088210347752,0.994124405814387,0.839791206585023,0.9938227607507721,0.9103373231773667,0.9198043073109392,0.994124405814387,0.953725882487969,0.9109018693763631,0.9992459628488956,0.9766141306176379,142368,798,26,4183,147375,0.028559796437659032,1.1102230246251565e-16
HIKARI-2021-noID__imbalanced__all__GRU__seed44,HIKARI-2021-noID,44,all,imbalanced,GRU,DL,51,309485,309485,34388,,82.0,200,44.974369764328,0.4225153923034668,0.7307803630828857,45.39688515663147,2026-09-01T23:18:32.688307+00:00,gpu1.nitsri.ac.in,0.9942052586938083,0.9937890311083291,0.8350309566606751,0.9933475885008316,0.9073350694444444,0.91741714162546,0.9937890311083291,0.9521720910972948,0.908000013064414,0.9991063146613632,0.9778067936186391,142340,826,28,4181,147375,0.028559796437659032,0.0
HIKARI-2021-noID__imbalanced__all__GRU__seed45,HIKARI-2021-noID,45,all,imbalanced,GRU,DL,52,309485,309485,34388,,78.0,200,43.02716255187988,0.41387414932250977,0.7454099655151367,43.44103670120239,2026-09-01T23:49:53.934858+00:00,gpu1.nitsri.ac.in,0.9940220525869381,0.9923111276186387,0.8321357285429142,0.9904965550011879,0.9044364898579021,0.9159273803041899,0.9923111276186387,0.9506755052614544,0.9050208342464213,0.9990688909385227,0.9724145479200043,142325,841,40,4169,147375,0.028559796437659032,1.1102230246251565e-16
HIKARI-2021-noID__imbalanced__all__GRU__seed46,HIKARI-2021-noID,46,all,imbalanced,GRU,DL,50,309485,309485,34388,,57.0,200,31.64102554321289,0.42067575454711914,0.7230641841888428,32.06170129776001,2026-09-02T00:18:19.486596+00:00,gpu1.nitsri.ac.in,0.994117048346056,0.994204831719752,0.8323389021479713,0.9942979330007128,0.9061383566092888,0.9160851500349754,0.994204831719752,0.9515508586484466,0.9069317318390019,0.9990876799673906,0.9763910445640012,142323,843,24,4185,147375,0.028559796437659032,0.0
HIKARI-2021-noID__imbalanced__all__KNN__seed42,HIKARI-2021-noID,42,all,imbalanced,KNN,ML,51,309485,309485,34388,,,200,0.014411211013793945,11.19862675666809,0.954512357711792,11.213037967681885,2026-09-01T22:14:57.448603+00:00,gpu1.nitsri.ac.in,0.9939541984732825,0.9500761787086169,0.886893656716418,0.9035400332620575,0.8951394609862304,0.9420281110743187,0.9500761787086169,0.9460134149261168,0.8920679864542108,0.987943382041194,0.9234263942013314,142681,485,406,3803,147375,0.028559796437659032,1.1102230246251565e-16
HIKARI-2021-noID__imbalanced__all__KNN__seed43,HIKARI-2021-noID,43,all,imbalanced,KNN,ML,50,309485,309485,34388,,,200,0.013910293579101562,11.154242515563965,0.7573540210723877,11.168152809143066,2026-09-01T22:45:52.766592+00:00,gpu1.nitsri.ac.in,0.9933842239185751,0.9475921013153028,0.8730964467005076,0.8990258968876218,0.8858714737211753,0.9350626353020718,0.9475921013153028,0.9412324242232307,0.8825658029600455,0.9869094793013787,0.9184231635741106,142616,550,425,3784,147375,0.028559796437659032,1.1102230246251565e-16
HIKARI-2021-noID__imbalanced__all__KNN__seed44,HIKARI-2021-noID,44,all,imbalanced,KNN,ML,51,309485,309485,34388,,,200,0.014303445816040039,11.105274438858032,0.7307803630828857,11.119577884674072,2026-09-01T23:17:25.871432+00:00,gpu1.nitsri.ac.in,0.9939745547073792,0.9515855640276784,0.8851774530271399,0.9066286528866714,0.895774647887324,0.9412152153577236,0.9515855640276784,0.9463361238598134,0.89274054883804,0.9875817961254155,0.9226992697513121,142671,495,393,3816,147375,0.028559796437659032,1.1102230246251565e-16
HIKARI-2021-noID__imbalanced__all__KNN__seed45,HIKARI-2021-noID,45,all,imbalanced,KNN,ML,52,309485,309485,34388,,,200,0.013854026794433594,11.29861068725586,0.7454099655151367,11.312464714050293,2026-09-01T23:48:49.616535+00:00,gpu1.nitsri.ac.in,0.9936284987277354,0.951061547272644,0.8753443526170799,0.9059158945117605,0.8903677758318739,0.9362877448693605,0.951061547272644,0.9435433407174465,0.8872262964021441,0.987632719173051,0.9116477503658532,142623,543,396,3813,147375,0.028559796437659032,0.0
HIKARI-2021-noID__imbalanced__all__KNN__seed46,HIKARI-2021-noID,46,all,imbalanced,KNN,ML,50,309485,309485,34388,,,200,0.03319811820983887,11.036770343780518,0.7230641841888428,11.069968461990356,2026-09-02T00:17:25.387434+00:00,gpu1.nitsri.ac.in,0.9936013570822732,0.9477038596936886,0.8795908879590888,0.8990258968876218,0.8892022089061214,0.9383101882010257,0.9477038596936886,0.9429538795815373,0.8859642498445777,0.9891143034670186,0.9186133703584245,142648,518,425,3784,147375,0.028559796437659032,0.0
HIKARI-2021-noID__imbalanced__all__LSTM__seed42,HIKARI-2021-noID,42,all,imbalanced,LSTM,DL,51,309485,309485,34388,,84.0,200,41.38525891304016,0.3853168487548828,0.954512357711792,41.770575761795044,2026-09-01T22:16:46.926143+00:00,gpu1.nitsri.ac.in,0.9944970313825275,0.9942851082687668,0.8418511066398391,0.9940603468757424,0.911646148817954,0.9208377755031294,0.9942851082687668,0.9544031122979784,0.9121706976836108,0.999191495077213,0.974728965304749,142380,786,25,4184,147375,0.028559796437659032,1.1102230246251565e-16
HIKARI-2021-noID__imbalanced__all__LSTM__seed43,HIKARI-2021-noID,43,all,imbalanced,LSTM,DL,50,309485,309485,34388,,58.0,200,30.500239849090576,0.37232112884521484,0.7573540210723877,30.87256097793579,2026-09-01T22:47:29.089347+00:00,gpu1.nitsri.ac.in,0.994225614927905,0.9932230053904997,0.8362034441329596,0.99215965787598,0.9075301532109095,0.9179858358176123,0.9932230053904997,0.9522749541387505,0.9080974180177427,0.9990632004615762,0.9734010421975082,142348,818,33,4176,147375,0.028559796437659032,1.1102230246251565e-16
HIKARI-2021-noID__imbalanced__all__LSTM__seed44,HIKARI-2021-noID,44,all,imbalanced,LSTM,DL,51,309485,309485,34388,,97.0,200,48.00573706626892,0.3725883960723877,0.7307803630828857,48.37832546234131,2026-09-01T23:19:21.525146+00:00,gpu1.nitsri.ac.in,0.9942459711620018,0.9934640839647946,0.8364364364364364,0.9926348301259207,0.9078661451542808,0.9181093546137793,0.9934640839647946,0.9524481979860062,0.9084535203775703,0.9990460178432314,0.9760447718620616,142349,817,31,4178,147375,0.028559796437659032,0.0
HIKARI-2021-noID__imbalanced__all__LSTM__seed45,HIKARI-2021-noID,45,all,imbalanced,LSTM,DL,52,309485,309485,34388,,84.0,200,41.79988741874695,0.37755751609802246,0.7454099655151367,42.17744493484497,2026-09-01T23:50:36.575988+00:00,gpu1.nitsri.ac.in,0.9940559796437659,0.9925591910915827,0.832701137951687,0.9909717272511286,0.9049685398134085,0.916217110144381,0.9925591910915827,0.9509502912283074,0.9055640520497542,0.9990326388332743,0.9748529999511868,142328,838,38,4171,147375,0.028559796437659032,0.0
HIKARI-2021-noID__imbalanced__all__LSTM__seed46,HIKARI-2021-noID,46,all,imbalanced,LSTM,DL,50,309485,309485,34388,,65.0,200,33.828487157821655,0.3751189708709717,0.7230641841888428,34.20360612869263,2026-09-02T00:18:54.150362+00:00,gpu1.nitsri.ac.in,0.9941441899915182,0.9934116972249262,0.833932135728543,0.9926348301259207,0.9063889792819178,0.9168571927896394,0.9934116972249262,0.9516832701936835,0.9070440231758417,0.9989870652322523,0.9736767785941047,142334,832,31,4178,147375,0.028559796437659032,1.1102230246251565e-16
HIKARI-2021-noID__imbalanced__all__MLP__seed42,HIKARI-2021-noID,42,all,imbalanced,MLP,DL,51,309485,309485,34388,,54.0,200,9.64923357963562,0.12506389617919922,0.954512357711792,9.77429747581482,2026-09-01T22:16:57.168328+00:00,gpu1.nitsri.ac.in,0.9943613231552163,0.9937540568296332,0.8390204737053393,0.9931100023758612,0.9095854640409096,0.9194084060042431,0.9937540568296332,0.953337691205772,0.9101309838326458,0.9990317319083251,0.9756390752639986,142364,802,29,4180,147375,0.028559796437659032,1.1102230246251565e-16
HIKARI-2021-noID__imbalanced__all__MLP__seed43,HIKARI-2021-noID,43,all,imbalanced,MLP,DL,50,309485,309485,34388,,91.0,200,15.787867307662964,0.13601970672607422,0.7573540210723877,15.923887014389038,2026-09-01T22:47:45.473220+00:00,gpu1.nitsri.ac.in,0.9945445292620865,0.99454015664036,0.8427622307227702,0.994535519125683,0.9123801220575414,0.9213003614711542,0.99454015664036,0.9547823698524032,0.912907326631975,0.9992059843027074,0.976962294835341,142385,781,23,4186,147375,0.028559796437659032,0.0
HIKARI-2021-noID__imbalanced__all__MLP__seed44,HIKARI-2021-noID,44,all,imbalanced,MLP,DL,51,309485,309485,34388,,57.0,200,10.276323795318604,0.1304173469543457,0.7307803630828857,10.40674114227295,2026-09-01T23:19:32.386287+00:00,gpu1.nitsri.ac.in,0.9941034775233248,0.9912000308789275,0.8354760948171956,0.9881206937514849,0.9054098182213998,0.9175624819121337,0.9912000308789275,0.951183353446976,0.9057741528860751,0.9986621380028979,0.973952506805896,142347,819,50,4159,147375,0.028559796437659032,0.0
HIKARI-2021-noID__imbalanced__all__MLP__seed45,HIKARI-2021-noID,45,all,imbalanced,MLP,DL,52,309485,309485,34388,,79.0,200,13.91884994506836,0.12838268280029297,0.7454099655151367,14.047232627868652,2026-09-01T23:50:51.082174+00:00,gpu1.nitsri.ac.in,0.9941306191687871,0.9931741110999559,0.8338658146964856,0.99215965787598,0.9061516762504068,0.9168170097034234,0.9931741110999559,0.9515611270410205,0.9067819103882202,0.9988611354254953,0.9719923789249533,142334,832,33,4176,147375,0.028559796437659032,0.0
HIKARI-2021-noID__imbalanced__all__MLP__seed46,HIKARI-2021-noID,46,all,imbalanced,MLP,DL,50,309485,309485,34388,,78.0,200,13.736703157424927,0.13492345809936523,0.7230641841888428,13.871626615524292,2026-09-02T00:19:08.470203+00:00,gpu1.nitsri.ac.in,0.9942595419847329,0.994508774381889,0.8355617641189383,0.9947731052506533,0.9082429501084599,0.9177036153347353,0.994508774381889,0.9526400195154074,0.9089732732573913,0.9990485469440966,0.9759797184024653,142342,824,22,4187,147375,0.028559796437659032,0.0
HIKARI-2021-noID__imbalanced__all__RF__seed42,HIKARI-2021-noID,42,all,imbalanced,RF,ML,51,309485,309485,34388,,,200,2.3379523754119873,0.05687236785888672,0.954512357711792,2.394824743270874,2026-09-01T22:14:34.817071+00:00,gpu1.nitsri.ac.in,0.9948227311280746,0.9672418011304463,0.887191011235955,0.9379900213827512,0.9118835893290218,0.9426824393244669,0.9672418011304463,0.9546083028734375,0.909592744647369,0.9994468015033892,0.9816465057403575,142664,502,261,3948,147375,0.028559796437659032,0.0
HIKARI-2021-noID__imbalanced__all__RF__seed43,HIKARI-2021-noID,43,all,imbalanced,RF,ML,50,309485,309485,34388,,,200,2.507835865020752,0.07678079605102539,0.7573540210723877,2.5846166610717773,2026-09-01T22:45:30.340816+00:00,gpu1.nitsri.ac.in,0.9948091603053435,0.9744987548609144,0.8761467889908257,0.9529579472558802,0.9129395698190509,0.9373801026195331,0.9744987548609144,0.9551321992778179,0.9111230742197399,0.9994419822718194,0.9816715308958144,142599,567,198,4011,147375,0.028559796437659032,0.0
HIKARI-2021-noID__imbalanced__all__RF__seed44,HIKARI-2021-noID,44,all,imbalanced,RF,ML,51,309485,309485,34388,,,200,2.3816800117492676,0.04803204536437988,0.7307803630828857,2.4297120571136475,2026-09-01T23:17:03.448395+00:00,gpu1.nitsri.ac.in,0.9947616624257846,0.9721682954524307,0.8781078107810781,0.9482062247564742,0.9118117432031072,0.9382907603929895,0.9721682954524307,0.9545562023754106,0.9098285580202625,0.9990846812237796,0.9812502445032221,142612,554,218,3991,147375,0.028559796437659032,1.1102230246251565e-16
HIKARI-2021-noID__imbalanced__all__RF__seed45,HIKARI-2021-noID,45,all,imbalanced,RF,ML,52,309485,309485,34388,,,200,2.30074143409729,0.04654264450073242,0.7454099655151367,2.3472840785980225,2026-09-01T23:48:26.839590+00:00,gpu1.nitsri.ac.in,0.9946055979643766,0.9687442513363087,0.8784922394678493,0.9413162271323354,0.908819818786558,0.9383816672788097,0.9687442513363087,0.9530201998862675,0.9066176403052577,0.9991620569405685,0.9800399760139965,142618,548,247,3962,147375,0.028559796437659032,1.1102230246251565e-16
HIKARI-2021-noID__imbalanced__all__RF__seed46,HIKARI-2021-noID,46,all,imbalanced,RF,ML,50,309485,309485,34388,,,200,2.351576328277588,0.056929588317871094,0.7230641841888428,2.408505916595459,2026-09-02T00:17:03.084054+00:00,gpu1.nitsri.ac.in,0.9947073791348601,0.9768676809974184,0.8699029126213592,0.9579472558802566,0.9118046132971506,0.934331447903786,0.9768676809974184,0.9545382219494084,0.9102057577188346,0.9994218349299211,0.9809710565167857,142563,603,177,4032,147375,0.028559796437659032,0.0
HIKARI-2021-noID__imbalanced__all__SVM__seed42,HIKARI-2021-noID,42,all,imbalanced,SVM,ML,51,309485,100000,34388,100000.0,,200,4.609439373016357,7.315169334411621,0.954512357711792,11.924608707427979,2026-09-01T22:15:16.901100+00:00,gpu1.nitsri.ac.in,0.9901815097540289,0.9752300209769003,0.759879563417388,0.9593727726300784,0.8480520844271763,0.8793379275756104,0.9752300209769003,0.9214894660829974,0.8491708221061088,0.9958636455780181,0.7719829620100076,141890,1276,171,4038,147375,0.028559796437659032,0.0
HIKARI-2021-noID__imbalanced__all__SVM__seed43,HIKARI-2021-noID,43,all,imbalanced,SVM,ML,50,309485,100000,34388,100000.0,,200,4.434630393981934,7.184324741363525,0.7573540210723877,11.618955135345459,2026-09-01T22:46:11.896789+00:00,gpu1.nitsri.ac.in,0.9899100932994063,0.9734761144196695,0.7555388659406684,0.9560465668804942,0.8440482433141059,0.8771182492238805,0.9734761144196695,0.9194173162646297,0.8451188870668351,0.995726326519793,0.7717135250386966,141864,1302,185,4024,147375,0.028559796437659032,0.0
HIKARI-2021-noID__imbalanced__all__SVM__seed44,HIKARI-2021-noID,44,all,imbalanced,SVM,ML,51,309485,100000,34388,100000.0,,200,4.790856838226318,6.913126230239868,0.7307803630828857,11.703983068466187,2026-09-01T23:17:44.778531+00:00,gpu1.nitsri.ac.in,0.9905750636132316,0.9768161903956518,0.7670454545454546,0.962223806129722,0.853619981030667,0.8829632424210436,0.9768161903956518,0.9243753780025821,0.8546416191896309,0.9961300110121765,0.810038073160615,141936,1230,159,4050,147375,0.028559796437659032,1.1102230246251565e-16
HIKARI-2021-noID__imbalanced__all__SVM__seed45,HIKARI-2021-noID,45,all,imbalanced,SVM,ML,52,309485,100000,34388,100000.0,,200,5.3817644119262695,6.423494577407837,0.7454099655151367,11.805258989334106,2026-09-01T23:49:07.858824+00:00,gpu1.nitsri.ac.in,0.9902154368108567,0.9793983052973043,0.7571083441739453,0.9679258731290092,0.8496350364963504,0.8780787998881474,0.9793983052973043,0.9222891131422697,0.8514701073677609,0.9957919893796883,0.8023855375806794,141859,1307,135,4074,147375,0.028559796437659032,1.1102230246251565e-16
HIKARI-2021-noID__imbalanced__all__SVM__seed46,HIKARI-2021-noID,46,all,imbalanced,SVM,ML,50,309485,100000,34388,100000.0,,200,5.2386345863342285,7.0666422843933105,0.7230641841888428,12.305276870727539,2026-09-02T00:17:44.907716+00:00,gpu1.nitsri.ac.in,0.9903715012722646,0.9807469383765357,0.7592936802973977,0.9705393205036826,0.852017937219731,0.8792102050559139,0.9807469383765357,0.9235209004659046,0.8539417897767245,0.9963130638146215,0.8072535366549681,141871,1295,124,4085,147375,0.028559796437659032,1.1102230246251565e-16
HIKARI-2021-noID__imbalanced__all__SimpleRNN__seed42,HIKARI-2021-noID,42,all,imbalanced,SimpleRNN,DL,51,309485,309485,34388,,46.0,200,16.148792028427124,0.2379302978515625,0.954512357711792,16.386722326278687,2026-09-01T22:17:14.048005+00:00,gpu1.nitsri.ac.in,0.9946191687871078,0.9941173711302878,0.8451899757477769,0.9935851746258019,0.913399585016927,0.9225002024750526,0.9941173711302878,0.9553114531584094,0.9138154941759025,0.999344850858673,0.9782801750537791,142400,766,27,4182,147375,0.028559796437659032,0.0
HIKARI-2021-noID__imbalanced__all__SimpleRNN__seed43,HIKARI-2021-noID,43,all,imbalanced,SimpleRNN,DL,50,309485,309485,34388,,78.0,200,26.717458486557007,0.24010753631591797,0.7573540210723877,26.957566022872925,2026-09-01T22:48:12.909777+00:00,gpu1.nitsri.ac.in,0.9945377438507209,0.9946519648041959,0.8424547283702213,0.9947731052506533,0.91229981479464,0.9211501197063353,0.9946519648041959,0.9547404505547135,0.9128477073209115,0.9991970196026592,0.9774499190644121,142383,783,22,4187,147375,0.028559796437659032,1.1102230246251565e-16
HIKARI-2021-noID__imbalanced__all__SimpleRNN__seed44,HIKARI-2021-noID,44,all,imbalanced,SimpleRNN,DL,51,309485,309485,34388,,62.0,200,21.50044536590576,0.2446906566619873,0.7307803630828857,21.74513602256775,2026-09-01T23:19:54.627557+00:00,gpu1.nitsri.ac.in,0.9943273960983885,0.9931600915172075,0.8388587502511553,0.9919220717510098,0.9089919442630089,0.9193099914263684,0.9931600915172075,0.9530322021885145,0.9094766709397385,0.9991065660778864,0.9766091483618499,142364,802,34,4175,147375,0.028559796437659032,0.0
HIKARI-2021-noID__imbalanced__all__SimpleRNN__seed45,HIKARI-2021-noID,45,all,imbalanced,SimpleRNN,DL,52,309485,309485,34388,,58.0,200,20.35463547706604,0.23391103744506836,0.7454099655151367,20.58854651451111,2026-09-01T23:51:12.140057+00:00,gpu1.nitsri.ac.in,0.994225614927905,0.9927618029378573,0.8367428800641797,0.9912093133760989,0.9074497009244155,0.9182415142653523,0.9927618029378573,0.9522347697422063,0.9079503128098025,0.9989293979156433,0.9748605893498206,142352,814,37,4172,147375,0.028559796437659032,0.0
HIKARI-2021-noID__imbalanced__all__SimpleRNN__seed46,HIKARI-2021-noID,46,all,imbalanced,SimpleRNN,DL,50,309485,309485,34388,,65.0,200,22.289753198623657,0.23565149307250977,0.7230641841888428,22.525404691696167,2026-09-02T00:19:31.458090+00:00,gpu1.nitsri.ac.in,0.994225614927905,0.9949525145879086,0.8341958598726115,0.9957234497505346,0.9078306076031626,0.9170347059336643,0.9949525145879086,0.9524250247639058,0.9086525768901912,0.9991517347572477,0.9735941966117792,142333,833,18,4191,147375,0.028559796437659032,0.0
HIKARI-2021-noID__imbalanced__top10__CNN__seed42,HIKARI-2021-noID,42,top10,imbalanced,CNN,DL,10,309485,309485,34388,,77.0,200,50.034688234329224,0.20224690437316895,0.5111093521118164,50.23693513870239,2026-09-01T22:28:40.481278+00:00,gpu1.nitsri.ac.in,0.994442748091603,0.9939112668346886,0.8409090909090909,0.9933475885008316,0.9107940311512908,0.9203562329189949,0.9939112668346886,0.9539630363972331,0.9113038560718992,0.9991334203496707,0.977769879963592,142375,791,28,4181,147375,0.028559796437659032,1.1102230246251565e-16
HIKARI-2021-noID__imbalanced__top10__CNN__seed43,HIKARI-2021-noID,43,top10,imbalanced,CNN,DL,10,309485,309485,34388,,55.0,200,36.05170178413391,0.2064201831817627,0.5225811004638672,36.258121967315674,2026-09-01T22:58:19.521589+00:00,gpu1.nitsri.ac.in,0.9940152671755725,0.9927688376219566,0.8314405260011954,0.9914468995010691,0.9044213263979194,0.9155938194365751,0.9927688376219566,0.9506661237238929,0.9050783023067793,0.9987585989719828,0.9738222483523947,142320,846,36,4173,147375,0.028559796437659032,1.1102230246251565e-16
HIKARI-2021-noID__imbalanced__top10__CNN__seed44,HIKARI-2021-noID,44,top10,imbalanced,CNN,DL,10,309485,309485,34388,,46.0,200,28.924153327941895,0.20313334465026855,0.5210797786712646,29.127286672592163,2026-09-01T23:29:56.951053+00:00,gpu1.nitsri.ac.in,0.9937709923664122,0.9910289008620241,0.8273324050129301,0.9881206937514849,0.900606323083586,0.9134905765756476,0.9910289008620241,0.9486955345953035,0.901189931885049,0.9983786555012373,0.9732319901069969,142298,868,50,4159,147375,0.028559796437659032,1.1102230246251565e-16
HIKARI-2021-noID__imbalanced__top10__CNN__seed45,HIKARI-2021-noID,45,top10,imbalanced,CNN,DL,10,309485,309485,34388,,63.0,200,41.161898612976074,0.20449423789978027,0.513803243637085,41.366392850875854,2026-09-02T00:00:34.245073+00:00,gpu1.nitsri.ac.in,0.9939202714164547,0.9902986304550403,0.8318974153476257,0.9864575908766928,0.9026086956521739,0.9157485447341567,0.9902986304550403,0.9497354457073688,0.902974954462931,0.9984839591960177,0.9750494583725547,142327,839,57,4152,147375,0.028559796437659032,1.1102230246251565e-16
HIKARI-2021-noID__imbalanced__top10__CNN__seed46,HIKARI-2021-noID,46,top10,imbalanced,CNN,DL,10,309485,309485,34388,,58.0,200,37.14990758895874,0.20551443099975586,0.5203132629394531,37.355422019958496,2026-09-02T00:29:26.565531+00:00,gpu1.nitsri.ac.in,0.9940899067005937,0.9928072545645268,0.8332667731629393,0.9914468995010691,0.9055007052186178,0.9165069527871212,0.9928072545645268,0.9512251348586461,0.9061073841660451,0.9990228759065096,0.976338893248722,142331,835,36,4173,147375,0.028559796437659032,1.1102230246251565e-16
HIKARI-2021-noID__imbalanced__top10__DT__seed42,HIKARI-2021-noID,42,top10,imbalanced,DT,ML,10,309485,309485,34388,,,200,0.7255187034606934,0.0033431053161621094,0.5111093521118164,0.7288618087768555,2026-09-01T22:23:43.063547+00:00,gpu1.nitsri.ac.in,0.9948227311280746,0.9821155802281625,0.8659728122344945,0.9686386315039202,0.9144331053044746,0.9325237903756953,0.9821155802281625,0.9558818572181902,0.9132939464585593,0.9845341466072044,0.9211145746224574,142535,631,132,4077,147375,0.028559796437659032,0.0
HIKARI-2021-noID__imbalanced__top10__DT__seed43,HIKARI-2021-noID,43,top10,imbalanced,DT,ML,10,309485,309485,34388,,,200,0.8806874752044678,0.003487825393676758,0.5225811004638672,0.8841753005981445,2026-09-01T22:53:05.857819+00:00,gpu1.nitsri.ac.in,0.9945309584393554,0.9722801534017169,0.8712633646083352,0.9486813970064149,0.9083257506824386,0.9348753374108962,0.9722801534017169,0.9527535774723015,0.9063840048523395,0.9748753660255333,0.8932867816202743,142576,590,216,3993,147375,0.028559796437659032,1.1102230246251565e-16
HIKARI-2021-noID__imbalanced__top10__DT__seed44,HIKARI-2021-noID,44,top10,imbalanced,DT,ML,10,309485,309485,34388,,,200,0.8964159488677979,0.0036225318908691406,0.5210797786712646,0.900038480758667,2026-09-01T23:25:13.209476+00:00,gpu1.nitsri.ac.in,0.9941441899915182,0.9480985562528141,0.8960700757575758,0.8992634830125921,0.8976639392861377,0.9465540842005041,0.9480985562528141,0.9473248988089933,0.8946513073126164,0.9491626563573878,0.8105332988051434,142727,439,424,3785,147375,0.028559796437659032,1.1102230246251565e-16
HIKARI-2021-noID__imbalanced__top10__DT__seed45,HIKARI-2021-noID,45,top10,imbalanced,DT,ML,10,309485,309485,34388,,,200,0.8029642105102539,0.0034003257751464844,0.513803243637085,0.8063645362854004,2026-09-01T23:56:01.200360+00:00,gpu1.nitsri.ac.in,0.9941916878710771,0.9497372119823342,0.8949352179034158,0.9025896887621763,0.898746155665957,0.9460353445766643,0.9497372119823342,0.9478781215639422,0.8957649073623922,0.9516285778268079,0.813828269795248,142720,446,410,3799,147375,0.028559796437659032,0.0
HIKARI-2021-noID__imbalanced__top10__DT__seed46,HIKARI-2021-noID,46,top10,imbalanced,DT,ML,10,309485,309485,34388,,,200,0.8491332530975342,0.003650188446044922,0.5203132629394531,0.8527834415435791,2026-09-02T00:24:46.197519+00:00,gpu1.nitsri.ac.in,0.9944563189143342,0.9737406444302343,0.8670995670995671,0.9517700166310288,0.9074640389625099,0.9328387751787983,0.9737406444302343,0.9523033031575152,0.905656270971713,0.9760250315534374,0.8860213373962593,142552,614,203,4006,147375,0.028559796437659032,0.0
HIKARI-2021-noID__imbalanced__top10__GNB__seed42,HIKARI-2021-noID,42,top10,imbalanced,GNB,ML,10,309485,309485,34388,,,200,0.026763200759887695,0.0040912628173828125,0.5111093521118164,0.030854463577270508,2026-09-01T22:23:44.850035+00:00,gpu1.nitsri.ac.in,0.5171704834605598,0.7476828631779632,0.055458167330677294,0.99215965787598,0.10504471191940536,0.5275001554655467,0.7476828631779632,0.38722624601782357,0.16506140970615432,0.9581424696086462,0.33286003664245284,72042,71124,33,4176,147375,0.028559796437659032,0.0
HIKARI-2021-noID__imbalanced__top10__GNB__seed43,HIKARI-2021-noID,43,top10,imbalanced,GNB,ML,10,309485,309485,34388,,,200,0.027034759521484375,0.0041010379791259766,0.5225811004638672,0.03113579750061035,2026-09-01T22:53:07.824642+00:00,gpu1.nitsri.ac.in,0.5258490245971162,0.7542251169009664,0.05663205368837517,0.9964362081254454,0.10717297421613473,0.5282137327281451,0.7542251169009664,0.3921934973259125,0.1693828739988234,0.9354402056216091,0.19146387940504303,73303,69863,15,4194,147375,0.028559796437659032,0.0
HIKARI-2021-noID__imbalanced__top10__GNB__seed44,HIKARI-2021-noID,44,top10,imbalanced,GNB,ML,10,309485,309485,34388,,,200,0.026467561721801758,0.003780364990234375,0.5210797786712646,0.030247926712036133,2026-09-01T23:25:15.001207+00:00,gpu1.nitsri.ac.in,0.6390771840542833,0.8118118151009407,0.07301509815544475,0.9950106913756237,0.13604690824630078,0.536390904443931,0.8118118151009407,0.4539692563471547,0.21304566616410675,0.9613695898661676,0.29874875957532265,89996,53170,21,4188,147375,0.028559796437659032,0.0
HIKARI-2021-noID__imbalanced__top10__GNB__seed45,HIKARI-2021-noID,45,top10,imbalanced,GNB,ML,10,309485,309485,34388,,,200,0.026633501052856445,0.004172086715698242,0.513803243637085,0.030805587768554688,2026-09-01T23:56:03.089310+00:00,gpu1.nitsri.ac.in,0.48516369804919424,0.7314395809403335,0.05221129453518451,0.9926348301259207,0.0992045589457438,0.5258755198809486,0.7314395809403335,0.36939612328818633,0.15477234220441324,0.9641715863569771,0.3387442680431408,67323,75843,31,4178,147375,0.028559796437659032,0.0
HIKARI-2021-noID__imbalanced__top10__GNB__seed46,HIKARI-2021-noID,46,top10,imbalanced,GNB,ML,10,309485,309485,34388,,,200,0.0267333984375,0.003866434097290039,0.5203132629394531,0.03059983253479004,2026-09-02T00:24:48.020470+00:00,gpu1.nitsri.ac.in,0.4845258693808312,0.7334173029670366,0.052373526292807684,0.9973865526253267,0.09952112275378124,0.526104942259763,0.7334173029670366,0.3692162285790809,0.15611976449359752,0.9668324427562662,0.3531173724624157,67209,75957,11,4198,147375,0.028559796437659032,1.3877787807814457e-17
HIKARI-2021-noID__imbalanced__top10__GRU__seed42,HIKARI-2021-noID,42,top10,imbalanced,GRU,DL,10,309485,309485,34388,,144.0,200,76.2250463962555,0.3899877071380615,0.5111093521118164,76.61503410339355,2026-09-01T22:25:43.231818+00:00,gpu1.nitsri.ac.in,0.9940763358778626,0.9891106500447386,0.8372422159320663,0.9838441435020194,0.9046422719825232,0.9183823925358889,0.9891106500447386,0.9507927478892291,0.9047326322853657,0.9990210769922461,0.9739118679975395,142361,805,68,4141,147375,0.028559796437659032,2.220446049250313e-16
HIKARI-2021-noID__imbalanced__top10__GRU__seed43,HIKARI-2021-noID,43,top10,imbalanced,GRU,DL,10,309485,309485,34388,,128.0,200,69.31988596916199,0.39687371253967285,0.5225811004638672,69.71675968170166,2026-09-01T22:55:13.567428+00:00,gpu1.nitsri.ac.in,0.9930992366412214,0.9859558232393084,0.8164155432196669,0.9783796626277026,0.890089700637631,0.9078880942380733,0.9859558232393084,0.9432637457888204,0.8904281995197042,0.9987939872996721,0.9588471799487361,142240,926,91,4118,147375,0.028559796437659032,0.0
HIKARI-2021-noID__imbalanced__top10__GRU__seed44,HIKARI-2021-noID,44,top10,imbalanced,GRU,DL,10,309485,309485,34388,,192.0,200,100.76072430610657,0.37345004081726074,0.5210797786712646,101.13417434692383,2026-09-01T23:27:23.932083+00:00,gpu1.nitsri.ac.in,0.9935742154368109,0.9890828100210425,0.8246417197452229,0.9843193157519601,0.8974331203292537,0.9120890385295932,0.9890828100210425,0.9470581650427952,0.8978767508804826,0.9989459217065316,0.9692524653367018,142285,881,66,4143,147375,0.028559796437659032,0.0
HIKARI-2021-noID__imbalanced__top10__GRU__seed45,HIKARI-2021-noID,45,top10,imbalanced,GRU,DL,10,309485,309485,34388,,141.0,200,74.14828276634216,0.3912079334259033,0.513803243637085,74.53949069976807,2026-09-01T23:57:49.944843+00:00,gpu1.nitsri.ac.in,0.993492790500424,0.9865042871396147,0.8255208333333334,0.9790924210026134,0.8957721986740572,0.9124513910105139,0.9865042871396147,0.9462068779074315,0.8959003738436825,0.9988520072632192,0.9688874418517819,142295,871,88,4121,147375,0.028559796437659032,1.1102230246251565e-16
HIKARI-2021-noID__imbalanced__top10__GRU__seed46,HIKARI-2021-noID,46,top10,imbalanced,GRU,DL,10,309485,309485,34388,,135.0,200,72.36749982833862,0.39141392707824707,0.5203132629394531,72.75891375541687,2026-09-02T00:26:44.093296+00:00,gpu1.nitsri.ac.in,0.9936488549618321,0.9881988220583279,0.8274964978987392,0.9824186267521977,0.8983271779274387,0.9134883773399918,0.9881988220583279,0.9475246121335286,0.8985867543029852,0.9990865689220959,0.9692706426985652,142304,862,74,4135,147375,0.028559796437659032,1.1102230246251565e-16
HIKARI-2021-noID__imbalanced__top10__KNN__seed42,HIKARI-2021-noID,42,top10,imbalanced,KNN,ML,10,309485,309485,34388,,,200,0.35160303115844727,4.419594049453735,0.5111093521118164,4.771197080612183,2026-09-01T22:23:54.219315+00:00,gpu1.nitsri.ac.in,0.9942663273960984,0.953004046093401,0.892074592074592,0.9092421002613448,0.9005765384162843,0.9447024251563512,0.953004046093401,0.948812291831644,0.8976680854377632,0.986715168349151,0.9246035305666302,142703,463,382,3827,147375,0.028559796437659032,1.1102230246251565e-16
HIKARI-2021-noID__imbalanced__top10__KNN__seed43,HIKARI-2021-noID,43,top10,imbalanced,KNN,ML,10,309485,309485,34388,,,200,0.3625316619873047,9.941319227218628,0.5225811004638672,10.303850889205933,2026-09-01T22:53:28.123403+00:00,gpu1.nitsri.ac.in,0.9940424088210348,0.9501215805498362,0.8895906432748538,0.9035400332620575,0.8965110796793965,0.9433767332377064,0.9501215805498362,0.9467220011029989,0.8934728556458322,0.9861716738665223,0.9196652208534649,142694,472,406,3803,147375,0.028559796437659032,0.0
HIKARI-2021-noID__imbalanced__top10__KNN__seed44,HIKARI-2021-noID,44,top10,imbalanced,KNN,ML,10,309485,309485,34388,,,200,0.3598933219909668,5.425032377243042,0.5210797786712646,5.784925699234009,2026-09-01T23:25:26.687596+00:00,gpu1.nitsri.ac.in,0.9940016963528414,0.9506771289196918,0.8874388254486134,0.904727963886909,0.896,0.9423181379486505,0.9506771289196918,0.9464558951965065,0.8929561433347148,0.9874439584687519,0.9205537665671305,142683,483,401,3808,147375,0.028559796437659032,1.1102230246251565e-16
HIKARI-2021-noID__imbalanced__top10__KNN__seed45,HIKARI-2021-noID,45,top10,imbalanced,KNN,ML,10,309485,309485,34388,,,200,0.34065937995910645,8.287800550460815,0.513803243637085,8.628459930419922,2026-09-01T23:56:19.974777+00:00,gpu1.nitsri.ac.in,0.9937574215436811,0.9503207995176866,0.8804071246819338,0.9042527916369684,0.8921706516643225,0.938794983642312,0.9503207995176866,0.9444781592668159,0.8890410740976056,0.9875768275374954,0.9149093536898869,142649,517,403,3806,147375,0.028559796437659032,0.0
HIKARI-2021-noID__imbalanced__top10__KNN__seed46,HIKARI-2021-noID,46,top10,imbalanced,KNN,ML,10,309485,309485,34388,,,200,0.4476320743560791,4.241991281509399,0.5203132629394531,4.6896233558654785,2026-09-02T00:24:57.556258+00:00,gpu1.nitsri.ac.in,0.9938795589482612,0.9491153568607621,0.8860611720756479,0.9016393442622951,0.8937823834196891,0.9415839642839873,0.9491153568607621,0.9453156898898081,0.8906674793735156,0.9883536888281985,0.9198522720411109,142678,488,414,3795,147375,0.028559796437659032,0.0
HIKARI-2021-noID__imbalanced__top10__LSTM__seed42,HIKARI-2021-noID,42,top10,imbalanced,LSTM,DL,10,309485,309485,34388,,127.0,200,61.39479374885559,0.36051344871520996,0.5111093521118164,61.7553071975708,2026-09-01T22:26:45.634427+00:00,gpu1.nitsri.ac.in,0.993899915182358,0.9894810488149426,0.8323293172690763,0.9847944880019007,0.9021656328218522,0.9159399316427197,0.9894810488149426,0.949508721909226,0.9024294188123387,0.99887223343208,0.9719106848819518,142331,835,64,4145,147375,0.028559796437659032,0.0
HIKARI-2021-noID__imbalanced__top10__LSTM__seed43,HIKARI-2021-noID,43,top10,imbalanced,LSTM,DL,10,309485,309485,34388,,165.0,200,79.88237619400024,0.37018394470214844,0.5225811004638672,80.25256013870239,2026-09-01T22:56:34.459723+00:00,gpu1.nitsri.ac.in,0.9933842239185751,0.9865637085635823,0.822754491017964,0.9793300071275838,0.8942401561991539,0.9110716928801759,0.9865637085635823,0.9454127328375914,0.8944552920594484,0.9989107325206429,0.9651261602242744,142278,888,87,4122,147375,0.028559796437659032,1.1102230246251565e-16
HIKARI-2021-noID__imbalanced__top10__LSTM__seed44,HIKARI-2021-noID,44,top10,imbalanced,LSTM,DL,10,309485,309485,34388,,124.0,200,61.0332248210907,0.3661684989929199,0.5210797786712646,61.39939332008362,2026-09-01T23:28:25.977555+00:00,gpu1.nitsri.ac.in,0.9931738761662425,0.9865707432476816,0.817568907396391,0.979567593252554,0.8912667531344575,0.9084823431397828,0.9865707432476816,0.9438715428591117,0.8916401904469731,0.9988175374770846,0.9649225819715331,142246,920,86,4123,147375,0.028559796437659032,1.1102230246251565e-16
HIKARI-2021-noID__imbalanced__top10__LSTM__seed45,HIKARI-2021-noID,45,top10,imbalanced,LSTM,DL,10,309485,309485,34388,,139.0,200,68.13325572013855,0.3661212921142578,0.513803243637085,68.49937701225281,2026-09-01T23:58:59.087891+00:00,gpu1.nitsri.ac.in,0.9934724342663274,0.9854561042731957,0.8262005224030541,0.9769541458778808,0.8952754191160461,0.9127596665302535,0.9854561042731957,0.9459533235709938,0.895269120912545,0.9986737098010163,0.9699025462340561,142301,865,97,4112,147375,0.028559796437659032,1.1102230246251565e-16
HIKARI-2021-noID__imbalanced__top10__LSTM__seed46,HIKARI-2021-noID,46,top10,imbalanced,LSTM,DL,10,309485,309485,34388,,129.0,200,62.309478759765625,0.36229801177978516,0.5203132629394531,62.67177677154541,2026-09-02T00:27:47.418458+00:00,gpu1.nitsri.ac.in,0.9933570822731128,0.9862038369268022,0.8224840255591054,0.9786172487526729,0.8937832266464142,0.9109259282936817,0.9862038369268022,0.9451772755759065,0.8939659121668927,0.9990491858573729,0.9682228924756525,142277,889,90,4119,147375,0.028559796437659032,1.1102230246251565e-16
HIKARI-2021-noID__imbalanced__top10__MLP__seed42,HIKARI-2021-noID,42,top10,imbalanced,MLP,DL,10,309485,309485,34388,,125.0,200,19.472151279449463,0.11124181747436523,0.5111093521118164,19.583393096923828,2026-09-01T22:27:05.853275+00:00,gpu1.nitsri.ac.in,0.99380491942324,0.9892015532980775,0.8302605210420841,0.9843193157519601,0.9007500815306011,0.9148984945344565,0.9892015532980775,0.9487763771290324,0.9010415927964479,0.9987886801706911,0.9699325499422083,142319,847,66,4143,147375,0.028559796437659032,0.0
HIKARI-2021-noID__imbalanced__top10__MLP__seed43,HIKARI-2021-noID,43,top10,imbalanced,MLP,DL,10,309485,309485,34388,,159.0,200,24.60378885269165,0.10978484153747559,0.5225811004638672,24.713573694229126,2026-09-01T22:56:59.807030+00:00,gpu1.nitsri.ac.in,0.9926785411365564,0.8826605432156178,0.97166968053044,0.7659776669042528,0.8566493955094991,0.9824160546456389,0.8826605432156178,0.9264463662840805,0.8593057419257368,0.9990853317536609,0.9697625655255168,143072,94,985,3224,147375,0.028559796437659032,0.0
HIKARI-2021-noID__imbalanced__top10__MLP__seed44,HIKARI-2021-noID,44,top10,imbalanced,MLP,DL,10,309485,309485,34388,,142.0,200,22.204360246658325,0.11043405532836914,0.5210797786712646,22.314794301986694,2026-09-01T23:28:48.935578+00:00,gpu1.nitsri.ac.in,0.9936624257845632,0.9861303959200863,0.8302077031659609,0.9781420765027322,0.8981239092495636,0.9147808541669598,0.9861303959200863,0.9474266975007334,0.8980814681447463,0.9988032440743606,0.9697820980589981,142324,842,92,4117,147375,0.028559796437659032,1.1102230246251565e-16
HIKARI-2021-noID__imbalanced__top10__MLP__seed45,HIKARI-2021-noID,45,top10,imbalanced,MLP,DL,10,309485,309485,34388,,108.0,200,16.971039533615112,0.11203193664550781,0.513803243637085,17.08307147026062,2026-09-01T23:59:16.808050+00:00,gpu1.nitsri.ac.in,0.9937845631891433,0.9855014563289648,0.834043416514506,0.9767165597529104,0.8997592471000219,0.9166777182540238,0.9855014563289648,0.9482760494704905,0.8995501965586103,0.9987601854683261,0.9729863656838332,142348,818,98,4111,147375,0.028559796437659032,0.0
HIKARI-2021-noID__imbalanced__top10__MLP__seed46,HIKARI-2021-noID,46,top10,imbalanced,MLP,DL,10,309485,309485,34388,,118.0,200,18.59389352798462,0.11165308952331543,0.5203132629394531,18.705546617507935,2026-09-02T00:28:06.768540+00:00,gpu1.nitsri.ac.in,0.9939745547073792,0.9899806682101551,0.833634719710669,0.9857448325017819,0.9033311561071196,0.9166066827390829,0.9899806682101551,0.950110760219379,0.9036132375951824,0.9990796055971418,0.9744592642099417,142338,828,60,4149,147375,0.028559796437659032,0.0
HIKARI-2021-noID__imbalanced__top10__RF__seed42,HIKARI-2021-noID,42,top10,imbalanced,RF,ML,10,309485,309485,34388,,,200,1.4658033847808838,0.04549384117126465,0.5111093521118164,1.5112972259521484,2026-09-01T22:23:44.708280+00:00,gpu1.nitsri.ac.in,0.9950941475826972,0.9832929837195903,0.8719590268886044,0.9707769066286529,0.9187183811129849,0.9355485061487152,0.9832929837195903,0.9580945633853741,0.9176002116199033,0.9992283064390175,0.9817839547424595,142566,600,123,4086,147375,0.028559796437659032,1.1102230246251565e-16
HIKARI-2021-noID__imbalanced__top10__RF__seed43,HIKARI-2021-noID,43,top10,imbalanced,RF,ML,10,309485,309485,34388,,,200,1.6251699924468994,0.06539154052734375,0.5225811004638672,1.6905615329742432,2026-09-01T22:53:07.681188+00:00,gpu1.nitsri.ac.in,0.9947955894826124,0.9794496963281707,0.868838405486498,0.9631741506296032,0.9135774647887324,0.9338761395867557,0.9794496963281707,0.9554472369855336,0.912188102024816,0.9991884291232441,0.9807146697901163,142554,612,155,4054,147375,0.028559796437659032,1.1102230246251565e-16
HIKARI-2021-noID__imbalanced__top10__RF__seed44,HIKARI-2021-noID,44,top10,imbalanced,RF,ML,10,309485,309485,34388,,,200,1.4805142879486084,0.03508567810058594,0.5210797786712646,1.5155999660491943,2026-09-01T23:25:14.858531+00:00,gpu1.nitsri.ac.in,0.9948023748939779,0.9773777777406046,0.8718945776625621,0.9588976003801378,0.9133288074224938,0.9353413173854962,0.9773777777406046,0.9553248306957736,0.9117505594232569,0.9989574022313248,0.9806828412450922,142573,593,173,4036,147375,0.028559796437659032,0.0
HIKARI-2021-noID__imbalanced__top10__RF__seed45,HIKARI-2021-noID,45,top10,imbalanced,RF,ML,10,309485,309485,34388,,,200,1.57826828956604,0.03508186340332031,0.513803243637085,1.6133501529693604,2026-09-01T23:56:02.947193+00:00,gpu1.nitsri.ac.in,0.9948091603053435,0.9763435646714839,0.8735357917570499,0.9567593252554051,0.9132554711418528,0.936130484748346,0.9763435646714839,0.9552900002431726,0.9115875158577575,0.9990550580512122,0.9801919593981917,142583,583,182,4027,147375,0.028559796437659032,1.1102230246251565e-16
HIKARI-2021-noID__imbalanced__top10__RF__seed46,HIKARI-2021-noID,46,top10,imbalanced,RF,ML,10,309485,309485,34388,,,200,1.5029795169830322,0.03581357002258301,0.5203132629394531,1.5387930870056152,2026-09-02T00:24:47.879421+00:00,gpu1.nitsri.ac.in,0.9945784563189143,0.9757636189418064,0.8677739430543572,0.9558089807555239,0.9096664782362917,0.9332354327045723,0.9757636189418064,0.9534359218274373,0.9080036504713993,0.9993923727303091,0.9800262488927852,142553,613,186,4023,147375,0.028559796437659032,0.0
HIKARI-2021-noID__imbalanced__top10__SVM__seed42,HIKARI-2021-noID,42,top10,imbalanced,SVM,ML,10,309485,100000,34388,100000.0,,200,5.559445142745972,12.77113938331604,0.5111093521118164,18.33058452606201,2026-09-01T22:24:25.970026+00:00,gpu1.nitsri.ac.in,0.9774113655640373,0.6835188150019373,0.6955555555555556,0.3718222855785222,0.48459513856634157,0.8386683893195521,0.6835188150019373,0.7365238892168489,0.4986061431091236,0.9838031966288266,0.5957230904509038,142481,685,2644,1565,147375,0.028559796437659032,0.0
HIKARI-2021-noID__imbalanced__top10__SVM__seed43,HIKARI-2021-noID,43,top10,imbalanced,SVM,ML,10,309485,100000,34388,100000.0,,200,7.396668910980225,13.702763080596924,0.5225811004638672,21.09943199157715,2026-09-01T22:54:03.208982+00:00,gpu1.nitsri.ac.in,0.9731162001696353,0.6489086222813647,0.5532098233520034,0.3050605844618674,0.39326186830015314,0.7665224596236626,0.6489086222813647,0.6897577123056522,0.39843439745885517,0.9784937360295182,0.47568099178408546,142129,1037,2925,1284,147375,0.028559796437659032,0.0
HIKARI-2021-noID__imbalanced__top10__SVM__seed44,HIKARI-2021-noID,44,top10,imbalanced,SVM,ML,10,309485,100000,34388,100000.0,,200,3.01464581489563,6.166900634765625,0.5210797786712646,9.181546449661255,2026-09-01T23:25:42.197998+00:00,gpu1.nitsri.ac.in,0.9642408821034775,0.5226983516804168,0.15075707702435814,0.054407222618199094,0.07995810055865922,0.5617349448307398,0.5226983516804168,0.5308620972446125,0.07486738912875911,0.9811532150313547,0.4103388439291464,141876,1290,3980,229,147375,0.028559796437659032,0.0
HIKARI-2021-noID__imbalanced__top10__SVM__seed45,HIKARI-2021-noID,45,top10,imbalanced,SVM,ML,10,309485,100000,34388,100000.0,,200,2.6642098426818848,5.986073017120361,0.513803243637085,8.650282859802246,2026-09-01T23:56:34.792432+00:00,gpu1.nitsri.ac.in,0.9677150127226463,0.5251782894135552,0.23061825318940138,0.055832739368020905,0.08990053557765876,0.6017326418588511,0.5251782894135552,0.5367332756431548,0.10122161625913137,0.9829791561563358,0.43597582124117235,142382,784,3974,235,147375,0.028559796437659032,0.0
HIKARI-2021-noID__imbalanced__top10__SVM__seed46,HIKARI-2021-noID,46,top10,imbalanced,SVM,ML,10,309485,100000,34388,100000.0,,200,5.848516464233398,13.563453435897827,0.5203132629394531,19.411969900131226,2026-09-02T00:25:30.725627+00:00,gpu1.nitsri.ac.in,0.9737879558948261,0.695489920641893,0.5572089947089947,0.40033262057495844,0.46592008848334027,0.7698619185015625,0.695489920641893,0.7262421806023027,0.459370373586018,0.9811525943727433,0.49870490171745124,141827,1339,2524,1685,147375,0.028559796437659032,5.551115123125783e-17
HIKARI-2021-noID__imbalanced__top10__SimpleRNN__seed42,HIKARI-2021-noID,42,top10,imbalanced,SimpleRNN,DL,10,309485,309485,34388,,137.0,200,42.85307812690735,0.2147693634033203,0.5111093521118164,43.06784749031067,2026-09-01T22:27:49.570317+00:00,gpu1.nitsri.ac.in,0.9944563189143342,0.9933417486675347,0.8419354838709677,0.99215965787598,0.9108954084414876,0.9208518833531716,0.9933417486675347,0.9540172869310781,0.9113151026148508,0.99928025672644,0.9775052827038504,142382,784,33,4176,147375,0.028559796437659032,0.0
HIKARI-2021-noID__imbalanced__top10__SimpleRNN__seed43,HIKARI-2021-noID,43,top10,imbalanced,SimpleRNN,DL,10,309485,309485,34388,,133.0,200,41.90772271156311,0.2172403335571289,0.5225811004638672,42.12496304512024,2026-09-01T22:57:42.584323+00:00,gpu1.nitsri.ac.in,0.9939745547073792,0.9910183737286004,0.8324324324324325,0.9878831076265147,0.9035202086049544,0.9160371180282685,0.9910183737286004,0.9502051884570443,0.903951036516855,0.9991478465135948,0.9704805131243806,142329,837,51,4158,147375,0.028559796437659032,0.0
HIKARI-2021-noID__imbalanced__top10__SimpleRNN__seed44,HIKARI-2021-noID,44,top10,imbalanced,SimpleRNN,DL,10,309485,309485,34388,,123.0,200,37.32952642440796,0.21550464630126953,0.5210797786712646,37.54503107070923,2026-09-01T23:29:27.147255+00:00,gpu1.nitsri.ac.in,0.9937031382527566,0.9876502585871214,0.8294838320947981,0.9812306961273461,0.8989986939486286,0.9144645206149431,0.9876502585871214,0.9478744809207078,0.8991412139437593,0.9981478186237855,0.9715138429312868,142317,849,79,4130,147375,0.028559796437659032,0.0
HIKARI-2021-noID__imbalanced__top10__SimpleRNN__seed45,HIKARI-2021-noID,45,top10,imbalanced,SimpleRNN,DL,10,309485,309485,34388,,110.0,200,34.53304362297058,0.21569538116455078,0.513803243637085,34.74873900413513,2026-09-01T23:59:52.202301+00:00,gpu1.nitsri.ac.in,0.9938184902459711,0.9875943296124783,0.8324596774193549,0.9809931100023759,0.9006434725706184,0.9159489694192235,0.9875943296124783,0.9487267422205781,0.9006983044215582,0.9985305517392519,0.9735094307330063,142335,831,80,4129,147375,0.028559796437659032,0.0
HIKARI-2021-noID__imbalanced__top10__SimpleRNN__seed46,HIKARI-2021-noID,46,top10,imbalanced,SimpleRNN,DL,10,309485,309485,34388,,131.0,200,40.87723088264465,0.21893644332885742,0.5203132629394531,41.09616732597351,2026-09-02T00:28:48.523593+00:00,gpu1.nitsri.ac.in,0.994008481764207,0.9943795537568803,0.8294374009508716,0.9947731052506533,0.9046127255050233,0.9146414136640788,0.9943795537568803,0.9507599150287496,0.9055169508217266,0.9992213124130358,0.975107491449419,142305,861,22,4187,147375,0.028559796437659032,1.1102230246251565e-16
HIKARI-2021-noID__imbalanced__top20__CNN__seed42,HIKARI-2021-noID,42,top20,imbalanced,CNN,DL,20,309485,309485,34388,,67.0,200,55.854593992233276,0.2311263084411621,0.5396723747253418,56.08572030067444,2026-09-01T22:23:41.709465+00:00,gpu1.nitsri.ac.in,0.9946055979643766,0.9952633923632446,0.8434607645875252,0.9959610358755049,0.9133892580891164,0.9216706933783453,0.9952633923632446,0.9553026809826051,0.9139760567164127,0.9992084171517022,0.9790154981840306,142388,778,17,4192,147375,0.028559796437659032,1.1102230246251565e-16
HIKARI-2021-noID__imbalanced__top20__CNN__seed43,HIKARI-2021-noID,43,top20,imbalanced,CNN,DL,20,309485,309485,34388,,41.0,200,36.03057622909546,0.23617339134216309,0.5397112369537354,36.26674962043762,2026-09-01T22:53:04.337445+00:00,gpu1.nitsri.ac.in,0.9943545377438507,0.9930587607013451,0.8396700865017099,0.9916844856260394,0.9093681917211329,0.9197121534443888,0.9930587607013451,0.9532273602090624,0.9098192221064209,0.9990943703021268,0.9771246633285788,142369,797,35,4174,147375,0.028559796437659032,0.0
HIKARI-2021-noID__imbalanced__top20__CNN__seed44,HIKARI-2021-noID,44,top20,imbalanced,CNN,DL,20,309485,309485,34388,,45.0,200,37.69603157043457,0.2332777976989746,0.5366601943969727,37.929309368133545,2026-09-01T23:25:11.672059+00:00,gpu1.nitsri.ac.in,0.9941509754028838,0.9920315823163236,0.8357071213640923,0.989783796626277,0.9062432020883184,0.9177025669324851,0.9920315823163236,0.9516122648719199,0.9066925718133588,0.9989321195202486,0.9771308133522291,142347,819,43,4166,147375,0.028559796437659032,0.0
HIKARI-2021-noID__imbalanced__top20__CNN__seed45,HIKARI-2021-noID,45,top20,imbalanced,CNN,DL,20,309485,309485,34388,,34.0,200,29.741847038269043,0.2302258014678955,0.5420742034912109,29.97207283973694,2026-09-01T23:55:59.763775+00:00,gpu1.nitsri.ac.in,0.9939067005937235,0.9936353633380484,0.8277568798257771,0.9933475885008316,0.9030237580993521,0.9137800728068488,0.9936353633380484,0.9499391444530176,0.9038948535798904,0.9987735404153156,0.9751134759908432,142296,870,28,4181,147375,0.028559796437659032,0.0
HIKARI-2021-noID__imbalanced__top20__CNN__seed46,HIKARI-2021-noID,46,top20,imbalanced,CNN,DL,20,309485,309485,34388,,35.0,200,29.4183828830719,0.2321934700012207,0.5386121273040771,29.65057635307312,2026-09-02T00:24:44.711567+00:00,gpu1.nitsri.ac.in,0.9939677692960136,0.9941279978346118,0.8287128712871287,0.9942979330007128,0.9039853115887245,0.9142721215736539,0.9941279978346118,0.9504356890248319,0.904883316216818,0.9990960953679726,0.975593326028132,142301,865,24,4185,147375,0.028559796437659032,1.1102230246251565e-16
HIKARI-2021-noID__imbalanced__top20__DT__seed42,HIKARI-2021-noID,42,top20,imbalanced,DT,ML,20,309485,309485,34388,,,200,1.9524564743041992,0.004023313522338867,0.5396723747253418,1.956479787826538,2026-09-01T22:18:55.777086+00:00,gpu1.nitsri.ac.in,0.9943273960983885,0.9456562388950442,0.906091981699976,0.8940365882632454,0.9000239177230328,0.9514889674876554,0.9456562388950442,0.9485524005001326,0.8971262456380493,0.9466010339767542,0.8147706309495838,142776,390,446,3763,147375,0.028559796437659032,1.1102230246251565e-16
HIKARI-2021-noID__imbalanced__top20__DT__seed43,HIKARI-2021-noID,43,top20,imbalanced,DT,ML,20,309485,309485,34388,,,200,1.825270652770996,0.004095554351806641,0.5397112369537354,1.8293662071228027,2026-09-01T22:49:27.465793+00:00,gpu1.nitsri.ac.in,0.9943341815097541,0.9495799521918289,0.8997630331753554,0.9021145165122357,0.9009372404792977,0.9484425169020223,0.9495799521918289,0.9490104666288414,0.898021748755774,0.9504045917492359,0.8159294363636437,142743,423,412,3797,147375,0.028559796437659032,0.0
HIKARI-2021-noID__imbalanced__top20__DT__seed44,HIKARI-2021-noID,44,top20,imbalanced,DT,ML,20,309485,309485,34388,,,200,1.821408748626709,0.004024028778076172,0.5366601943969727,1.8254327774047852,2026-09-01T23:21:08.231685+00:00,gpu1.nitsri.ac.in,0.9940627650551315,0.9473648431819558,0.8946496212121212,0.8978379662627702,0.896240958140638,0.945822900036103,0.9473648431819558,0.9465924524424905,0.8931864122602312,0.9481923827418313,0.8076074040611559,142721,445,430,3779,147375,0.028559796437659032,1.1102230246251565e-16
HIKARI-2021-noID__imbalanced__top20__DT__seed45,HIKARI-2021-noID,45,top20,imbalanced,DT,ML,20,309485,309485,34388,,,200,1.829392433166504,0.0036907196044921875,0.5420742034912109,1.833083152770996,2026-09-01T23:52:40.342964+00:00,gpu1.nitsri.ac.in,0.9941102629346904,0.9488881982983154,0.893707282583078,0.9009265858873842,0.89730241362991,0.9453969439771719,0.9488881982983154,0.9471353038048047,0.89427832738916,0.9505412179599472,0.8108632407504758,142715,451,417,3792,147375,0.028559796437659032,0.0
HIKARI-2021-noID__imbalanced__top20__DT__seed46,HIKARI-2021-noID,46,top20,imbalanced,DT,ML,20,309485,309485,34388,,,200,1.9814708232879639,0.004184246063232422,0.5386121273040771,1.9856550693511963,2026-09-02T00:21:00.957254+00:00,gpu1.nitsri.ac.in,0.994225614927905,0.9471027601262634,0.9003338102050549,0.8971252078878593,0.8987266452457455,0.9486548329700517,0.9471027601262634,0.9478773632798378,0.8957562484624885,0.9506584095904541,0.8175040201001059,142748,418,433,3776,147375,0.028559796437659032,1.1102230246251565e-16
HIKARI-2021-noID__imbalanced__top20__GNB__seed42,HIKARI-2021-noID,42,top20,imbalanced,GNB,ML,20,309485,309485,34388,,,200,0.035538434982299805,0.006058931350708008,0.5396723747253418,0.04159736633300781,2026-09-01T22:18:58.101228+00:00,gpu1.nitsri.ac.in,0.4782629346904156,0.7292713673351827,0.05168883077150823,0.9954858636255642,0.0982749117519438,0.5257011553914845,0.7292713673351827,0.36560831930380955,0.15352575078728203,0.8644302913039286,0.09939248058539,66294,76872,19,4190,147375,0.028559796437659032,1.3877787807814457e-17
HIKARI-2021-noID__imbalanced__top20__GNB__seed43,HIKARI-2021-noID,43,top20,imbalanced,GNB,ML,20,309485,309485,34388,,,200,0.034909963607788086,0.006074666976928711,0.5397112369537354,0.0409846305847168,2026-09-01T22:49:29.838654+00:00,gpu1.nitsri.ac.in,0.47399491094147583,0.7275358191626766,0.05133477765945728,0.9964362081254454,0.09763933510266797,0.5255531918628001,0.7275358191626766,0.36322481594102574,0.15250267463521103,0.8703776852359193,0.10342861712703971,65661,77505,15,4194,147375,0.028559796437659032,0.0
HIKARI-2021-noID__imbalanced__top20__GNB__seed44,HIKARI-2021-noID,44,top20,imbalanced,GNB,ML,20,309485,309485,34388,,,200,0.035202980041503906,0.005930662155151367,0.5366601943969727,0.04113364219665527,2026-09-01T23:21:10.460212+00:00,gpu1.nitsri.ac.in,0.4950161153519932,0.7369718198122374,0.05322168064446339,0.9935851746258019,0.10103157538714275,0.5264146136877365,0.7369718198122374,0.3749623918338971,0.15823424503210617,0.8619207187816178,0.10086306765379811,68771,74395,27,4182,147375,0.028559796437659032,1.3877787807814457e-17
HIKARI-2021-noID__imbalanced__top20__GNB__seed45,HIKARI-2021-noID,45,top20,imbalanced,GNB,ML,20,309485,309485,34388,,,200,0.0354459285736084,0.006007194519042969,0.5420742034912109,0.04145312309265137,2026-09-01T23:52:42.784003+00:00,gpu1.nitsri.ac.in,0.49642748091603056,0.73850535356387,0.05344271079188089,0.995248277500594,0.10143839597055405,0.5265764110545675,0.73850535356387,0.3758165311049331,0.15923085523890618,0.8699512778343523,0.10373411111939664,68972,74194,20,4189,147375,0.028559796437659032,1.3877787807814457e-17
HIKARI-2021-noID__imbalanced__top20__GNB__seed46,HIKARI-2021-noID,46,top20,imbalanced,GNB,ML,20,309485,309485,34388,,,200,0.03519940376281738,0.006327629089355469,0.5386121273040771,0.04152703285217285,2026-09-02T00:21:03.263228+00:00,gpu1.nitsri.ac.in,0.47058863443596266,0.7264744132807108,0.05108681108827071,0.9978617248752673,0.09719747286570549,0.5254743468903187,0.7264744132807108,0.3613411426384516,0.151911655454007,0.8413083575462381,0.08753976531891713,65153,78013,9,4200,147375,0.028559796437659032,1.3877787807814457e-17
HIKARI-2021-noID__imbalanced__top20__GRU__seed42,HIKARI-2021-noID,42,top20,imbalanced,GRU,DL,20,309485,309485,34388,,128.0,200,68.12915539741516,0.3853640556335449,0.5396723747253418,68.5145194530487,2026-09-01T22:20:38.558126+00:00,gpu1.nitsri.ac.in,0.9941238337574215,0.991556410066383,0.8355751857056816,0.9888334521263958,0.9057671381936888,0.9176225578092294,0.991556410066383,0.9513672502846858,0.9061678548248009,0.9992192894642467,0.9749469106899584,142347,819,47,4162,147375,0.028559796437659032,1.1102230246251565e-16
HIKARI-2021-noID__imbalanced__top20__GRU__seed43,HIKARI-2021-noID,43,top20,imbalanced,GRU,DL,20,309485,309485,34388,,105.0,200,57.069867849349976,0.3867917060852051,0.5397112369537354,57.45665955543518,2026-09-01T22:51:00.556450+00:00,gpu1.nitsri.ac.in,0.9940966921119593,0.9910812378164424,0.8354430379746836,0.9878831076265147,0.9052906596995428,0.9175424434385279,0.9910812378164424,0.9511220285933105,0.9056428875990672,0.9991240075805716,0.9745014388818932,142347,819,51,4158,147375,0.028559796437659032,0.0
HIKARI-2021-noID__imbalanced__top20__GRU__seed44,HIKARI-2021-noID,44,top20,imbalanced,GRU,DL,20,309485,309485,34388,,112.0,200,58.671934843063354,0.378617525100708,0.5366601943969727,59.05055236816406,2026-09-01T23:22:40.708936+00:00,gpu1.nitsri.ac.in,0.9940220525869381,0.9904663178080693,0.8342707914825231,0.9866951770016631,0.9041036246870578,0.9169387623852218,0.9904663178080693,0.9505092455544141,0.9044211840476388,0.9990860005382073,0.9751412000455296,142341,825,56,4153,147375,0.028559796437659032,1.1102230246251565e-16
HIKARI-2021-noID__imbalanced__top20__GRU__seed45,HIKARI-2021-noID,45,top20,imbalanced,GRU,DL,20,309485,309485,34388,,97.0,200,52.135491132736206,0.37874865531921387,0.5420742034912109,52.51423978805542,2026-09-01T23:54:04.487180+00:00,gpu1.nitsri.ac.in,0.9937031382527566,0.9894950683976909,0.8273797645180603,0.985032074126871,0.899349240780911,0.9134686184563834,0.9894950683976909,0.9480495722343949,0.8997574110205621,0.9987796748125254,0.9728030934174235,142301,865,63,4146,147375,0.028559796437659032,0.0
HIKARI-2021-noID__imbalanced__top20__GRU__seed46,HIKARI-2021-noID,46,top20,imbalanced,GRU,DL,20,309485,309485,34388,,112.0,200,59.8735294342041,0.3957986831665039,0.5386121273040771,60.269328117370605,2026-09-02T00:22:57.248676+00:00,gpu1.nitsri.ac.in,0.9939067005937235,0.9917905535274789,0.8298465829846583,0.9895462105013068,0.9026874729085392,0.9147687493585237,0.9917905535274789,0.9497711781225123,0.9032814684978954,0.9992430860796373,0.9759738089716274,142312,854,44,4165,147375,0.028559796437659032,0.0
HIKARI-2021-noID__imbalanced__top20__KNN__seed42,HIKARI-2021-noID,42,top20,imbalanced,KNN,ML,20,309485,309485,34388,,,200,0.008229494094848633,7.547805547714233,0.5396723747253418,7.556035041809082,2026-09-01T22:19:13.305263+00:00,gpu1.nitsri.ac.in,0.9941374045801527,0.9504010760667013,0.8921453692848769,0.9040152055119981,0.8980410667925419,0.944661183000345,0.9504010760667013,0.947511500155622,0.8950438543634559,0.9884725233785586,0.926857063599148,142706,460,404,3805,147375,0.028559796437659032,1.1102230246251565e-16
HIKARI-2021-noID__imbalanced__top20__KNN__seed43,HIKARI-2021-noID,43,top20,imbalanced,KNN,ML,20,309485,309485,34388,,,200,0.008476972579956055,7.642561912536621,0.5397112369537354,7.651038885116577,2026-09-01T22:49:45.178672+00:00,gpu1.nitsri.ac.in,0.9936759966072943,0.9478575772494193,0.8816678313533659,0.8992634830125921,0.8903787344154317,0.9393522478218864,0.9478575772494193,0.9435614082350767,0.8871690555212045,0.9863136428857867,0.923208620257636,142658,508,424,3785,147375,0.028559796437659032,1.1102230246251565e-16
HIKARI-2021-noID__imbalanced__top20__KNN__seed44,HIKARI-2021-noID,44,top20,imbalanced,KNN,ML,20,309485,309485,34388,,,200,0.008206605911254883,7.547544479370117,0.5366601943969727,7.555751085281372,2026-09-01T23:21:25.674715+00:00,gpu1.nitsri.ac.in,0.9942188295165394,0.9520571940428443,0.8920812894183602,0.9073414112615823,0.8996466431095407,0.9446779041330553,0.9520571940428443,0.9483351639358225,0.8967047353398819,0.9879135862790661,0.9280351205967508,142704,462,390,3819,147375,0.028559796437659032,0.0
HIKARI-2021-noID__imbalanced__top20__KNN__seed45,HIKARI-2021-noID,45,top20,imbalanced,KNN,ML,20,309485,309485,34388,,,200,0.008366107940673828,7.5175230503082275,0.5420742034912109,7.525889158248901,2026-09-01T23:52:57.956515+00:00,gpu1.nitsri.ac.in,0.9937574215436811,0.9511279038098106,0.8791791560986857,0.9059158945117605,0.8923472969810438,0.9382053305067317,0.9511279038098106,0.9445664033087634,0.8892393427863776,0.9872546302103216,0.9164382341211994,142642,524,396,3813,147375,0.028559796437659032,0.0
HIKARI-2021-noID__imbalanced__top20__KNN__seed46,HIKARI-2021-noID,46,top20,imbalanced,KNN,ML,20,309485,309485,34388,,,200,0.00848698616027832,7.561115264892578,0.5386121273040771,7.5696022510528564,2026-09-02T00:21:18.521856+00:00,gpu1.nitsri.ac.in,0.993960983884648,0.9510020760632263,0.885661166627934,0.9054407222618199,0.8954417293233082,0.9414396752397107,0.9510020760632263,0.9461662143357016,0.8923905198729666,0.9885908335221779,0.9197470458738086,142674,492,398,3811,147375,0.028559796437659032,0.0
HIKARI-2021-noID__imbalanced__top20__LSTM__seed42,HIKARI-2021-noID,42,top20,imbalanced,LSTM,DL,20,309485,309485,34388,,144.0,200,70.93502068519592,0.36100077629089355,0.5396723747253418,71.29602146148682,2026-09-01T22:21:50.415903+00:00,gpu1.nitsri.ac.in,0.9944291772688719,0.993443079483397,0.8411196133709222,0.9923972440009503,0.9105177111716621,0.9204474542358266,0.993443079483397,0.9538214048285869,0.910970661611187,0.9992261980252056,0.9756695756138022,142377,789,32,4177,147375,0.028559796437659032,0.0
HIKARI-2021-noID__imbalanced__top20__LSTM__seed43,HIKARI-2021-noID,43,top20,imbalanced,LSTM,DL,20,309485,309485,34388,,102.0,200,50.82168388366699,0.36757683753967285,0.5397112369537354,51.189260721206665,2026-09-01T22:51:52.335419+00:00,gpu1.nitsri.ac.in,0.9942527565733673,0.9926604721219949,0.8375502008032129,0.9909717272511286,0.907824572858853,0.9186416687502141,0.9926604721219949,0.9524292407754331,0.9082911475433861,0.9990253925610123,0.9755235507811796,142357,809,38,4171,147375,0.028559796437659032,0.0
HIKARI-2021-noID__imbalanced__top20__LSTM__seed44,HIKARI-2021-noID,44,top20,imbalanced,LSTM,DL,20,309485,309485,34388,,123.0,200,60.55309081077576,0.3632087707519531,0.5366601943969727,60.91629958152771,2026-09-01T23:23:42.197491+00:00,gpu1.nitsri.ac.in,0.9941034775233248,0.9922377363973729,0.8342674139311449,0.9902589688762177,0.9055947854426942,0.9169897250581283,0.9922377363973729,0.9512757411427868,0.9061083342814499,0.999163777857627,0.9765744336748496,142338,828,41,4168,147375,0.028559796437659032,0.0
HIKARI-2021-noID__imbalanced__top20__LSTM__seed45,HIKARI-2021-noID,45,top20,imbalanced,LSTM,DL,20,309485,309485,34388,,90.0,200,44.50608801841736,0.3582022190093994,0.5420742034912109,44.86429023742676,2026-09-01T23:54:49.908218+00:00,gpu1.nitsri.ac.in,0.9938795589482612,0.9894705714669688,0.8318282159341762,0.9847944880019007,0.9018711923411662,0.9156893762405867,0.9894705714669688,0.9493562322585232,0.9021479181181493,0.998710452292948,0.9730989400685601,142328,838,64,4145,147375,0.028559796437659032,0.0
HIKARI-2021-noID__imbalanced__top20__LSTM__seed46,HIKARI-2021-noID,46,top20,imbalanced,LSTM,DL,20,309485,309485,34388,,89.0,200,44.10918140411377,0.36435961723327637,0.5386121273040771,44.473541021347046,2026-09-02T00:23:42.278709+00:00,gpu1.nitsri.ac.in,0.9938184902459711,0.9922063541389019,0.8271825396825396,0.9904965550011879,0.9015028651746134,0.9134507562641454,0.9922063541389019,0.9491559915906027,0.9022263338137427,0.999181157958257,0.9726502699567222,142295,871,40,4169,147375,0.028559796437659032,0.0
HIKARI-2021-noID__imbalanced__top20__MLP__seed42,HIKARI-2021-noID,42,top20,imbalanced,MLP,DL,20,309485,309485,34388,,133.0,200,21.201430797576904,0.10923171043395996,0.5396723747253418,21.310662508010864,2026-09-01T22:22:12.269241+00:00,gpu1.nitsri.ac.in,0.9944631043256997,0.9938064435695017,0.8415542581034829,0.9931100023758612,0.9110723626852659,0.9206753089292765,0.9938064435695017,0.9541074798502002,0.9115529127809695,0.9991123967838507,0.9765692602708579,142379,787,29,4180,147375,0.028559796437659032,1.1102230246251565e-16
HIKARI-2021-noID__imbalanced__top20__MLP__seed43,HIKARI-2021-noID,43,top20,imbalanced,MLP,DL,20,309485,309485,34388,,58.0,200,9.707426309585571,0.11308526992797852,0.5397112369537354,9.82051157951355,2026-09-01T22:52:02.697319+00:00,gpu1.nitsri.ac.in,0.9940424088210348,0.9909379976086854,0.8342364037728276,0.9876455215015443,0.9044821583986075,0.9169356073586313,0.9909379976086854,0.9507037382738175,0.9048525453540097,0.9989128450832423,0.9737148203261546,142340,826,52,4157,147375,0.028559796437659032,0.0
HIKARI-2021-noID__imbalanced__top20__MLP__seed44,HIKARI-2021-noID,44,top20,imbalanced,MLP,DL,20,309485,309485,34388,,128.0,200,20.46161413192749,0.11137819290161133,0.5366601943969727,20.5729923248291,2026-09-01T23:24:03.311939+00:00,gpu1.nitsri.ac.in,0.9941645462256149,0.9930762727334181,0.8348330333933214,0.9919220717510098,0.9066232356134636,0.9172971128729288,0.9930762727334181,0.9518056991963795,0.9072139880707312,0.9986541748201543,0.9763741961959207,142340,826,34,4175,147375,0.028559796437659032,1.1102230246251565e-16
HIKARI-2021-noID__imbalanced__top20__MLP__seed45,HIKARI-2021-noID,45,top20,imbalanced,MLP,DL,20,309485,309485,34388,,68.0,200,11.086871147155762,0.11319351196289062,0.5420742034912109,11.200064659118652,2026-09-01T23:55:01.644173+00:00,gpu1.nitsri.ac.in,0.993899915182358,0.9905187543333878,0.8311324529811924,0.9869327631266334,0.9023569023569024,0.9153730773162212,0.9905187543333878,0.9496042574493105,0.9027697036759238,0.9986009118563641,0.9723024607454829,142322,844,55,4154,147375,0.028559796437659032,0.0
HIKARI-2021-noID__imbalanced__top20__MLP__seed46,HIKARI-2021-noID,46,top20,imbalanced,MLP,DL,20,309485,309485,34388,,73.0,200,12.053874731063843,0.11495709419250488,0.5386121273040771,12.168831825256348,2026-09-02T00:23:54.989519+00:00,gpu1.nitsri.ac.in,0.993899915182358,0.9924788647571179,0.8288950715421304,0.9909717272511286,0.902716156260145,0.9143140553751201,0.9924788647571179,0.9497836969371853,0.9034177674676469,0.9991350632695241,0.975112434308563,142305,861,38,4171,147375,0.028559796437659032,0.0
HIKARI-2021-noID__imbalanced__top20__RF__seed42,HIKARI-2021-noID,42,top20,imbalanced,RF,ML,20,309485,309485,34388,,,200,1.9840829372406006,0.04881119728088379,0.5396723747253418,2.0328941345214844,2026-09-01T22:18:57.949137+00:00,gpu1.nitsri.ac.in,0.9947684478371501,0.9632936406883899,0.8915717539863326,0.929912093133761,0.910338411443191,0.9447543002543475,0.9632936406883899,0.9538220149027621,0.9078586651602857,0.9994502441672636,0.9817993354762539,142690,476,295,3914,147375,0.028559796437659032,0.0
HIKARI-2021-noID__imbalanced__top20__RF__seed43,HIKARI-2021-noID,43,top20,imbalanced,RF,ML,20,309485,309485,34388,,,200,2.0527873039245605,0.03506040573120117,0.5397112369537354,2.0878477096557617,2026-09-01T22:49:29.686560+00:00,gpu1.nitsri.ac.in,0.9947141645462256,0.9724897501466405,0.8762615182097411,0.9489189831313851,0.9111440629633855,0.9373780475929356,0.9724897501466405,0.9542100624136013,0.9091900668766937,0.9994273536470647,0.981216403536544,142602,564,215,3994,147375,0.028559796437659032,1.1102230246251565e-16
HIKARI-2021-noID__imbalanced__top20__RF__seed44,HIKARI-2021-noID,44,top20,imbalanced,RF,ML,20,309485,309485,34388,,,200,1.877802848815918,0.055291175842285156,0.5366601943969727,1.9330940246582031,2026-09-01T23:21:10.307613+00:00,gpu1.nitsri.ac.in,0.994754877014419,0.9685904839951278,0.8831400535236396,0.9408410548823949,0.9110778787530197,0.94069873325838,0.9685904839951278,0.9541878100561296,0.9088613375286333,0.9990854952158887,0.9812483821372654,142642,524,249,3960,147375,0.028559796437659032,1.1102230246251565e-16
HIKARI-2021-noID__imbalanced__top20__RF__seed45,HIKARI-2021-noID,45,top20,imbalanced,RF,ML,20,309485,309485,34388,,,200,2.0880305767059326,0.05529594421386719,0.5420742034912109,2.1433265209198,2026-09-01T23:52:42.630322+00:00,gpu1.nitsri.ac.in,0.9944698897370653,0.9612951631075397,0.8855065879145843,0.9261107151342362,0.9053536174660318,0.9416656760154429,0.9612951631075397,0.9512526757067594,0.9027474509663167,0.9991482282020455,0.9795186903588784,142662,504,311,3898,147375,0.028559796437659032,0.0
HIKARI-2021-noID__imbalanced__top20__RF__seed46,HIKARI-2021-noID,46,top20,imbalanced,RF,ML,20,309485,309485,34388,,,200,1.9737796783447266,0.04516935348510742,0.5386121273040771,2.018949031829834,2026-09-02T00:21:03.111575+00:00,gpu1.nitsri.ac.in,0.9947684478371501,0.9797816283703542,0.8676218990590248,0.9638869090045141,0.9132245357343838,0.933278359952851,0.9797816283703542,0.9552637292213275,0.9118749850189232,0.9994150732360402,0.980725757041745,142547,619,152,4057,147375,0.028559796437659032,0.0
HIKARI-2021-noID__imbalanced__top20__SVM__seed42,HIKARI-2021-noID,42,top20,imbalanced,SVM,ML,20,309485,100000,34388,100000.0,,200,2.340662956237793,6.929888486862183,0.5396723747253418,9.270551443099976,2026-09-01T22:19:29.488380+00:00,gpu1.nitsri.ac.in,0.9659779474130619,0.5320093634682274,0.21433640880056778,0.07175100974103113,0.10751156995372019,0.5937849507658759,0.5320093634682274,0.5450850048487526,0.10958095777852508,0.985301697188981,0.4764248057020776,142059,1107,3907,302,147375,0.028559796437659032,1.3877787807814457e-17
HIKARI-2021-noID__imbalanced__top20__SVM__seed43,HIKARI-2021-noID,43,top20,imbalanced,SVM,ML,20,309485,100000,34388,100000.0,,200,2.5615878105163574,7.245787858963013,0.5397112369537354,9.80737566947937,2026-09-01T22:50:02.572992+00:00,gpu1.nitsri.ac.in,0.9667039864291773,0.5506005524253286,0.2843016069221261,0.1092896174863388,0.1578857044791488,0.6292903576505703,0.5506005524253286,0.570450970319478,0.16176728371815063,0.9878570134126019,0.5112244434156364,142008,1158,3749,460,147375,0.028559796437659032,2.7755575615628914e-17
HIKARI-2021-noID__imbalanced__top20__SVM__seed44,HIKARI-2021-noID,44,top20,imbalanced,SVM,ML,20,309485,100000,34388,100000.0,,200,2.2443959712982178,6.454025030136108,0.5366601943969727,8.698421001434326,2026-09-01T23:21:41.128846+00:00,gpu1.nitsri.ac.in,0.9665139949109415,0.5501568620047591,0.2786585365853659,0.10857685911142789,0.15626602838091982,0.626456588428546,0.5501568620047591,0.5695920261011144,0.15928170837108946,0.9872751924309707,0.5096928873297019,141983,1183,3752,457,147375,0.028559796437659032,0.0
HIKARI-2021-noID__imbalanced__top20__SVM__seed45,HIKARI-2021-noID,45,top20,imbalanced,SVM,ML,20,309485,100000,34388,100000.0,,200,1.9578046798706055,5.6438233852386475,0.5420742034912109,7.601628065109253,2026-09-01T23:53:11.455956+00:00,gpu1.nitsri.ac.in,0.9697777777777777,0.6146755643023945,0.4455313472654513,0.23806129722024233,0.3103127903375658,0.7117166541599916,0.6146755643023945,0.6474315883756704,0.31163264776343275,0.9878040848410848,0.5230190339985937,141919,1247,3207,1002,147375,0.028559796437659032,5.551115123125783e-17
HIKARI-2021-noID__imbalanced__top20__SVM__seed46,HIKARI-2021-noID,46,top20,imbalanced,SVM,ML,20,309485,100000,34388,100000.0,,200,5.572772741317749,16.22696304321289,0.5386121273040771,21.79973578453064,2026-09-02T00:21:56.466886+00:00,gpu1.nitsri.ac.in,0.983626802374894,0.8188524012652714,0.7476558190843905,0.644095984794488,0.6920229738353542,0.8686174385128316,0.8188524012652714,0.8418064087586404,0.685666261144793,0.9931992494332267,0.6717051370892306,142251,915,1498,2711,147375,0.028559796437659032,0.0
HIKARI-2021-noID__imbalanced__top20__SimpleRNN__seed42,HIKARI-2021-noID,42,top20,imbalanced,SimpleRNN,DL,20,309485,309485,34388,,100.0,200,31.995860815048218,0.21887612342834473,0.5396723747253418,32.21473693847656,2026-09-01T22:22:45.044505+00:00,gpu1.nitsri.ac.in,0.9945241730279898,0.9939531762265833,0.8429435483870967,0.9933475885008316,0.911986039917112,0.9213734699418894,0.9939531762265833,0.9545801108364506,0.9124445492311586,0.999315623480434,0.9776334528755889,142387,779,28,4181,147375,0.028559796437659032,1.1102230246251565e-16
HIKARI-2021-noID__imbalanced__top20__SimpleRNN__seed43,HIKARI-2021-noID,43,top20,imbalanced,SimpleRNN,DL,20,309485,309485,34388,,73.0,200,24.0278422832489,0.22093772888183594,0.5397112369537354,24.248780012130737,2026-09-01T22:52:27.496209+00:00,gpu1.nitsri.ac.in,0.9943409669211196,0.9952424874527472,0.8367591299141888,0.9961986220004752,0.9095444685466377,0.9183233709754699,0.9952424874527472,0.9533117922882385,0.9103219360237566,0.9991697819829092,0.9774049236574607,142348,818,16,4193,147375,0.028559796437659032,1.1102230246251565e-16
HIKARI-2021-noID__imbalanced__top20__SimpleRNN__seed44,HIKARI-2021-noID,44,top20,imbalanced,SimpleRNN,DL,20,309485,309485,34388,,91.0,200,29.082226991653442,0.21849656105041504,0.5366601943969727,29.300723552703857,2026-09-01T23:24:33.169084+00:00,gpu1.nitsri.ac.in,0.994273112807464,0.993708654988414,0.8368368368368369,0.9931100023758612,0.9083007388092134,0.9183165782723305,0.993708654988414,0.9526724989389024,0.9089037687636418,0.9990570229169762,0.9781793319052096,142351,815,29,4180,147375,0.028559796437659032,0.0
HIKARI-2021-noID__imbalanced__top20__SimpleRNN__seed45,HIKARI-2021-noID,45,top20,imbalanced,SimpleRNN,DL,20,309485,309485,34388,,84.0,200,26.803964614868164,0.2189040184020996,0.5420742034912109,27.022868633270264,2026-09-01T23:55:29.219021+00:00,gpu1.nitsri.ac.in,0.9941238337574215,0.9924788149716677,0.8345007004202522,0.9907341411261582,0.9059309146208994,0.9171133908484269,0.9924788149716677,0.9514490535337987,0.9064645794157594,0.998948347087709,0.9769125361089959,142339,827,39,4170,147375,0.028559796437659032,0.0
HIKARI-2021-noID__imbalanced__top20__SimpleRNN__seed46,HIKARI-2021-noID,46,top20,imbalanced,SimpleRNN,DL,20,309485,309485,34388,,59.0,200,18.721446990966797,0.22060656547546387,0.5386121273040771,18.94205355644226,2026-09-02T00:24:14.483366+00:00,gpu1.nitsri.ac.in,0.9939406276505514,0.9922692182267441,0.830147351652728,0.9904965550011879,0.903260751814538,0.9149331800166516,0.9922692182267441,0.9500665570370712,0.9039000655894077,0.9990624744237622,0.9738315710629523,142313,853,40,4169,147375,0.028559796437659032,1.1102230246251565e-16
HIKARI-2021__balanced__all__CNN__seed42,HIKARI-2021,42,all,balanced,CNN,DL,55,601290,601290,34388,,26.0,200,79.4927339553833,0.35216236114501953,1.177009105682373,79.84489631652832,2026-09-01T20:07:24.677191+00:00,gpu1.nitsri.ac.in,0.9948159457167091,0.9971011674897148,0.8466492251962165,0.9995248277500594,0.9167574634996731,0.9233175904220763,0.9971011674897148,0.95704106559209,0.9174566331282303,0.9994096748337341,0.9802969437627749,142404,762,2,4207,147375,0.028559796437659032,1.1102230246251565e-16
HIKARI-2021__balanced__all__CNN__seed43,HIKARI-2021,43,all,balanced,CNN,DL,54,601290,601290,34388,,27.0,200,80.88578581809998,0.33885812759399414,1.6003379821777344,81.22464394569397,2026-09-01T20:36:26.224372+00:00,gpu1.nitsri.ac.in,0.9946395250212045,0.996203259515152,0.8432041758682995,0.9978617248752673,0.9140369967355821,0.9215704854789901,0.996203259515152,0.9556352514144363,0.9147341668704848,0.9993466489431793,0.9779469815199637,142385,781,9,4200,147375,0.028559796437659032,0.0
HIKARI-2021__balanced__all__CNN__seed44,HIKARI-2021,44,all,balanced,CNN,DL,55,601290,601290,34388,,15.0,200,45.9040412902832,0.3462507724761963,1.5225458145141602,46.2502920627594,2026-09-01T21:06:12.618660+00:00,gpu1.nitsri.ac.in,0.9940288379983037,0.9955430372364598,0.8286278381046397,0.9971489665003563,0.9051110631874056,0.9142717575738573,0.9955430372364598,0.9510142461616524,0.9061776536406879,0.9991144579014849,0.9774131769612101,142298,868,12,4197,147375,0.028559796437659032,0.0
HIKARI-2021__balanced__all__CNN__seed45,HIKARI-2021,45,all,balanced,CNN,DL,56,601290,601290,34388,,32.0,200,101.17732977867126,0.3464505672454834,1.6262168884277344,101.52378034591675,2026-09-01T21:36:37.653624+00:00,gpu1.nitsri.ac.in,0.9945241730279898,0.996028587263474,0.8404723779023219,0.997624138750297,0.9123302552960347,0.92020107141276,0.996028587263474,0.9547520403938192,0.9130865102923588,0.9992511222810411,0.9774104526919672,142369,797,10,4199,147375,0.028559796437659032,1.1102230246251565e-16
HIKARI-2021__balanced__all__CNN__seed46,HIKARI-2021,46,all,balanced,CNN,DL,54,601290,601290,34388,,23.0,200,72.02833342552185,0.3382534980773926,1.3172235488891602,72.36658692359924,2026-09-01T22:05:06.741410+00:00,gpu1.nitsri.ac.in,0.9942188295165394,0.9963326294965111,0.8324420677361853,0.9985744832501782,0.9079714841218406,0.9161999554987152,0.9963326294965111,0.9524935811597393,0.9090074109907097,0.9991402799549369,0.9784802333721067,142320,846,6,4203,147375,0.028559796437659032,1.1102230246251565e-16
HIKARI-2021__balanced__all__DT__seed42,HIKARI-2021,42,all,balanced,DT,ML,55,601290,601290,34388,,,200,16.871817111968994,0.005057096481323242,1.177009105682373,16.876874208450317,2026-09-01T20:01:18.321747+00:00,gpu1.nitsri.ac.in,0.9950330788804072,0.9952528154443706,0.854578829288191,0.9954858636255642,0.9196663740122915,0.9272227348754392,0.9952528154443706,0.9585518448878001,0.9199636129084784,0.9969598556383916,0.9483169653937596,142453,713,19,4190,147375,0.028559796437659032,0.0
HIKARI-2021__balanced__all__DT__seed43,HIKARI-2021,43,all,balanced,DT,ML,54,601290,601290,34388,,,200,17.675286054611206,0.005194664001464844,1.6003379821777344,17.68048071861267,2026-09-01T20:31:01.151993+00:00,gpu1.nitsri.ac.in,0.994863443596268,0.9933206944006872,0.8525326797385621,0.9916844856260394,0.9168588687534321,0.9261435147511934,0.9933206944006872,0.9571043630469186,0.9170069020708802,0.9951436749509025,0.9507178229471781,142444,722,35,4174,147375,0.028559796437659032,1.1102230246251565e-16
HIKARI-2021__balanced__all__DT__seed44,HIKARI-2021,44,all,balanced,DT,ML,55,601290,601290,34388,,,200,17.57338857650757,0.00497126579284668,1.5225458145141602,17.578359842300415,2026-09-01T21:00:32.057514+00:00,gpu1.nitsri.ac.in,0.9948498727735369,0.9945820162468046,0.850609756097561,0.9942979330007128,0.9168583634571147,0.9252206409212665,0.9945820162468046,0.9571004979132917,0.9171836935676483,0.9964146186650094,0.9505601176592888,142431,735,24,4185,147375,0.028559796437659032,0.0
HIKARI-2021__balanced__all__DT__seed45,HIKARI-2021,45,all,balanced,DT,ML,56,601290,601290,34388,,,200,17.33042073249817,0.004650592803955078,1.6262168884277344,17.335071325302124,2026-09-01T21:30:07.250190+00:00,gpu1.nitsri.ac.in,0.9947955894826124,0.993170469294281,0.8509380097879282,0.9914468995010691,0.9158345221112696,0.9253426633928867,0.993170469294281,0.9565746478787704,0.9160053294961756,0.9949597874124106,0.9461867108906923,142435,731,36,4173,147375,0.028559796437659032,0.0
HIKARI-2021__balanced__all__DT__seed46,HIKARI-2021,46,all,balanced,DT,ML,54,601290,601290,34388,,,200,18.470772743225098,0.0053997039794921875,1.3172235488891602,18.47617244720459,2026-09-01T22:00:24.934702+00:00,gpu1.nitsri.ac.in,0.9949177268871925,0.9940404376742472,0.8530612244897959,0.9931100023758612,0.9177736304753541,0.926428840004154,0.9940404376742472,0.9575757289440427,0.9179827683623996,0.9957299666659527,0.9435031034994179,142446,720,29,4180,147375,0.028559796437659032,1.1102230246251565e-16
HIKARI-2021__balanced__all__GNB__seed42,HIKARI-2021,42,all,balanced,GNB,ML,55,601290,601290,34388,,,200,0.13313794136047363,0.014582157135009766,1.177009105682373,0.1477200984954834,2026-09-01T20:01:32.231528+00:00,gpu1.nitsri.ac.in,0.8509380831212893,0.9224707689459353,0.1606084929098345,0.9983368971252079,0.27670222573422887,0.5802753714260422,0.9224707689459353,0.5968045394003358,0.36831507106704503,0.923391192390306,0.1615848304237123,121205,21961,7,4202,147375,0.028559796437659032,5.551115123125783e-17
HIKARI-2021__balanced__all__GNB__seed43,HIKARI-2021,43,all,balanced,GNB,ML,54,601290,601290,34388,,,200,0.1351327896118164,0.014409780502319336,1.6003379821777344,0.14954257011413574,2026-09-01T20:31:14.869257+00:00,gpu1.nitsri.ac.in,0.8477896522476676,0.9211961742988211,0.1578868321255585,0.9990496555001188,0.27268011153621685,0.5789268518183572,0.9211961742988211,0.5938403967960424,0.36465703358274615,0.9220153540518672,0.15874447176875206,120738,22428,4,4205,147375,0.028559796437659032,0.0
HIKARI-2021__balanced__all__GNB__seed44,HIKARI-2021,44,all,balanced,GNB,ML,55,601290,601290,34388,,,200,0.13656854629516602,0.014793872833251953,1.5225458145141602,0.15136241912841797,2026-09-01T21:00:45.568921+00:00,gpu1.nitsri.ac.in,0.8492485156912638,0.9211399466114774,0.15899106196030904,0.9973865526253267,0.2742625681899846,0.5794500655380238,0.9211399466114774,0.5950754570052623,0.365839289081759,0.9218838889328164,0.15952384988769866,120960,22206,11,4198,147375,0.028559796437659032,5.551115123125783e-17
HIKARI-2021__balanced__all__GNB__seed45,HIKARI-2021,45,all,balanced,GNB,ML,56,601290,601290,34388,,,200,0.1384727954864502,0.015269279479980469,1.6262168884277344,0.15374207496643066,2026-09-01T21:30:20.972311+00:00,gpu1.nitsri.ac.in,0.8501849024597116,0.9218525058445878,0.15987818804720214,0.9978617248752673,0.2755995931625053,0.5799019361853616,0.9218525058445878,0.5960263897375203,0.3671884094120026,0.9227313086526745,0.16071505068333763,121096,22070,9,4200,147375,0.028559796437659032,0.0
HIKARI-2021__balanced__all__GNB__seed46,HIKARI-2021,46,all,balanced,GNB,ML,54,601290,601290,34388,,,200,0.13895964622497559,0.014940738677978516,1.3172235488891602,0.1539003849029541,2026-09-01T22:00:39.088321+00:00,gpu1.nitsri.ac.in,0.851019508057676,0.9228585801773117,0.1607600259968651,0.9990496555001188,0.27695448857274585,0.5803635137986437,0.9228585801773117,0.5969543079513451,0.3686863238198796,0.923666057030554,0.1616296705124346,121214,21952,4,4205,147375,0.028559796437659032,0.0
HIKARI-2021__balanced__all__GRU__seed42,HIKARI-2021,42,all,balanced,GRU,DL,55,601290,601290,34388,,108.0,200,106.98842597007751,0.42109251022338867,1.177009105682373,107.4095184803009,2026-09-01T20:04:18.095093+00:00,gpu1.nitsri.ac.in,0.9947073791348601,0.9966993864610401,0.8443462542679253,0.9988120693751484,0.9151066608619939,0.9221555704610225,0.9966993864610401,0.9561876024980087,0.9158262124204574,0.9993339337392234,0.9782219665941708,142391,775,5,4204,147375,0.028559796437659032,0.0
HIKARI-2021__balanced__all__GRU__seed43,HIKARI-2021,43,all,balanced,GRU,DL,54,601290,601290,34388,,68.0,200,68.79267048835754,0.41417956352233887,1.6003379821777344,69.20685005187988,2026-09-01T20:33:21.814282+00:00,gpu1.nitsri.ac.in,0.994225614927905,0.9959902201063539,0.8330027766759223,0.9978617248752673,0.9080099448708248,0.9164697723388604,0.9959902201063539,0.9525145994393598,0.908988303665112,0.9993113012736077,0.9761170549328078,142324,842,9,4200,147375,0.028559796437659032,0.0
HIKARI-2021__balanced__all__GRU__seed44,HIKARI-2021,44,all,balanced,GRU,DL,55,601290,601290,34388,,70.0,200,70.52716445922852,0.39881467819213867,1.5225458145141602,70.92597913742065,2026-09-01T21:02:54.580611+00:00,gpu1.nitsri.ac.in,0.9941441899915182,0.9952565070354955,0.8318127727092424,0.9964362081254454,0.9067127878067236,0.9158536930227867,0.9952565070354955,0.9518450050718772,0.9076436469105628,0.9991384752323709,0.9764453317460795,142318,848,15,4194,147375,0.028559796437659032,1.1102230246251565e-16
HIKARI-2021__balanced__all__GRU__seed45,HIKARI-2021,45,all,balanced,GRU,DL,56,601290,601290,34388,,85.0,200,85.03355026245117,0.4168281555175781,1.6262168884277344,85.45037841796875,2026-09-01T21:32:45.691753+00:00,gpu1.nitsri.ac.in,0.994178117048346,0.9952739692821184,0.8326384752829065,0.9964362081254454,0.9072031148604802,0.9162665461606119,0.9952739692821184,0.9520989515122845,0.9081100915556977,0.9989927092427787,0.9752552453695909,142323,843,15,4194,147375,0.028559796437659032,1.1102230246251565e-16
HIKARI-2021__balanced__all__GRU__seed46,HIKARI-2021,46,all,balanced,GRU,DL,54,601290,601290,34388,,41.0,200,42.168832540512085,0.4191584587097168,1.3172235488891602,42.5879909992218,2026-09-01T22:02:24.658609+00:00,gpu1.nitsri.ac.in,0.9938320610687023,0.99590295865869,0.8234025872206978,0.9980993110002376,0.9023735366770487,0.911673178648269,0.99590295865869,0.9495944841727306,0.9036591111522175,0.9991108791573801,0.970514081391102,142265,901,8,4201,147375,0.028559796437659032,1.1102230246251565e-16
HIKARI-2021__balanced__all__KNN__seed42,HIKARI-2021,42,all,balanced,KNN,ML,55,601290,601290,34388,,,200,0.0150909423828125,22.608553409576416,1.177009105682373,22.62364435195923,2026-09-01T20:02:17.256608+00:00,gpu1.nitsri.ac.in,0.9932553011026294,0.9843066403763645,0.8220797435383691,0.974815870753148,0.8919565217391304,0.9106676389340345,0.9843066403763645,0.9442377600816121,0.8919396045101622,0.9929279096028456,0.8501365427930965,142278,888,106,4103,147375,0.028559796437659032,1.1102230246251565e-16
HIKARI-2021__balanced__all__KNN__seed43,HIKARI-2021,43,all,balanced,KNN,ML,54,601290,601290,34388,,,200,0.01607060432434082,22.191712617874146,1.6003379821777344,22.207783222198486,2026-09-01T20:31:59.228568+00:00,gpu1.nitsri.ac.in,0.9931128074639525,0.9840026977142275,0.8188897763578274,0.9743406985032074,0.8898774004556798,0.9090655867958686,0.9840026977142275,0.94316132248166,0.8899187548338419,0.9913899557330015,0.8417702373199245,142259,907,108,4101,147375,0.028559796437659032,0.0
HIKARI-2021__balanced__all__KNN__seed44,HIKARI-2021,44,all,balanced,KNN,ML,55,601290,601290,34388,,,200,0.015160560607910156,22.456676483154297,1.5225458145141602,22.471837043762207,2026-09-01T21:01:30.439590+00:00,gpu1.nitsri.ac.in,0.9933706530958439,0.9850578156938455,0.8241075010028078,0.9762413875029698,0.8937466014138119,0.9117025997804915,0.9850578156938455,0.9451625969895836,0.8937551426761196,0.9913319606621793,0.8445087409702793,142289,877,100,4109,147375,0.028559796437659032,0.0
HIKARI-2021__balanced__all__KNN__seed45,HIKARI-2021,45,all,balanced,KNN,ML,56,601290,601290,34388,,,200,0.015083789825439453,22.610430479049683,1.6262168884277344,22.625514268875122,2026-09-01T21:31:06.142194+00:00,gpu1.nitsri.ac.in,0.993167090754877,0.983454134243021,0.8208416833667335,0.9731527678783559,0.890531579519513,0.9100240302214853,0.983454134243021,0.94350253205798,0.8904556419037669,0.9907231891568936,0.8428483691841863,142272,894,113,4096,147375,0.028559796437659032,0.0
HIKARI-2021__balanced__all__KNN__seed46,HIKARI-2021,46,all,balanced,KNN,ML,54,601290,601290,34388,,,200,0.015029191970825195,22.288182497024536,1.3172235488891602,22.30321168899536,2026-09-01T22:01:23.638035+00:00,gpu1.nitsri.ac.in,0.993011026293469,0.9848727158796439,0.8154395713435205,0.9762413875029698,0.8886245674740484,0.9073685041969402,0.9848727158796439,0.942508443483716,0.8888686584502762,0.9928773939661435,0.8418840007385728,142236,930,100,4109,147375,0.028559796437659032,0.0
HIKARI-2021__balanced__all__LSTM__seed42,HIKARI-2021,42,all,balanced,LSTM,DL,55,601290,601290,34388,,67.0,200,59.94999647140503,0.37070417404174805,1.177009105682373,60.32070064544678,2026-09-01T20:05:18.871508+00:00,gpu1.nitsri.ac.in,0.9943138252756574,0.9964968244002155,0.8346237839984118,0.9988120693751484,0.90936621241618,0.9172943281722588,0.9964968244002155,0.9532155260691078,0.9103522588047944,0.9993699742563089,0.9787627686638861,142333,833,5,4204,147375,0.028559796437659032,0.0
HIKARI-2021__balanced__all__LSTM__seed43,HIKARI-2021,43,all,balanced,LSTM,DL,54,601290,601290,34388,,51.0,200,45.94167947769165,0.3774580955505371,1.6003379821777344,46.31913757324219,2026-09-01T20:34:08.590591+00:00,gpu1.nitsri.ac.in,0.994117048346056,0.9953578378513579,0.8310221870047544,0.9966737942504158,0.9063411472399265,0.9154619109860591,0.9953578378513579,0.9516521475990101,0.9073087984487918,0.9992928723594955,0.9749049658601525,142313,853,14,4195,147375,0.028559796437659032,0.0
HIKARI-2021__balanced__all__LSTM__seed44,HIKARI-2021,44,all,balanced,LSTM,DL,55,601290,601290,34388,,89.0,200,79.52232360839844,0.38150835037231445,1.5225458145141602,79.90383195877075,2026-09-01T21:04:14.973030+00:00,gpu1.nitsri.ac.in,0.9942663273960984,0.9956652729628195,0.8343936381709741,0.9971489665003563,0.9085398852689685,0.9171546679737514,0.9956652729628195,0.9527901397547354,0.9094373697378482,0.9990358865041359,0.9775907873277859,142333,833,12,4197,147375,0.028559796437659032,0.0
HIKARI-2021__balanced__all__LSTM__seed45,HIKARI-2021,45,all,balanced,LSTM,DL,56,601290,601290,34388,,82.0,200,73.52179789543152,0.3712773323059082,1.6262168884277344,73.89307522773743,2026-09-01T21:34:00.042367+00:00,gpu1.nitsri.ac.in,0.9942934690415607,0.9954486415337965,0.8353245718837117,0.9966737942504158,0.9088939443180587,0.9176131124084564,0.9954486415337965,0.9529742155298733,0.9097380924847995,0.9992475949819014,0.9731423141785407,142339,827,14,4195,147375,0.028559796437659032,0.0
HIKARI-2021__balanced__all__LSTM__seed46,HIKARI-2021,46,all,balanced,LSTM,DL,54,601290,601290,34388,,57.0,200,50.7938449382782,0.3591179847717285,1.3172235488891602,51.15296292304993,2026-09-01T22:03:16.268989+00:00,gpu1.nitsri.ac.in,0.9941509754028838,0.996413005616426,0.8306658763090299,0.9988120693751484,0.9070118662351672,0.9153153713655835,0.996413005616426,0.9519961951324358,0.9081144240199942,0.9992521387339806,0.9755639509187913,142309,857,5,4204,147375,0.028559796437659032,1.1102230246251565e-16
HIKARI-2021__balanced__all__MLP__seed42,HIKARI-2021,42,all,balanced,MLP,DL,55,601290,601290,34388,,57.0,200,16.31185817718506,0.12814903259277344,1.177009105682373,16.440007209777832,2026-09-01T20:05:35.757680+00:00,gpu1.nitsri.ac.in,0.9941441899915182,0.9961789119407803,0.8307631474891262,0.9983368971252079,0.9068738534585087,0.9153569807584827,0.9961789119407803,0.9519254531914254,0.9079457578066029,0.9992328468720667,0.9759208968732851,142310,856,7,4202,147375,0.028559796437659032,1.1102230246251565e-16
HIKARI-2021__balanced__all__MLP__seed43,HIKARI-2021,43,all,balanced,MLP,DL,54,601290,601290,34388,,57.0,200,16.79964303970337,0.12561702728271484,1.6003379821777344,16.925260066986084,2026-09-01T20:34:25.971592+00:00,gpu1.nitsri.ac.in,0.994273112807464,0.995668765412144,0.8345595545834162,0.9971489665003563,0.9086382333838493,0.9172376264760899,0.995668765412144,0.9528410702350332,0.9095309982598652,0.999247673808864,0.9748183275266209,142334,832,12,4197,147375,0.028559796437659032,1.1102230246251565e-16
HIKARI-2021__balanced__all__MLP__seed44,HIKARI-2021,44,all,balanced,MLP,DL,55,601290,601290,34388,,95.0,200,27.473143339157104,0.12727117538452148,1.5225458145141602,27.600414514541626,2026-09-01T21:04:43.020344+00:00,gpu1.nitsri.ac.in,0.994178117048346,0.995389269895279,0.8325064496923993,0.9966737942504158,0.9072231833910035,0.9162040454397249,0.995389269895279,0.9521089752514839,0.9081476051784683,0.9990760965526674,0.9765792934882184,142322,844,14,4195,147375,0.028559796437659032,0.0
HIKARI-2021__balanced__all__MLP__seed45,HIKARI-2021,45,all,balanced,MLP,DL,56,601290,601290,34388,,53.0,200,15.264296054840088,0.1276569366455078,1.6262168884277344,15.391952991485596,2026-09-01T21:34:15.879872+00:00,gpu1.nitsri.ac.in,0.9940831212892282,0.9954556762178957,0.8300692383778437,0.9969113803753861,0.9058721934369602,0.9149889474632333,0.9954556762178957,0.9514088764695012,0.9068817554419077,0.9989795476292871,0.9712097254286,142307,859,13,4196,147375,0.028559796437659032,0.0
HIKARI-2021__balanced__all__MLP__seed46,HIKARI-2021,46,all,balanced,MLP,DL,54,601290,601290,34388,,51.0,200,14.888892650604248,0.12908267974853516,1.3172235488891602,15.017975330352783,2026-09-01T22:03:31.742133+00:00,gpu1.nitsri.ac.in,0.9939881255301103,0.996213886219476,0.826873893370057,0.9985744832501782,0.9046491605682307,0.9134158632790745,0.996213886219476,0.950772688236949,0.905853613212398,0.9990320372590857,0.9723367385473185,142286,880,6,4203,147375,0.028559796437659032,0.0
HIKARI-2021__balanced__all__RF__seed42,HIKARI-2021,42,all,balanced,RF,ML,55,601290,601290,34388,,,200,13.459835290908813,0.04680275917053223,1.177009105682373,13.506638050079346,2026-09-01T20:01:31.976263+00:00,gpu1.nitsri.ac.in,0.9951552162849873,0.9968145875033003,0.8558338423946243,0.9985744832501782,0.9217105263157894,0.9278958632458296,0.9968145875033003,0.959605394446625,0.9221386160287303,0.9993635187429458,0.9685036007057974,142458,708,6,4203,147375,0.028559796437659032,1.1102230246251565e-16
HIKARI-2021__balanced__all__RF__seed43,HIKARI-2021,43,all,balanced,RF,ML,54,601290,601290,34388,,,200,13.25730276107788,0.05694103240966797,1.6003379821777344,13.314243793487549,2026-09-01T20:31:14.610797+00:00,gpu1.nitsri.ac.in,0.9949991518235793,0.9961577581030325,0.8525588952071487,0.9973865526253267,0.919303624219862,0.9262408378360052,0.9961577581030325,0.9583616228004712,0.919744961416306,0.9993735778931385,0.9680719220685514,142440,726,11,4198,147375,0.028559796437659032,0.0
HIKARI-2021__balanced__all__RF__seed44,HIKARI-2021,44,all,balanced,RF,ML,55,601290,601290,34388,,,200,13.048903942108154,0.04773879051208496,1.5225458145141602,13.09664273262024,2026-09-01T21:00:45.309183+00:00,gpu1.nitsri.ac.in,0.9948770144189991,0.9959795934020299,0.8495951417004048,0.9971489665003563,0.9174773199256749,0.9247554463723704,0.9959795934020299,0.9574168858794134,0.917976107721908,0.9993724651883289,0.9689151457621459,142423,743,12,4197,147375,0.028559796437659032,1.1102230246251565e-16
HIKARI-2021__balanced__all__RF__seed45,HIKARI-2021,45,all,balanced,RF,ML,56,601290,601290,34388,,,200,13.234190225601196,0.06989145278930664,1.6262168884277344,13.304081678390503,2026-09-01T21:30:20.711072+00:00,gpu1.nitsri.ac.in,0.9947955894826124,0.9953611809443322,0.848239579117766,0.9959610358755049,0.9161840236039777,0.924060112377331,0.9953611809443322,0.9567492199854909,0.9166524271688171,0.9990826615940205,0.9669388541258409,142416,750,17,4192,147375,0.028559796437659032,1.1102230246251565e-16
HIKARI-2021__balanced__all__RF__seed46,HIKARI-2021,46,all,balanced,RF,ML,54,601290,601290,34388,,,200,13.68932819366455,0.04726076126098633,1.3172235488891602,13.736588954925537,2026-09-01T22:00:38.826115+00:00,gpu1.nitsri.ac.in,0.9948430873621713,0.9967692354475313,0.8477515628150837,0.9988120693751484,0.9171029668411868,0.9238582272001494,0.9967692354475313,0.9572208673453506,0.9177357516504719,0.9993565662048393,0.9683134493600929,142411,755,5,4204,147375,0.028559796437659032,0.0
HIKARI-2021__balanced__all__SVM__seed42,HIKARI-2021,42,all,balanced,SVM,ML,55,601290,100000,34388,100000.0,,200,3.559770107269287,3.458653688430786,1.177009105682373,7.018423795700073,2026-09-01T20:02:28.090876+00:00,gpu1.nitsri.ac.in,0.9886683630195081,0.992553401043736,0.7169714578704495,0.9966737942504158,0.8339960238568589,0.8584362673598029,0.992553401043736,0.9140649970701625,0.8403546930802321,0.997578127037314,0.862589868587833,141510,1656,14,4195,147375,0.028559796437659032,0.0
HIKARI-2021__balanced__all__SVM__seed43,HIKARI-2021,43,all,balanced,SVM,ML,54,601290,100000,34388,100000.0,,200,3.4867329597473145,3.5483345985412598,1.6003379821777344,7.035067558288574,2026-09-01T20:32:10.055980+00:00,gpu1.nitsri.ac.in,0.9880576759966073,0.9922390806045256,0.7061100824776974,0.9966737942504158,0.8266009852216749,0.853005548189087,0.9922390806045256,0.9102084335806195,0.8336980904113735,0.9975159284149883,0.8481202907997428,141420,1746,14,4195,147375,0.028559796437659032,0.0
HIKARI-2021__balanced__all__SVM__seed44,HIKARI-2021,44,all,balanced,SVM,ML,55,601290,100000,34388,100000.0,,200,3.111555576324463,3.6314756870269775,1.5225458145141602,6.74303126335144,2026-09-01T21:01:41.095056+00:00,gpu1.nitsri.ac.in,0.9893808312128923,0.9923436051570119,0.7304741980474198,0.9954858636255642,0.8426344896933132,0.8651700271014287,0.9923436051570119,0.918569750947322,0.8480309608461264,0.9977086561899031,0.8784975999552368,141620,1546,19,4190,147375,0.028559796437659032,1.1102230246251565e-16
HIKARI-2021__balanced__all__SVM__seed45,HIKARI-2021,45,all,balanced,SVM,ML,56,601290,100000,34388,100000.0,,200,4.013676643371582,3.6503827571868896,1.6262168884277344,7.664059400558472,2026-09-01T21:31:17.691310+00:00,gpu1.nitsri.ac.in,0.9896726039016115,0.9931855841569315,0.7354951796669588,0.9969113803753861,0.8464797256405083,0.8677017085600975,0.9931855841569315,0.9205681499749678,0.8516928599717473,0.9976945237601342,0.8805323289141344,141657,1509,13,4196,147375,0.028559796437659032,1.1102230246251565e-16
HIKARI-2021__balanced__all__SVM__seed46,HIKARI-2021,46,all,balanced,SVM,ML,54,601290,100000,34388,100000.0,,200,8.467578649520874,3.5581307411193848,1.3172235488891602,12.025709390640259,2026-09-01T22:01:39.550279+00:00,gpu1.nitsri.ac.in,0.9883494486853266,0.9931963602176058,0.7107577807848444,0.9983368971252079,0.8303527319434838,0.8553541489405938,0.9931963602176058,0.9121601589092149,0.8372798166580295,0.9979278565481511,0.8769180683510892,141456,1710,7,4202,147375,0.028559796437659032,0.0
HIKARI-2021__balanced__all__SimpleRNN__seed42,HIKARI-2021,42,all,balanced,SimpleRNN,DL,55,601290,601290,34388,,46.0,200,27.883442401885986,0.23473787307739258,1.177009105682373,28.11818027496338,2026-09-01T20:06:04.343911+00:00,gpu1.nitsri.ac.in,0.9943613231552163,0.9966365721586481,0.8356518282988871,0.9990496555001188,0.9100746672438048,0.9178118635814494,0.9966365721586481,0.9535820379919924,0.9110447886603769,0.9993649616912412,0.9776680030956933,142339,827,4,4205,147375,0.028559796437659032,0.0
HIKARI-2021__balanced__all__SimpleRNN__seed43,HIKARI-2021,43,all,balanced,SimpleRNN,DL,54,601290,601290,34388,,62.0,200,37.835853099823,0.23343181610107422,1.6003379821777344,38.06928491592407,2026-09-01T20:35:04.507148+00:00,gpu1.nitsri.ac.in,0.9944834605597964,0.9957770313412053,0.8397358943577431,0.9971489665003563,0.9116976213750407,0.9198258055408262,0.9957770313412053,0.9544252072372519,0.9124472402313701,0.9993297542506876,0.9775073878928866,142365,801,12,4197,147375,0.028559796437659032,0.0
HIKARI-2021__balanced__all__SimpleRNN__seed44,HIKARI-2021,44,all,balanced,SimpleRNN,DL,55,601290,601290,34388,,69.0,200,42.15642189979553,0.23487305641174316,1.5225458145141602,42.391294956207275,2026-09-01T21:05:25.883852+00:00,gpu1.nitsri.ac.in,0.9943681085665819,0.9956023590895273,0.8370237382804708,0.9969113803753861,0.9099978312730427,0.9184662108887357,0.9956023590895273,0.9535454679886549,0.9108080836613452,0.9993153363843384,0.9779545716534243,142349,817,13,4196,147375,0.028559796437659032,0.0
HIKARI-2021__balanced__all__SimpleRNN__seed45,HIKARI-2021,45,all,balanced,SimpleRNN,DL,56,601290,601290,34388,,64.0,200,39.04491639137268,0.23349404335021973,1.6262168884277344,39.2784104347229,2026-09-01T21:34:55.648435+00:00,gpu1.nitsri.ac.in,0.994381679389313,0.9954940433750158,0.8374925134757437,0.9966737942504158,0.910175743111304,0.9186970876947014,0.9954940433750158,0.9536379465034688,0.9109597420988289,0.9989817166153965,0.9759400944561493,142352,814,14,4195,147375,0.028559796437659032,0.0
HIKARI-2021__balanced__all__SimpleRNN__seed46,HIKARI-2021,46,all,balanced,SimpleRNN,DL,54,601290,601290,34388,,34.0,200,21.457184314727783,0.22971677780151367,1.3172235488891602,21.686901092529297,2026-09-01T22:03:53.894608+00:00,gpu1.nitsri.ac.in,0.9937099236641221,0.9963012970234902,0.8200078003120125,0.9990496555001188,0.9007175752382992,0.9099898401055306,0.9963012970234902,0.9487348251507266,0.902171800514355,0.9990538897526497,0.9759583730090968,142243,923,4,4205,147375,0.028559796437659032,0.0
HIKARI-2021__balanced__top10__CNN__seed42,HIKARI-2021,42,top10,balanced,CNN,DL,10,601290,601290,34388,,19.0,200,22.507779121398926,0.2046489715576172,0.7886204719543457,22.712428092956543,2026-09-01T20:18:13.386826+00:00,gpu1.nitsri.ac.in,0.9937506361323155,0.9959763498799559,0.8213448006254886,0.9983368971252079,0.9012332439678284,0.9106477972999296,0.9959763498799559,0.949003238433069,0.9025997908066744,0.9992817660553355,0.9753179203287474,142252,914,7,4202,147375,0.028559796437659032,0.0
HIKARI-2021__balanced__top10__CNN__seed43,HIKARI-2021,43,top10,balanced,CNN,DL,10,601290,601290,34388,,26.0,200,31.51318359375,0.20389366149902344,0.8046784400939941,31.717077255249023,2026-09-01T20:46:59.343315+00:00,gpu1.nitsri.ac.in,0.994273112807464,0.9961299678647864,0.8340281913837602,0.9980993110002376,0.9087172831494701,0.9169859935687648,0.9961299678647864,0.9528805537020608,0.9096796086300654,0.9993450491707159,0.9783694320227502,142330,836,8,4201,147375,0.028559796437659032,0.0
HIKARI-2021__balanced__top10__CNN__seed44,HIKARI-2021,44,top10,balanced,CNN,DL,10,601290,601290,34388,,39.0,200,45.244469165802,0.20650529861450195,0.7867081165313721,45.450974464416504,2026-09-01T21:16:36.012304+00:00,gpu1.nitsri.ac.in,0.9944223918575064,0.9953996974578025,0.8386322735452909,0.9964362081254454,0.9107491856677524,0.9192634586151167,0.9953996974578025,0.9539352148132836,0.9114888711400502,0.9990965011193912,0.9798810228201804,142359,807,15,4194,147375,0.028559796437659032,1.1102230246251565e-16
HIKARI-2021__balanced__top10__CNN__seed45,HIKARI-2021,45,top10,balanced,CNN,DL,10,601290,601290,34388,,28.0,200,33.8040452003479,0.20407581329345703,0.7781052589416504,34.00812101364136,2026-09-01T21:46:57.750695+00:00,gpu1.nitsri.ac.in,0.9944088210347752,0.9951621113328323,0.8385677135427085,0.9959610358755049,0.9105125977410947,0.9192241556981398,0.9951621113328323,0.9538134288199068,0.9112275633610187,0.9993469451666073,0.9787298625082284,142359,807,17,4192,147375,0.028559796437659032,0.0
HIKARI-2021__balanced__top10__CNN__seed46,HIKARI-2021,46,top10,balanced,CNN,DL,10,601290,601290,34388,,25.0,200,30.221654415130615,0.20362567901611328,0.776378870010376,30.42528009414673,2026-09-01T22:14:23.989239+00:00,gpu1.nitsri.ac.in,0.9943613231552163,0.9962906703191663,0.8360525268603263,0.9983368971252079,0.9100162425554954,0.9180016759725764,0.9962906703191663,0.9535528562303772,0.9109343158822483,0.9993385413826303,0.9795476654736596,142342,824,7,4202,147375,0.028559796437659032,0.0
HIKARI-2021__balanced__top10__DT__seed42,HIKARI-2021,42,top10,balanced,DT,ML,10,601290,601290,34388,,,200,3.432769536972046,0.004052877426147461,0.7886204719543457,3.4368224143981934,2026-09-01T20:13:29.610649+00:00,gpu1.nitsri.ac.in,0.9951009329940628,0.9958642430034192,0.8555986130940241,0.9966737942504158,0.9207638279192274,0.9277501740858969,0.9958642430034192,0.959118076515016,0.9210993784987244,0.9975849907913679,0.9513284486220647,142458,708,14,4195,147375,0.028559796437659032,0.0
HIKARI-2021__balanced__top10__DT__seed43,HIKARI-2021,43,top10,balanced,DT,ML,10,601290,601290,34388,,,200,3.3018126487731934,0.0038292407989501953,0.8046784400939941,3.3056418895721436,2026-09-01T20:42:22.066207+00:00,gpu1.nitsri.ac.in,0.9948837998303647,0.9954065827855515,0.8504767701359303,0.9959610358755049,0.9174874151893193,0.9251787133327111,0.9954065827855515,0.9574237350444867,0.9179026820863222,0.9972768628323924,0.9543192918585157,142429,737,17,4192,147375,0.028559796437659032,0.0
HIKARI-2021__balanced__top10__DT__seed44,HIKARI-2021,44,top10,balanced,DT,ML,10,601290,601290,34388,,,200,3.6762120723724365,0.0038292407989501953,0.7867081165313721,3.6800413131713867,2026-09-01T21:11:52.556311+00:00,gpu1.nitsri.ac.in,0.9948295165394402,0.9950327413514732,0.8495234232407219,0.995248277500594,0.9166301969365427,0.9246915085932064,0.9950327413514732,0.9569811115630509,0.9170304285629518,0.9968790107054881,0.9507454601683935,142424,742,20,4189,147375,0.028559796437659032,1.1102230246251565e-16
HIKARI-2021__balanced__top10__DT__seed45,HIKARI-2021,45,top10,balanced,DT,ML,10,601290,601290,34388,,,200,3.104407787322998,0.002678394317626953,0.7781052589416504,3.107086181640625,2026-09-01T21:42:08.459908+00:00,gpu1.nitsri.ac.in,0.9947345207803223,0.9949838470609293,0.8471183013144591,0.995248277500594,0.915228315490496,0.9234889407295458,0.9949838470609293,0.9562555953003958,0.9156859397633416,0.9969305228809497,0.954546284019165,142410,756,20,4189,147375,0.028559796437659032,0.0
HIKARI-2021__balanced__top10__DT__seed46,HIKARI-2021,46,top10,balanced,DT,ML,10,601290,601290,34388,,,200,3.298229217529297,0.0039997100830078125,0.776378870010376,3.3022289276123047,2026-09-01T22:09:49.161090+00:00,gpu1.nitsri.ac.in,0.994863443596268,0.9952808048244173,0.8501014198782961,0.9957234497505346,0.917168180326075,0.9249875276582677,0.9952808048244173,0.9572588610927286,0.9175797834279614,0.9970923911446194,0.9497047261021727,142427,739,18,4191,147375,0.028559796437659032,1.1102230246251565e-16
HIKARI-2021__balanced__top10__GNB__seed42,HIKARI-2021,42,top10,balanced,GNB,ML,10,601290,601290,34388,,,200,0.07083940505981445,0.003611326217651367,0.7886204719543457,0.07445073127746582,2026-09-01T20:13:36.026168+00:00,gpu1.nitsri.ac.in,0.8997930449533503,0.9458868948853605,0.22114825965245866,0.9947731052506533,0.36185290813239995,0.6104884880579604,0.9458868948853605,0.6537402150747122,0.4439160680162059,0.9871938264103561,0.5760384527149089,128420,14746,22,4187,147375,0.028559796437659032,5.551115123125783e-17
HIKARI-2021__balanced__top10__GNB__seed43,HIKARI-2021,43,top10,balanced,GNB,ML,10,601290,601290,34388,,,200,0.07056450843811035,0.003359079360961914,0.8046784400939941,0.07392358779907227,2026-09-01T20:42:28.568816+00:00,gpu1.nitsri.ac.in,0.8802374893977948,0.9363981589977807,0.1920733104238259,0.9959610358755049,0.3220404086963202,0.5959689531012,0.9363981589977807,0.6281788402313975,0.40929536745146805,0.9863016910587327,0.5562932260029174,125533,17633,17,4192,147375,0.028559796437659032,5.551115123125783e-17
HIKARI-2021__balanced__top10__GNB__seed44,HIKARI-2021,44,top10,balanced,GNB,ML,10,601290,601290,34388,,,200,0.07003903388977051,0.0033431053161621094,0.7867081165313721,0.07338213920593262,2026-09-01T21:11:58.837808+00:00,gpu1.nitsri.ac.in,0.9040203562340967,0.9481779914277222,0.22870249017038008,0.9950106913756237,0.37191954176102304,0.6142698894681657,0.9481779914277222,0.6599798054837316,0.45260689143012556,0.9865426094898296,0.579459517769557,129042,14124,21,4188,147375,0.028559796437659032,0.0
HIKARI-2021__balanced__top10__GNB__seed45,HIKARI-2021,45,top10,balanced,GNB,ML,10,601290,601290,34388,,,200,0.07017040252685547,0.0033173561096191406,0.7781052589416504,0.07348775863647461,2026-09-01T21:42:14.415092+00:00,gpu1.nitsri.ac.in,0.903565733672604,0.947828696709816,0.22783914675953637,0.9947731052506533,0.3707606481891437,0.6138343007398823,0.947828696709816,0.6592710664410982,0.451567343997392,0.9863533691856945,0.5695771997076142,128976,14190,22,4187,147375,0.028559796437659032,0.0
HIKARI-2021__balanced__top10__GNB__seed46,HIKARI-2021,46,top10,balanced,GNB,ML,10,601290,601290,34388,,,200,0.06990742683410645,0.003522634506225586,0.776378870010376,0.07343006134033203,2026-09-01T22:09:55.029864+00:00,gpu1.nitsri.ac.in,0.8808210347752332,0.937505613931817,0.1930308463200478,0.997624138750297,0.3234727678915338,0.5964756212145048,0.937505613931817,0.6290637943956381,0.41089475970815376,0.9883236341817303,0.5960140189602343,125612,17554,10,4199,147375,0.028559796437659032,0.0
HIKARI-2021__balanced__top10__GRU__seed42,HIKARI-2021,42,top10,balanced,GRU,DL,10,601290,601290,34388,,67.0,200,65.99998188018799,0.3931581974029541,0.7886204719543457,66.39314007759094,2026-09-01T20:15:42.243370+00:00,gpu1.nitsri.ac.in,0.9942052586938083,0.9966715464373437,0.8317184101245798,0.9992872416250891,0.9078350960500755,0.9158486652851711,0.9966715464373437,0.9524218424863735,0.9089338802599257,0.9993635469547009,0.9788707038305081,142315,851,3,4206,147375,0.028559796437659032,0.0
HIKARI-2021__balanced__top10__GRU__seed43,HIKARI-2021,43,top10,balanced,GRU,DL,10,601290,601290,34388,,66.0,200,64.87274289131165,0.3935680389404297,0.8046784400939941,65.26631093025208,2026-09-01T20:44:10.756206+00:00,gpu1.nitsri.ac.in,0.993960983884648,0.9960846158090172,0.8263520157325467,0.9983368971252079,0.9042392941682806,0.9131514102135923,0.9960846158090172,0.9505607378301748,0.9054458760340423,0.9993189242557757,0.9771705608735826,142283,883,7,4202,147375,0.028559796437659032,0.0
HIKARI-2021__balanced__top10__GRU__seed44,HIKARI-2021,44,top10,balanced,GRU,DL,10,601290,601290,34388,,91.0,200,91.45365309715271,0.3928701877593994,0.7867081165313721,91.84652328491211,2026-09-01T21:13:58.485562+00:00,gpu1.nitsri.ac.in,0.9941374045801527,0.9954836158124922,0.8313849811769368,0.9969113803753861,0.9066551426101987,0.9156468214299052,0.9954836158124922,0.951814404653611,0.9076258920569833,0.9993691909652272,0.9792267268794813,142315,851,13,4196,147375,0.028559796437659032,1.1102230246251565e-16
HIKARI-2021__balanced__top10__GRU__seed45,HIKARI-2021,45,top10,balanced,GRU,DL,10,601290,601290,34388,,78.0,200,76.03293871879578,0.37844347953796387,0.7781052589416504,76.41138219833374,2026-09-01T21:44:23.410147+00:00,gpu1.nitsri.ac.in,0.9941713316369805,0.9959622805117574,0.8316831683168316,0.9978617248752673,0.9072254023112647,0.9158099663821995,0.9959622805117574,0.952108275446941,0.9082423887628958,0.9989580104435734,0.9775764821910312,142316,850,9,4200,147375,0.028559796437659032,1.1102230246251565e-16
HIKARI-2021__balanced__top10__GRU__seed46,HIKARI-2021,46,top10,balanced,GRU,DL,10,601290,601290,34388,,85.0,200,84.45393562316895,0.3926870822906494,0.776378870010376,84.8466227054596,2026-09-01T22:11:41.768950+00:00,gpu1.nitsri.ac.in,0.994225614927905,0.9965667231721569,0.8323436262866192,0.9990496555001188,0.9081092754562142,0.9161577606008533,0.9965667231721569,0.9525642125278366,0.9091756607041978,0.9993482719488526,0.9785004667735663,142319,847,4,4205,147375,0.028559796437659032,1.1102230246251565e-16
HIKARI-2021__balanced__top10__KNN__seed42,HIKARI-2021,42,top10,balanced,KNN,ML,10,601290,601290,34388,,,200,0.830845832824707,23.6397066116333,0.7886204719543457,24.470552444458008,2026-09-01T20:14:24.318620+00:00,gpu1.nitsri.ac.in,0.9945852417302798,0.9851064610571388,0.8555347091932458,0.9750534568781183,0.9113924050632911,0.9273991350957181,0.9851064610571388,0.9542998477525426,0.9106790474918501,0.9928128081314855,0.8731891856139881,142473,693,105,4104,147375,0.028559796437659032,0.0
HIKARI-2021__balanced__top10__KNN__seed43,HIKARI-2021,43,top10,balanced,KNN,ML,10,601290,601290,34388,,,200,0.8765871524810791,10.495144844055176,0.8046784400939941,11.371731996536255,2026-09-01T20:42:50.579525+00:00,gpu1.nitsri.ac.in,0.994693808312129,0.9865459476042588,0.8566077003121748,0.977904490377762,0.9132460616818283,0.9279776945833863,0.9865459476042588,0.9552546348390103,0.9126462906615241,0.9924402685869274,0.8715035204224585,142477,689,93,4116,147375,0.028559796437659032,1.1102230246251565e-16
HIKARI-2021__balanced__top10__KNN__seed44,HIKARI-2021,44,top10,balanced,KNN,ML,10,601290,601290,34388,,,200,0.8251218795776367,7.3207848072052,0.7867081165313721,8.145906686782837,2026-09-01T21:12:15.073316+00:00,gpu1.nitsri.ac.in,0.9942798982188296,0.98425749715857,0.8484472049689441,0.9736279401282965,0.9067374709591769,0.9238342517531241,0.98425749715857,0.9518934685140183,0.9060792768053868,0.9918861789307596,0.8667303474049397,142434,732,111,4098,147375,0.028559796437659032,0.0
HIKARI-2021__balanced__top10__KNN__seed45,HIKARI-2021,45,top10,balanced,KNN,ML,10,601290,601290,34388,,,200,0.8036510944366455,20.44236922264099,0.7781052589416504,21.246020317077637,2026-09-01T21:42:55.663556+00:00,gpu1.nitsri.ac.in,0.9943477523324852,0.985330127170261,0.8489045059942125,0.9757662152530292,0.9079252790980435,0.9240944511631966,0.985330127170261,0.9525048319656222,0.9073605984728149,0.9919303693260266,0.8628793810017714,142435,731,102,4107,147375,0.028559796437659032,1.1102230246251565e-16
HIKARI-2021__balanced__top10__KNN__seed46,HIKARI-2021,46,top10,balanced,KNN,ML,10,601290,601290,34388,,,200,0.8176672458648682,5.872466802597046,0.776378870010376,6.690134048461914,2026-09-01T22:10:07.908600+00:00,gpu1.nitsri.ac.in,0.9944088210347752,0.9861686635063062,0.8494734668593846,0.9774293181278213,0.9089703932832524,0.9244034749333547,0.9861686635063062,0.9530431144429409,0.9084749202829567,0.9936917511685898,0.8651022081293966,142437,729,95,4114,147375,0.028559796437659032,1.1102230246251565e-16
HIKARI-2021__balanced__top10__LSTM__seed42,HIKARI-2021,42,top10,balanced,LSTM,DL,10,601290,601290,34388,,73.0,200,64.60005497932434,0.3720881938934326,0.7886204719543457,64.97214317321777,2026-09-01T20:16:47.864932+00:00,gpu1.nitsri.ac.in,0.994008481764207,0.9965702654069315,0.8269760125835627,0.9992872416250891,0.9050026896180743,0.9134774643665446,0.9965702654069315,0.9509546912209059,0.9062463555132901,0.9992972485005593,0.9782580146119515,142286,880,3,4206,147375,0.028559796437659032,1.1102230246251565e-16
HIKARI-2021__balanced__top10__LSTM__seed43,HIKARI-2021,43,top10,balanced,LSTM,DL,10,601290,601290,34388,,81.0,200,72.57549095153809,0.35724854469299316,0.8046784400939941,72.93273949623108,2026-09-01T20:45:24.346414+00:00,gpu1.nitsri.ac.in,0.9941441899915182,0.9962942125539409,0.8306324110671937,0.9985744832501782,0.9068939475671594,0.9152951255350021,0.9962942125539409,0.9519354896567902,0.907983628277259,0.9993159421073146,0.9759582390392707,142309,857,6,4203,147375,0.028559796437659032,0.0
HIKARI-2021__balanced__top10__LSTM__seed44,HIKARI-2021,44,top10,balanced,LSTM,DL,10,601290,601290,34388,,69.0,200,60.52682638168335,0.37009286880493164,0.7867081165313721,60.89691925048828,2026-09-01T21:15:00.036662+00:00,gpu1.nitsri.ac.in,0.9939813401187447,0.9956338907043485,0.8273551438707134,0.9973865526253267,0.9044489927825057,0.9136389214690915,0.9956338907043485,0.9506709017550952,0.9055682591488645,0.9993353659006714,0.9780592730843408,142290,876,11,4198,147375,0.028559796437659032,0.0
HIKARI-2021__balanced__top10__LSTM__seed45,HIKARI-2021,45,top10,balanced,LSTM,DL,10,601290,601290,34388,,67.0,200,58.643094539642334,0.37063169479370117,0.7781052589416504,59.013726234436035,2026-09-01T21:45:23.077846+00:00,gpu1.nitsri.ac.in,0.9940152671755725,0.9959972547904531,0.8277832512315271,0.9980993110002376,0.9049978457561396,0.913863515988216,0.9959972547904531,0.950954080409965,0.9061460539848529,0.9991634094452961,0.9778484944915147,142292,874,8,4201,147375,0.028559796437659032,1.1102230246251565e-16
HIKARI-2021__balanced__top10__LSTM__seed46,HIKARI-2021,46,top10,balanced,LSTM,DL,10,601290,601290,34388,,82.0,200,72.42932605743408,0.36861538887023926,0.776378870010376,72.79794144630432,2026-09-01T22:12:55.219628+00:00,gpu1.nitsri.ac.in,0.9942188295165394,0.9965632307228323,0.832178903621611,0.9990496555001188,0.9080112286763118,0.9160753991696116,0.9965632307228323,0.952513432530164,0.9090824922655905,0.9993573179651358,0.977554255221411,142318,848,4,4205,147375,0.028559796437659032,1.1102230246251565e-16
HIKARI-2021__balanced__top10__MLP__seed42,HIKARI-2021,42,top10,balanced,MLP,DL,10,601290,601290,34388,,85.0,200,21.75106978416443,0.11180686950683594,0.7886204719543457,21.862876653671265,2026-09-01T20:17:10.363870+00:00,gpu1.nitsri.ac.in,0.9942866836301951,0.9967134558292384,0.8336967294350842,0.9992872416250891,0.9090123189971904,0.9168378258290435,0.9967134558292384,0.9530315328838616,0.9100526511974797,0.9992491665426095,0.9784675335617582,142327,839,3,4206,147375,0.028559796437659032,0.0
HIKARI-2021__balanced__top10__MLP__seed43,HIKARI-2021,43,top10,balanced,MLP,DL,10,601290,601290,34388,,60.0,200,15.296454906463623,0.11091804504394531,0.8046784400939941,15.407372951507568,2026-09-01T20:45:40.387569+00:00,gpu1.nitsri.ac.in,0.9931060220525869,0.9957598678072832,0.8062535967772876,0.9985744832501782,0.8921672680959457,0.9031056957029753,0.9957598678072832,0.9443032269375595,0.8940774606577887,0.9991601028616519,0.9713659374513337,142156,1010,6,4203,147375,0.028559796437659032,0.0
HIKARI-2021__balanced__top10__MLP__seed44,HIKARI-2021,44,top10,balanced,MLP,DL,10,601290,601290,34388,,80.0,200,20.15955376625061,0.10961294174194336,0.7867081165313721,20.269166707992554,2026-09-01T21:15:20.954048+00:00,gpu1.nitsri.ac.in,0.993540288379983,0.9952915808850915,0.8170138212964766,0.9971489665003563,0.8981382409586989,0.908464727827895,0.9952915808850915,0.9474013092363396,0.8995757684190403,0.9990977341390385,0.9782643689944759,142226,940,12,4197,147375,0.028559796437659032,1.1102230246251565e-16
HIKARI-2021__balanced__top10__MLP__seed45,HIKARI-2021,45,top10,balanced,MLP,DL,10,601290,601290,34388,,74.0,200,19.45003390312195,0.10916447639465332,0.7781052589416504,19.5591983795166,2026-09-01T21:45:43.292293+00:00,gpu1.nitsri.ac.in,0.9940356234096692,0.9953159284594633,0.8290513833992095,0.9966737942504158,0.9051677635127845,0.9144765050362171,0.9953159284594633,0.9510443747489207,0.9061938311788428,0.9992351602359814,0.9781551158088047,142301,865,14,4195,147375,0.028559796437659032,0.0
HIKARI-2021__balanced__top10__MLP__seed46,HIKARI-2021,46,top10,balanced,MLP,DL,10,601290,601290,34388,,103.0,200,25.69788432121277,0.11014914512634277,0.776378870010376,25.80803346633911,2026-09-01T22:13:21.653557+00:00,gpu1.nitsri.ac.in,0.9942595419847329,0.9963535841924585,0.8334324806662701,0.9985744832501782,0.9085603112840467,0.9166951628523156,0.9963535841924585,0.9527985340544816,0.9095672324735693,0.9991787441936848,0.9748622842340923,142326,840,6,4203,147375,0.028559796437659032,0.0
HIKARI-2021__balanced__top10__RF__seed42,HIKARI-2021,42,top10,balanced,RF,ML,10,601290,601290,34388,,,200,6.050382614135742,0.04515218734741211,0.7886204719543457,6.095534801483154,2026-09-01T20:13:35.839681+00:00,gpu1.nitsri.ac.in,0.9951416454622561,0.9969229032178119,0.8553407934893185,0.9988120693751484,0.9215256466462078,0.9276528479590351,0.9969229032178119,0.9595094360264292,0.9219772118163644,0.999398540317819,0.9678591335068272,142455,711,5,4204,147375,0.028559796437659032,1.1102230246251565e-16
HIKARI-2021__balanced__top10__RF__seed43,HIKARI-2021,43,top10,balanced,RF,ML,10,601290,601290,34388,,,200,6.138073205947876,0.045318603515625,0.8046784400939941,6.183391809463501,2026-09-01T20:42:28.384310+00:00,gpu1.nitsri.ac.in,0.9949652247667515,0.996370897082731,0.8514088789783093,0.9978617248752673,0.9188361408882083,0.9256728476833671,0.996370897082731,0.9581190872223457,0.919329349620371,0.9993993642670183,0.9674589194398386,142433,733,9,4200,147375,0.028559796437659032,1.1102230246251565e-16
HIKARI-2021__balanced__top10__RF__seed44,HIKARI-2021,44,top10,balanced,RF,ML,10,601290,601290,34388,,,200,5.927010536193848,0.036223411560058594,0.7867081165313721,5.963233947753906,2026-09-01T21:11:58.654191+00:00,gpu1.nitsri.ac.in,0.9948363019508057,0.9960739393192432,0.8484236054971706,0.9973865526253267,0.91689417931637,0.9241731864749855,0.9960739393192432,0.9571147740902264,0.9174339509048963,0.9991712050170245,0.9690944611338038,142416,750,11,4198,147375,0.028559796437659032,0.0
HIKARI-2021__balanced__top10__RF__seed45,HIKARI-2021,45,top10,balanced,RF,ML,10,601290,601290,34388,,,200,5.599539756774902,0.04735541343688965,0.7781052589416504,5.646895170211792,2026-09-01T21:42:14.231289+00:00,gpu1.nitsri.ac.in,0.9947413061916879,0.9955638425760569,0.8465886152603956,0.9964362081254454,0.9154207137400415,0.9232416468568568,0.9955638425760569,0.9563535023913505,0.9159547081697926,0.9991419585543628,0.967271704030483,142406,760,15,4194,147375,0.028559796437659032,1.1102230246251565e-16
HIKARI-2021__balanced__top10__RF__seed46,HIKARI-2021,46,top10,balanced,RF,ML,10,601290,601290,34388,,,200,5.515031814575195,0.04561352729797363,0.776378870010376,5.560645341873169,2026-09-01T22:09:54.845769+00:00,gpu1.nitsri.ac.in,0.9948091603053435,0.996867073814069,0.846757954087797,0.9990496555001188,0.9166212534059945,0.9233649329876942,0.996867073814069,0.9569712237440549,0.9172918737437611,0.9992738294248321,0.9689959557204362,142405,761,4,4205,147375,0.028559796437659032,1.1102230246251565e-16
HIKARI-2021__balanced__top10__SVM__seed42,HIKARI-2021,42,top10,balanced,SVM,ML,10,601290,100000,34388,100000.0,,200,3.37365984916687,3.639031171798706,0.7886204719543457,7.012691020965576,2026-09-01T20:14:35.219711+00:00,gpu1.nitsri.ac.in,0.9759457167090755,0.9854285554943825,0.5430274753758424,0.9954858636255642,0.7027253668763103,0.7714457148608925,0.9854285554943825,0.8450955571232961,0.7259958712281029,0.9899100525277322,0.538890715930978,139640,3526,19,4190,147375,0.028559796437659032,0.0
HIKARI-2021__balanced__top10__SVM__seed43,HIKARI-2021,43,top10,balanced,SVM,ML,10,601290,100000,34388,100000.0,,200,3.9371137619018555,5.074051141738892,0.8046784400939941,9.011164903640747,2026-09-01T20:43:04.855993+00:00,gpu1.nitsri.ac.in,0.9324240882103477,0.9623361818476892,0.29635925768522453,0.9940603468757424,0.45659409614230373,0.6480858251399926,0.9623361818476892,0.710282989906672,0.5233180103187304,0.9913165047691954,0.5902049435886099,133232,9934,25,4184,147375,0.028559796437659032,5.551115123125783e-17
HIKARI-2021__balanced__top10__SVM__seed44,HIKARI-2021,44,top10,balanced,SVM,ML,10,601290,100000,34388,100000.0,,200,3.7322628498077393,3.4933714866638184,0.7867081165313721,7.225634336471558,2026-09-01T21:12:26.028132+00:00,gpu1.nitsri.ac.in,0.977635284139101,0.986874678442001,0.5610538986224421,0.9966737942504158,0.71795310628102,0.7804769128560896,0.986874678442001,0.8531545482228942,0.7390726804779452,0.9907452997050407,0.5617526744654194,139884,3282,14,4195,147375,0.028559796437659032,1.1102230246251565e-16
HIKARI-2021__balanced__top10__SVM__seed45,HIKARI-2021,45,top10,balanced,SVM,ML,10,601290,100000,34388,100000.0,,200,3.790013313293457,3.337669849395752,0.7781052589416504,7.127683162689209,2026-09-01T21:43:06.353372+00:00,gpu1.nitsri.ac.in,0.9781441899915182,0.9872519127545036,0.5667206915180983,0.9969113803753861,0.7226384224575906,0.7833139075682811,0.9872519127545036,0.855631152091346,0.7430888059245613,0.9912311492745131,0.5801073566032456,139958,3208,13,4196,147375,0.028559796437659032,0.0
HIKARI-2021__balanced__top10__SVM__seed46,HIKARI-2021,46,top10,balanced,SVM,ML,10,601290,100000,34388,100000.0,,200,1.4840989112854004,3.336888313293457,0.776378870010376,4.820987224578857,2026-09-01T22:10:16.280896+00:00,gpu1.nitsri.ac.in,0.97606106870229,0.9869868351039877,0.5440776699029126,0.9985744832501782,0.7043740573152338,0.7720173526743349,0.9869868351039877,0.8459497577818531,0.7279254623166842,0.991627353503019,0.5964157764257518,139644,3522,6,4203,147375,0.028559796437659032,1.1102230246251565e-16
HIKARI-2021__balanced__top10__SimpleRNN__seed42,HIKARI-2021,42,top10,balanced,SimpleRNN,DL,10,601290,601290,34388,,70.0,200,38.778616189956665,0.21715545654296875,0.7886204719543457,38.995771646499634,2026-09-01T20:17:49.998145+00:00,gpu1.nitsri.ac.in,0.994551314673452,0.9968496613528963,0.8401917698761486,0.9992872416250891,0.9128594682582746,0.9200853489365571,0.9968496613528963,0.9550236017810889,0.9137160682803858,0.9994098565506269,0.9805892333320644,142366,800,3,4206,147375,0.028559796437659032,0.0
HIKARI-2021__balanced__top10__SimpleRNN__seed43,HIKARI-2021,43,top10,balanced,SimpleRNN,DL,10,601290,601290,34388,,84.0,200,45.704567432403564,0.21875286102294922,0.8046784400939941,45.923320293426514,2026-09-01T20:46:26.947367+00:00,gpu1.nitsri.ac.in,0.9943477523324852,0.9962836854205172,0.835719968178202,0.9983368971252079,0.9098192053697087,0.9178353962860564,0.9962836854205172,0.9534508249759585,0.91074670544117,0.9993642041226422,0.9788075070134802,142340,826,7,4202,147375,0.028559796437659032,0.0
HIKARI-2021__balanced__top10__SimpleRNN__seed44,HIKARI-2021,44,top10,balanced,SimpleRNN,DL,10,601290,601290,34388,,50.0,200,28.063228845596313,0.21793532371520996,0.7867081165313721,28.281164169311523,2026-09-01T21:15:49.890338+00:00,gpu1.nitsri.ac.in,0.9935674300254453,0.9950749494560686,0.8178982257750049,0.9966737942504158,0.8984793317626901,0.9088999023648867,0.9950749494560686,0.9475789088003534,0.8998579854530107,0.9993085871368197,0.9785542259644794,142232,934,14,4195,147375,0.028559796437659032,0.0
HIKARI-2021__balanced__top10__SimpleRNN__seed45,HIKARI-2021,45,top10,balanced,SimpleRNN,DL,10,601290,601290,34388,,70.0,200,38.893059492111206,0.2189176082611084,0.7781052589416504,39.111977100372314,2026-09-01T21:46:23.076066+00:00,gpu1.nitsri.ac.in,0.9942866836301951,0.9957910509239538,0.8347584012726188,0.9973865526253267,0.9088547304611387,0.9173405623886592,0.9957910509239538,0.9529528212534335,0.9097553869472107,0.9992899159335171,0.9797464702752612,142335,831,11,4198,147375,0.028559796437659032,1.1102230246251565e-16
HIKARI-2021__balanced__top10__SimpleRNN__seed46,HIKARI-2021,46,top10,balanced,SimpleRNN,DL,10,601290,601290,34388,,55.0,200,30.3381085395813,0.21625447273254395,0.776378870010376,30.554363012313843,2026-09-01T22:13:52.849865+00:00,gpu1.nitsri.ac.in,0.9939677692960136,0.9962034088715024,0.8263861580810067,0.9985744832501782,0.9043571812802582,0.91317199519003,0.9962034088715024,0.9506214275145927,0.9055768381833379,0.9992781956088058,0.9767784183318553,142283,883,6,4203,147375,0.028559796437659032,0.0
HIKARI-2021__balanced__top20__CNN__seed42,HIKARI-2021,42,top20,balanced,CNN,DL,20,601290,601290,34388,,32.0,200,49.63402462005615,0.24494600296020508,1.0329596996307373,49.87897062301636,2026-09-01T20:13:25.266034+00:00,gpu1.nitsri.ac.in,0.9947345207803223,0.9969439574846595,0.8447479413536855,0.9992872416250891,0.9155420113191118,0.9223634366730786,0.9969439574846595,0.9564122814595573,0.9162771583252329,0.9994232496664616,0.980818635944487,142393,773,3,4206,147375,0.028559796437659032,0.0
HIKARI-2021__balanced__top20__CNN__seed43,HIKARI-2021,43,top20,balanced,CNN,DL,20,601290,601290,34388,,68.0,200,108.95955681800842,0.23301148414611816,0.8334956169128418,109.19256830215454,2026-09-01T20:42:17.841846+00:00,gpu1.nitsri.ac.in,0.9947209499575912,0.9962451689070467,0.8452404910444757,0.9978617248752673,0.9152320767051645,0.9225886457300942,0.9962451689070467,0.9562538599877566,0.9158767905750878,0.9993981644376709,0.9797882354194183,142397,769,9,4200,147375,0.028559796437659032,0.0
HIKARI-2021__balanced__top20__CNN__seed44,HIKARI-2021,44,top20,balanced,CNN,DL,20,601290,601290,34388,,31.0,200,50.22479701042175,0.23035025596618652,1.22349214553833,50.45514726638794,2026-09-01T21:11:47.978876+00:00,gpu1.nitsri.ac.in,0.9944359626802375,0.9949454799038093,0.8395111200160289,0.9954858636255642,0.9108695652173913,0.919688839028129,0.9949454799038093,0.9539989570089757,0.911532980956915,0.9992027731411759,0.9795828194890428,142365,801,19,4190,147375,0.028559796437659032,0.0
HIKARI-2021__balanced__top20__CNN__seed45,HIKARI-2021,45,top20,balanced,CNN,DL,20,601290,601290,34388,,31.0,200,49.951104164123535,0.23308515548706055,1.0123283863067627,50.184189319610596,2026-09-01T21:42:04.455812+00:00,gpu1.nitsri.ac.in,0.9943613231552163,0.9954835660270421,0.8369912210694334,0.9966737942504158,0.9098796226005856,0.9184464404554123,0.9954835660270421,0.9534846176071828,0.9106774061283613,0.9992991146251806,0.9795106183743134,142349,817,14,4195,147375,0.028559796437659032,1.1102230246251565e-16
HIKARI-2021__balanced__top20__CNN__seed46,HIKARI-2021,46,top20,balanced,CNN,DL,20,601290,601290,34388,,20.0,200,31.14880061149597,0.23021316528320312,0.9083387851715088,31.379013776779175,2026-09-01T22:09:44.967309+00:00,gpu1.nitsri.ac.in,0.9939813401187447,0.9963256943833121,0.8265827762485254,0.9988120693751484,0.9045723507261969,0.9132738182488682,0.9963256943833121,0.950732515416697,0.9058000106266553,0.9993738085657241,0.9793489839869438,142284,882,5,4204,147375,0.028559796437659032,1.1102230246251565e-16
HIKARI-2021__balanced__top20__DT__seed42,HIKARI-2021,42,top20,balanced,DT,ML,20,601290,601290,34388,,,200,9.532360315322876,0.0038144588470458984,1.0329596996307373,9.536174774169922,2026-09-01T20:07:35.359292+00:00,gpu1.nitsri.ac.in,0.9950941475826972,0.9956301493277735,0.8557142857142858,0.9961986220004752,0.9206279503787463,0.9278009926553531,0.9956301493277735,0.9590484005694832,0.9209366316361671,0.9973430467799987,0.9506055771184223,142459,707,16,4193,147375,0.028559796437659032,1.1102230246251565e-16
HIKARI-2021__balanced__top20__DT__seed43,HIKARI-2021,43,top20,balanced,DT,ML,20,601290,601290,34388,,,200,7.417799234390259,0.003081798553466797,0.8334956169128418,7.420881032943726,2026-09-01T20:36:34.591017+00:00,gpu1.nitsri.ac.in,0.9947955894826124,0.9932857699074416,0.8507949449653486,0.9916844856260394,0.9158529895776193,0.9252746387434048,0.9932857699074416,0.9565838722110442,0.9160391423834453,0.9951017638994928,0.9480708617939791,142434,732,35,4174,147375,0.028559796437659032,0.0
HIKARI-2021__balanced__top20__DT__seed44,HIKARI-2021,44,top20,balanced,DT,ML,20,601290,601290,34388,,,200,8.853588581085205,0.003818035125732422,1.22349214553833,8.857406616210938,2026-09-01T21:06:22.808969+00:00,gpu1.nitsri.ac.in,0.9948295165394402,0.9945715388988309,0.850091407678245,0.9942979330007128,0.9165571616294349,0.9249614649375978,0.9945715388988309,0.9569446312737222,0.9168944229013268,0.9964021250063065,0.9497748848055467,142428,738,24,4185,147375,0.028559796437659032,1.1102230246251565e-16
HIKARI-2021__balanced__top20__DT__seed45,HIKARI-2021,45,top20,balanced,DT,ML,20,601290,601290,34388,,,200,8.196580171585083,0.0031523704528808594,1.0123283863067627,8.199732542037964,2026-09-01T21:36:46.983416+00:00,gpu1.nitsri.ac.in,0.9947616624257846,0.9933836082739793,0.8497862812945247,0.9919220717510098,0.9153694365270774,0.9247738105802972,0.9933836082739793,0.9563333101382849,0.9155903786396946,0.9951693036708568,0.9448350400322749,142428,738,34,4175,147375,0.028559796437659032,0.0
HIKARI-2021__balanced__top20__DT__seed46,HIKARI-2021,46,top20,balanced,DT,ML,20,601290,601290,34388,,,200,8.091495037078857,0.003119230270385742,0.9083387851715088,8.094614267349243,2026-09-01T22:05:15.853866+00:00,gpu1.nitsri.ac.in,0.9947684478371501,0.9931564994969828,0.8502444987775061,0.9914468995010691,0.9154327081276735,0.9249959043404261,0.9931564994969828,0.956366720092972,0.9156188999470884,0.9948322121965278,0.9379803036010399,142431,735,36,4173,147375,0.028559796437659032,0.0
HIKARI-2021__balanced__top20__GNB__seed42,HIKARI-2021,42,top20,balanced,GNB,ML,20,601290,601290,34388,,,200,0.08961272239685059,0.005905628204345703,1.0329596996307373,0.09551835060119629,2026-09-01T20:07:45.380291+00:00,gpu1.nitsri.ac.in,0.8813638676844784,0.9369779055856577,0.19354540837527126,0.9959610358755049,0.32410700479356735,0.5967050914732636,0.9369779055856577,0.6295410991864535,0.411134957557521,0.9670139430824257,0.31641666236572125,125699,17467,17,4192,147375,0.028559796437659032,5.551115123125783e-17
HIKARI-2021__balanced__top20__GNB__seed43,HIKARI-2021,43,top20,balanced,GNB,ML,20,601290,601290,34388,,,200,0.08690094947814941,0.005602836608886719,0.8334956169128418,0.09250378608703613,2026-09-01T20:36:44.523421+00:00,gpu1.nitsri.ac.in,0.871735368956743,0.9327139236730702,0.18181030749242097,0.9973865526253267,0.3075570533719184,0.590860900618319,0.9327139236730702,0.6184393430597996,0.39656917083919513,0.9601757414108142,0.2731656352376599,124274,18892,11,4198,147375,0.028559796437659032,0.0
HIKARI-2021__balanced__top20__GNB__seed44,HIKARI-2021,44,top20,balanced,GNB,ML,20,601290,601290,34388,,,200,0.08727264404296875,0.0056416988372802734,1.22349214553833,0.09291434288024902,2026-09-01T21:06:32.700357+00:00,gpu1.nitsri.ac.in,0.8998948261238338,0.9461698828515501,0.2213825177042596,0.995248277500594,0.36219791621633307,0.6106134093663257,0.9461698828515501,0.6539414323091614,0.44430787478406936,0.970086207356924,0.3439723470843688,128433,14733,20,4189,147375,0.028559796437659032,5.551115123125783e-17
HIKARI-2021__balanced__top20__GNB__seed45,HIKARI-2021,45,top20,balanced,GNB,ML,20,601290,601290,34388,,,200,0.08821439743041992,0.005680561065673828,1.0123283863067627,0.09389495849609375,2026-09-01T21:36:57.142906+00:00,gpu1.nitsri.ac.in,0.8836369804919423,0.9379172748830642,0.19652908067542213,0.9954858636255642,0.32825414234791805,0.5981891764092672,0.9379172748830642,0.6322777726422695,0.41472273415456123,0.9682997062655124,0.32858803009400306,126036,17130,19,4190,147375,0.028559796437659032,0.0
HIKARI-2021__balanced__top20__GNB__seed46,HIKARI-2021,46,top20,balanced,GNB,ML,20,601290,601290,34388,,,200,0.08916187286376953,0.005835294723510742,0.9083387851715088,0.09499716758728027,2026-09-01T22:05:26.210297+00:00,gpu1.nitsri.ac.in,0.8595623409669211,0.9271402732637725,0.16886246786632392,0.9988120693751484,0.28888507129359214,0.5844108222707545,0.9271402732637725,0.605486409990375,0.3797644622191488,0.9569424494169954,0.2569556986125212,122474,20692,5,4204,147375,0.028559796437659032,5.551115123125783e-17
HIKARI-2021__balanced__top20__GRU__seed42,HIKARI-2021,42,top20,balanced,GRU,DL,20,601290,601290,34388,,92.0,200,89.81280469894409,0.4007234573364258,1.0329596996307373,90.21352815628052,2026-09-01T20:09:54.438711+00:00,gpu1.nitsri.ac.in,0.9945648854961832,0.996971946864706,0.8403915301638034,0.9995248277500594,0.9130765056972328,0.9201887410808902,0.996971946864706,0.955135622698197,0.9139409536848644,0.9994178114357956,0.9808058008533502,142367,799,2,4207,147375,0.028559796437659032,0.0
HIKARI-2021__balanced__top20__GRU__seed43,HIKARI-2021,43,top20,balanced,GRU,DL,20,601290,601290,34388,,48.0,200,47.409958362579346,0.385465145111084,0.8334956169128418,47.79542350769043,2026-09-01T20:38:12.499374+00:00,gpu1.nitsri.ac.in,0.9940356234096692,0.9956618302989451,0.8286616660086854,0.9973865526253267,0.9052291105121294,0.9142921847108405,0.9956618302989451,0.9510750158918472,0.9063086064963165,0.9993441895419443,0.9779560627395232,142298,868,11,4198,147375,0.028559796437659032,0.0
HIKARI-2021__balanced__top20__GRU__seed44,HIKARI-2021,44,top20,balanced,GRU,DL,20,601290,601290,34388,,99.0,200,97.58914875984192,0.392697811126709,1.22349214553833,97.98184657096863,2026-09-01T21:08:49.970115+00:00,gpu1.nitsri.ac.in,0.9943884648006786,0.9953822352111797,0.8377946464242908,0.9964362081254454,0.9102550189907759,0.9188446432045595,0.9953822352111797,0.9536793507757915,0.911017443426642,0.999413574693992,0.9809885424617174,142354,812,15,4194,147375,0.028559796437659032,0.0
HIKARI-2021__balanced__top20__GRU__seed45,HIKARI-2021,45,top20,balanced,GRU,DL,20,601290,601290,34388,,85.0,200,84.42971181869507,0.3971242904663086,1.0123283863067627,84.82683610916138,2026-09-01T21:39:01.363888+00:00,gpu1.nitsri.ac.in,0.9943273960983885,0.9959273062330617,0.8356218905472637,0.997624138750297,0.9094650205761317,0.917775820580973,0.9959273062330617,0.9532684942609431,0.9103547381324024,0.9992348980326108,0.9788665639163261,142340,826,10,4199,147375,0.028559796437659032,0.0
HIKARI-2021__balanced__top20__GRU__seed46,HIKARI-2021,46,top20,balanced,GRU,DL,20,601290,601290,34388,,69.0,200,68.41528344154358,0.3761425018310547,0.9083387851715088,68.79142594337463,2026-09-01T22:07:13.359322+00:00,gpu1.nitsri.ac.in,0.9943477523324852,0.9963989860336777,0.8355864811133201,0.9985744832501782,0.9098387271349713,0.9177721650007923,0.9963989860336777,0.9534605756398751,0.9107835727536759,0.999380688914928,0.9796844174346181,142339,827,6,4203,147375,0.028559796437659032,1.1102230246251565e-16
HIKARI-2021__balanced__top20__KNN__seed42,HIKARI-2021,42,top20,balanced,KNN,ML,20,601290,601290,34388,,,200,0.011903762817382812,14.692156553268433,1.0329596996307373,14.704060316085815,2026-09-01T20:08:14.947777+00:00,gpu1.nitsri.ac.in,0.9936081424936387,0.9842576465149204,0.8310030395136778,0.9743406985032074,0.8969816272965879,0.9151224127644211,0.9842576465149204,0.946841688629912,0.8967189138651953,0.9929277527786778,0.8557590836524341,142332,834,108,4101,147375,0.028559796437659032,1.1102230246251565e-16
HIKARI-2021__balanced__top20__KNN__seed43,HIKARI-2021,43,top20,balanced,KNN,ML,20,601290,601290,34388,,,200,0.011293888092041016,14.732194662094116,0.8334956169128418,14.743488550186157,2026-09-01T20:37:14.565718+00:00,gpu1.nitsri.ac.in,0.9935606446140798,0.983541395690685,0.8306288032454361,0.9729151817533856,0.8961593172119487,0.9149142471771425,0.983541395690685,0.9464183080277404,0.8958308192331528,0.9906293834118141,0.849364953004255,142331,835,114,4095,147375,0.028559796437659032,0.0
HIKARI-2021__balanced__top20__KNN__seed44,HIKARI-2021,44,top20,balanced,KNN,ML,20,601290,601290,34388,,,200,0.011284589767456055,15.252836465835571,1.22349214553833,15.264121055603027,2026-09-01T21:07:02.651864+00:00,gpu1.nitsri.ac.in,0.993431721798134,0.984397444058803,0.8263846928499496,0.974815870753148,0.894484412470024,0.9128201815489128,0.984397444058803,0.9455473859419902,0.8943579614409085,0.9907867676659446,0.8458268398433992,142304,862,106,4103,147375,0.028559796437659032,0.0
HIKARI-2021__balanced__top20__KNN__seed45,HIKARI-2021,45,top20,balanced,KNN,ML,20,601290,601290,34388,,,200,0.01195216178894043,14.73675274848938,1.0123283863067627,14.74870491027832,2026-09-01T21:37:26.754625+00:00,gpu1.nitsri.ac.in,0.9933163698049194,0.982493262609716,0.8256565656565656,0.9710144927536232,0.892455508243258,0.9123999872341104,0.982493262609716,0.9445032600024166,0.8921439689664246,0.9897074813395752,0.8434943657588123,142303,863,122,4087,147375,0.028559796437659032,0.0
HIKARI-2021__balanced__top20__KNN__seed46,HIKARI-2021,46,top20,balanced,KNN,ML,20,601290,601290,34388,,,200,0.011237144470214844,14.59391474723816,0.9083387851715088,14.605151891708374,2026-09-01T22:05:55.780694+00:00,gpu1.nitsri.ac.in,0.9933502968617473,0.9845861358932295,0.8241317004617547,0.9752910430030887,0.8933623503808488,0.9117006663045883,0.9845861358932295,0.9449652485900601,0.8933183867562748,0.9927464134254738,0.8466076645226306,142290,876,104,4105,147375,0.028559796437659032,0.0
HIKARI-2021__balanced__top20__LSTM__seed42,HIKARI-2021,42,top20,balanced,LSTM,DL,20,601290,601290,34388,,113.0,200,100.42082905769348,0.3611772060394287,1.0329596996307373,100.78200626373291,2026-09-01T20:11:35.772254+00:00,gpu1.nitsri.ac.in,0.9948227311280746,0.9971046599390393,0.8468196457326892,0.9995248277500594,0.9168573607932876,0.9234028007396233,0.9971046599390393,0.9570927697888483,0.9175521898593174,0.9994403800100836,0.9815956111342631,142405,761,2,4207,147375,0.028559796437659032,0.0
HIKARI-2021__balanced__top20__LSTM__seed43,HIKARI-2021,43,top20,balanced,LSTM,DL,20,601290,601290,34388,,59.0,200,53.19517374038696,0.36734962463378906,0.8334956169128418,53.56252336502075,2026-09-01T20:39:06.615137+00:00,gpu1.nitsri.ac.in,0.9942798982188296,0.9959028590877897,0.8344594594594594,0.997624138750297,0.9087761064819825,0.9171946033097442,0.9959028590877897,0.9529117425117323,0.9096988437440128,0.9993648305895559,0.9782348958370378,142333,833,10,4199,147375,0.028559796437659032,0.0
HIKARI-2021__balanced__top20__LSTM__seed44,HIKARI-2021,44,top20,balanced,LSTM,DL,20,601290,601290,34388,,95.0,200,85.01773166656494,0.365567684173584,1.22349214553833,85.38329935073853,2026-09-01T21:10:15.904383+00:00,gpu1.nitsri.ac.in,0.9942391857506361,0.9951901007128788,0.8342618384401114,0.9961986220004752,0.9080671358960476,0.9170747193170006,0.9951901007128788,0.9525467809140676,0.908914236357603,0.9993588969936614,0.980110169391778,142333,833,16,4193,147375,0.028559796437659032,0.0
HIKARI-2021__balanced__top20__LSTM__seed45,HIKARI-2021,45,top20,balanced,LSTM,DL,20,601290,601290,34388,,87.0,200,78.00712418556213,0.3590564727783203,1.0123283863067627,78.36618065834045,2026-09-01T21:40:20.289303+00:00,gpu1.nitsri.ac.in,0.9942527565733673,0.9956582880641703,0.8340620031796503,0.9971489665003563,0.9083432528947084,0.9169888498858425,0.9956582880641703,0.952688310684979,0.9092501954385581,0.9992087200131904,0.978931130074042,142331,835,12,4197,147375,0.028559796437659032,0.0
HIKARI-2021__balanced__top20__LSTM__seed46,HIKARI-2021,46,top20,balanced,LSTM,DL,20,601290,601290,34388,,73.0,200,65.17647194862366,0.3676424026489258,0.9083387851715088,65.54411435127258,2026-09-01T22:08:19.457106+00:00,gpu1.nitsri.ac.in,0.9940966921119593,0.9963850660218296,0.8293549023476031,0.9988120693751484,0.9062297909032119,0.9146598833973199,0.9963850660218296,0.9515911032758408,0.9073719713475457,0.9993489714344265,0.978524660585544,142301,865,5,4204,147375,0.028559796437659032,1.1102230246251565e-16
HIKARI-2021__balanced__top20__MLP__seed42,HIKARI-2021,42,top20,balanced,MLP,DL,20,601290,601290,34388,,98.0,200,25.362417459487915,0.11125063896179199,1.0329596996307373,25.473668098449707,2026-09-01T20:12:01.799214+00:00,gpu1.nitsri.ac.in,0.994754877014419,0.9968391342194725,0.8453960595094492,0.9990496555001188,0.915822715888054,0.9226839849095338,0.9968391342194725,0.9565579102417365,0.9165281121949057,0.9993247972793724,0.9786836276748446,142397,769,4,4205,147375,0.028559796437659032,1.1102230246251565e-16
HIKARI-2021__balanced__top20__MLP__seed43,HIKARI-2021,43,top20,balanced,MLP,DL,20,601290,601290,34388,,86.0,200,22.48109459877014,0.11917543411254883,0.8334956169128418,22.60027003288269,2026-09-01T20:39:29.740267+00:00,gpu1.nitsri.ac.in,0.9945852417302798,0.9961753199205555,0.8418520745640409,0.9978617248752673,0.91324200913242,0.9208944330512674,0.9961753199205555,0.9552237109034096,0.9139746823014157,0.9993209480343223,0.9792533102088418,142377,789,9,4200,147375,0.028559796437659032,0.0
HIKARI-2021__balanced__top20__MLP__seed44,HIKARI-2021,44,top20,balanced,MLP,DL,20,601290,601290,34388,,62.0,200,16.441128730773926,0.11542916297912598,1.22349214553833,16.55655789375305,2026-09-01T21:10:33.007106+00:00,gpu1.nitsri.ac.in,0.9936013570822732,0.9941700067974066,0.8196945967110415,0.9947731052506533,0.8987871632499732,0.9097699789490526,0.9941700067974066,0.9477417053527966,0.8999911850293346,0.9990486216222718,0.9758678489975894,142245,921,22,4187,147375,0.028559796437659032,1.1102230246251565e-16
HIKARI-2021__balanced__top20__MLP__seed45,HIKARI-2021,45,top20,balanced,MLP,DL,20,601290,601290,34388,,86.0,200,22.499704122543335,0.11135411262512207,1.0123283863067627,22.611058235168457,2026-09-01T21:40:43.439086+00:00,gpu1.nitsri.ac.in,0.9940966921119593,0.9947708574375813,0.831184288831581,0.9954858636255642,0.9059459459459459,0.9155253999977315,0.9947708574375813,0.9514493302409239,0.906840357381544,0.9990152305208893,0.9779669322058462,142315,851,19,4190,147375,0.028559796437659032,0.0
HIKARI-2021__balanced__top20__MLP__seed46,HIKARI-2021,46,top20,balanced,MLP,DL,20,601290,601290,34388,,53.0,200,13.894891738891602,0.11230921745300293,0.9083387851715088,14.007200956344604,2026-09-01T22:08:34.002673+00:00,gpu1.nitsri.ac.in,0.9937506361323155,0.9959763498799559,0.8213448006254886,0.9983368971252079,0.9012332439678284,0.9106477972999296,0.9959763498799559,0.949003238433069,0.9025997908066744,0.999240925391103,0.9733676280906449,142252,914,7,4202,147375,0.028559796437659032,0.0
HIKARI-2021__balanced__top20__RF__seed42,HIKARI-2021,42,top20,balanced,RF,ML,20,601290,601290,34388,,,200,9.630620241165161,0.04585576057434082,1.0329596996307373,9.676476001739502,2026-09-01T20:07:45.170749+00:00,gpu1.nitsri.ac.in,0.9951348600508906,0.9966888095421662,0.8554560260586319,0.9983368971252079,0.9213901984431532,0.927703445246804,0.9966888095421662,0.9594399745668671,0.9218145476324793,0.9994030649854757,0.970048123559972,142456,710,7,4202,147375,0.028559796437659032,0.0
HIKARI-2021__balanced__top20__RF__seed43,HIKARI-2021,43,top20,balanced,RF,ML,20,601290,601290,34388,,,200,9.527385473251343,0.045287370681762695,0.8334956169128418,9.572672843933105,2026-09-01T20:36:44.317807+00:00,gpu1.nitsri.ac.in,0.9949652247667515,0.996370897082731,0.8514088789783093,0.9978617248752673,0.9188361408882083,0.9256728476833671,0.996370897082731,0.9581190872223457,0.919329349620371,0.9993928141613,0.9694710688148964,142433,733,9,4200,147375,0.028559796437659032,1.1102230246251565e-16
HIKARI-2021__balanced__top20__RF__seed44,HIKARI-2021,44,top20,balanced,RF,ML,20,601290,601290,34388,,,200,9.47637677192688,0.05526423454284668,1.22349214553833,9.531641006469727,2026-09-01T21:06:32.494038+00:00,gpu1.nitsri.ac.in,0.9948566581849024,0.9963150178935379,0.8486562942008486,0.9978617248752673,0.9172308364271675,0.9242965517456436,0.9963150178935379,0.9572883502284861,0.9177902825194992,0.9992638432932993,0.9687431921166488,142417,749,9,4200,147375,0.028559796437659032,1.1102230246251565e-16
HIKARI-2021__balanced__top20__RF__seed45,HIKARI-2021,45,top20,balanced,RF,ML,20,601290,601290,34388,,,200,9.793103694915771,0.03537917137145996,1.0123283863067627,9.828482866287231,2026-09-01T21:36:56.935381+00:00,gpu1.nitsri.ac.in,0.9947480916030534,0.995106132572739,0.8473205257836198,0.9954858636255642,0.9154467992134586,0.9235935634605104,0.995106132572739,0.9563683386114773,0.9159121595167048,0.999102498606613,0.9675042909232469,142411,755,19,4190,147375,0.028559796437659032,1.1102230246251565e-16
HIKARI-2021__balanced__top20__RF__seed46,HIKARI-2021,46,top20,balanced,RF,ML,20,601290,601290,34388,,,200,9.986743927001953,0.035706520080566406,0.9083387851715088,10.02245044708252,2026-09-01T22:05:26.000611+00:00,gpu1.nitsri.ac.in,0.9948023748939779,0.9967482807515838,0.8467270896273917,0.9988120693751484,0.9165031611074776,0.9233459898667118,0.9967482807515838,0.9569104314375666,0.9171616926788135,0.999262703206492,0.9684832141193108,142405,761,5,4204,147375,0.028559796437659032,0.0
HIKARI-2021__balanced__top20__SVM__seed42,HIKARI-2021,42,top20,balanced,SVM,ML,20,601290,100000,34388,100000.0,,200,2.735879421234131,2.9243531227111816,1.0329596996307373,5.6602325439453125,2026-09-01T20:08:23.716056+00:00,gpu1.nitsri.ac.in,0.9821340118744699,0.9893054729573451,0.6156103286384976,0.9969113803753861,0.7611791383219955,0.8077589203932106,0.9893054729573451,0.8759495127683641,0.7761137135751226,0.994744725884581,0.6964050238094696,140546,2620,13,4196,147375,0.028559796437659032,0.0
HIKARI-2021__balanced__top20__SVM__seed43,HIKARI-2021,43,top20,balanced,SVM,ML,20,601290,100000,34388,100000.0,,200,3.4449048042297363,2.963197946548462,0.8334956169128418,6.408102750778198,2026-09-01T20:37:24.194720+00:00,gpu1.nitsri.ac.in,0.9813604749787956,0.9890226343475057,0.6054529717253317,0.9971489665003563,0.7534332645184454,0.8026837639042913,0.9890226343475057,0.8718736970914389,0.7694652990192475,0.9946851526149906,0.6975037414375076,140431,2735,12,4197,147375,0.028559796437659032,1.1102230246251565e-16
HIKARI-2021__balanced__top20__SVM__seed44,HIKARI-2021,44,top20,balanced,SVM,ML,20,601290,100000,34388,100000.0,,200,3.2116055488586426,2.6915981769561768,1.22349214553833,5.903203725814819,2026-09-01T21:07:11.469430+00:00,gpu1.nitsri.ac.in,0.9841832061068703,0.9897836895875594,0.6443726937269373,0.9957234497505346,0.7824138896667601,0.8221224586252933,0.9897836895875594,0.8871036061838379,0.7944062595033151,0.99538978766396,0.741997502067642,140853,2313,18,4191,147375,0.028559796437659032,1.1102230246251565e-16
HIKARI-2021__balanced__top20__SVM__seed45,HIKARI-2021,45,top20,balanced,SVM,ML,20,601290,100000,34388,100000.0,,200,3.361829996109009,2.8129236698150635,1.0123283863067627,6.174753665924072,2026-09-01T21:37:35.966473+00:00,gpu1.nitsri.ac.in,0.9826022052586938,0.989200550121258,0.6220145379023884,0.9961986220004752,0.7658447488584474,0.8109503837029612,0.989200550121258,0.8784051087491673,0.7800438417625123,0.9949842918109503,0.7207453242115325,140618,2548,16,4193,147375,0.028559796437659032,0.0
HIKARI-2021__balanced__top20__SVM__seed46,HIKARI-2021,46,top20,balanced,SVM,ML,20,601290,100000,34388,100000.0,,200,1.2329535484313965,3.4100117683410645,0.9083387851715088,4.642965316772461,2026-09-01T22:06:04.056951+00:00,gpu1.nitsri.ac.in,0.9811297709923664,0.9892497929099524,0.6024096385542169,0.9978617248752673,0.7512744834987926,0.8011727686798991,0.9892497929099524,0.8707336733057371,0.767720560377948,0.9945791693488163,0.691033800626412,140394,2772,9,4200,147375,0.028559796437659032,2.220446049250313e-16
HIKARI-2021__balanced__top20__SimpleRNN__seed42,HIKARI-2021,42,top20,balanced,SimpleRNN,DL,20,601290,601290,34388,,57.0,200,32.235578536987305,0.21995282173156738,1.0329596996307373,32.45553135871887,2026-09-01T20:12:34.810885+00:00,gpu1.nitsri.ac.in,0.9946123833757422,0.9968810933968173,0.8417050230138083,0.9992872416250891,0.9137519009341734,0.9208419761713889,0.9968810933968173,0.9554856218312198,0.9145674852460414,0.9994354653564013,0.9812734977539117,142375,791,3,4206,147375,0.028559796437659032,0.0
HIKARI-2021__balanced__top20__SimpleRNN__seed43,HIKARI-2021,43,top20,balanced,SimpleRNN,DL,20,601290,601290,34388,,102.0,200,57.57689833641052,0.21839451789855957,0.8334956169128418,57.79529285430908,2026-09-01T20:40:28.080737+00:00,gpu1.nitsri.ac.in,0.9945784563189143,0.9959412262449099,0.8419574809466506,0.9973865526253267,0.9131049483414899,0.920940113894025,0.9959412262449099,0.9551534442115427,0.9138086369919575,0.9993803868831974,0.9794992539579715,142378,788,11,4198,147375,0.028559796437659032,0.0
HIKARI-2021__balanced__top20__SimpleRNN__seed44,HIKARI-2021,44,top20,balanced,SimpleRNN,DL,20,601290,601290,34388,,41.0,200,23.154031991958618,0.2233433723449707,1.22349214553833,23.37737536430359,2026-09-01T21:10:56.945324+00:00,gpu1.nitsri.ac.in,0.993262086513995,0.9946871880101422,0.8110251450676983,0.9961986220004752,0.8941251732594093,0.9054563157215008,0.9946871880101422,0.9453227462114422,0.895709874200841,0.9989961278436855,0.975168091120908,142189,977,16,4193,147375,0.028559796437659032,0.0
HIKARI-2021__balanced__top20__SimpleRNN__seed45,HIKARI-2021,45,top20,balanced,SimpleRNN,DL,20,601290,601290,34388,,51.0,200,29.48322629928589,0.2204113006591797,1.0123283863067627,29.70363759994507,2026-09-01T21:41:13.702360+00:00,gpu1.nitsri.ac.in,0.994225614927905,0.9955290176537115,0.8335319825188717,0.9969113803753861,0.9079303256518446,0.9167203262718356,0.9955290176537115,0.9524748315906111,0.9088388502123287,0.99915908060041,0.9780195190856427,142328,838,13,4196,147375,0.028559796437659032,0.0
HIKARI-2021__balanced__top20__SimpleRNN__seed46,HIKARI-2021,46,top20,balanced,SimpleRNN,DL,20,601290,601290,34388,,68.0,200,38.21951603889465,0.22090411186218262,0.9083387851715088,38.440420150756836,2026-09-01T22:09:13.002572+00:00,gpu1.nitsri.ac.in,0.9943748939779474,0.9962976552178153,0.8363853503184714,0.9983368971252079,0.9102133651034333,0.9181680880470974,0.9962976552178153,0.9536549301166602,0.911122037017416,0.9993147870848722,0.9778234631550959,142344,822,7,4202,147375,0.028559796437659032,1.1102230246251565e-16
HIKARI-2021__imbalanced__all__CNN__seed42,HIKARI-2021,42,all,imbalanced,CNN,DL,55,309485,309485,34388,,63.0,200,104.16369843482971,0.34772205352783203,1.258103847503662,104.51142048835754,2026-09-01T19:51:49.957833+00:00,gpu1.nitsri.ac.in,0.994863443596268,0.9964338109560231,0.8486868686868687,0.9980993110002376,0.9173490555737526,0.9243153493864394,0.9964338109560231,0.9573492059104867,0.9179204452305146,0.9993836611062991,0.9787989539817982,142417,749,8,4201,147375,0.028559796437659032,1.1102230246251565e-16
HIKARI-2021__imbalanced__all__CNN__seed43,HIKARI-2021,43,all,imbalanced,CNN,DL,54,309485,309485,34388,,39.0,200,62.06910967826843,0.3436405658721924,0.9200012683868408,62.412750244140625,2026-09-01T20:22:16.034930+00:00,gpu1.nitsri.ac.in,0.9946327396098389,0.9949314603210611,0.8445564516129033,0.995248277500594,0.9137310502781111,0.9222080084838382,0.9949314603210611,0.9554806290850464,0.9142516638172509,0.9993665017211644,0.9791299366157296,142395,771,20,4189,147375,0.028559796437659032,1.1102230246251565e-16
HIKARI-2021__imbalanced__all__CNN__seed44,HIKARI-2021,44,all,imbalanced,CNN,DL,55,309485,309485,34388,,47.0,200,79.35456895828247,0.3451366424560547,0.8983616828918457,79.69970560073853,2026-09-01T20:51:08.747220+00:00,gpu1.nitsri.ac.in,0.9944766751484309,0.9951970358260779,0.8402485468029666,0.9959610358755049,0.9115025005435964,0.920064576521172,0.9951970358260779,0.9543259406959591,0.9121726440730855,0.999309687395267,0.9790982754100925,142369,797,17,4192,147375,0.028559796437659032,1.1102230246251565e-16
HIKARI-2021__imbalanced__all__CNN__seed45,HIKARI-2021,45,all,imbalanced,CNN,DL,56,309485,309485,34388,,49.0,200,79.45355105400085,0.34509944915771484,0.9071881771087646,79.79865050315857,2026-09-01T21:21:01.995576+00:00,gpu1.nitsri.ac.in,0.9944698897370653,0.9951935433767534,0.8400801603206413,0.9959610358755049,0.9114034134145016,0.9199803828607456,0.9951935433767534,0.9542746411392786,0.9120780096845621,0.99919005793722,0.9783703161926645,142368,798,17,4192,147375,0.028559796437659032,0.0
HIKARI-2021__imbalanced__all__CNN__seed46,HIKARI-2021,46,all,imbalanced,CNN,DL,54,309485,309485,34388,,61.0,200,96.96704936027527,0.34276318550109863,0.9018707275390625,97.30981254577637,2026-09-01T21:51:36.886355+00:00,gpu1.nitsri.ac.in,0.9945309584393554,0.9968391840049227,0.8396885605909363,0.9992872416250891,0.9125623779561727,0.9198337440719316,0.9968391840049227,0.9548697885045843,0.9134327667046548,0.9993423682242281,0.9795193662868624,142363,803,3,4206,147375,0.028559796437659032,0.0
HIKARI-2021__imbalanced__all__DT__seed42,HIKARI-2021,42,all,imbalanced,DT,ML,55,309485,309485,34388,,,200,3.73852276802063,0.005197286605834961,1.258103847503662,3.743720054626465,2026-09-01T19:47:15.868799+00:00,gpu1.nitsri.ac.in,0.994490245971162,0.9478154687157243,0.9078031212484994,0.8983131385127109,0.9030331979937903,0.9524072515676196,0.9478154687157243,0.9500988824284676,0.9002110095108729,0.9486423038114808,0.8198556270770483,142782,384,428,3781,147375,0.028559796437659032,0.0
HIKARI-2021__imbalanced__all__DT__seed43,HIKARI-2021,43,all,imbalanced,DT,ML,54,309485,309485,34388,,,200,3.358980655670166,0.004900932312011719,0.9200012683868408,3.3638815879821777,2026-09-01T20:18:21.610402+00:00,gpu1.nitsri.ac.in,0.9945173876166242,0.9500201501630737,0.9049773755656109,0.9028272748871465,0.9039010466222646,0.9510603757752064,0.9500201501630737,0.9505396230589862,0.901079925509321,0.9513181290361002,0.822096156885119,142767,399,409,3800,147375,0.028559796437659032,0.0
HIKARI-2021__imbalanced__all__DT__seed44,HIKARI-2021,44,all,imbalanced,DT,ML,55,309485,309485,34388,,,200,3.0431268215179443,0.004830360412597656,0.8983616828918457,3.047957181930542,2026-09-01T20:47:06.872116+00:00,gpu1.nitsri.ac.in,0.9945038167938931,0.9504743677170671,0.9037776193870278,0.9037776193870278,0.9037776193870278,0.9504743677170671,0.9504743677170671,0.9504743677170671,0.900948735434134,0.9518941715864897,0.8220550825997185,142761,405,405,3804,147375,0.028559796437659032,0.0
HIKARI-2021__imbalanced__all__DT__seed45,HIKARI-2021,45,all,imbalanced,DT,ML,56,309485,309485,34388,,,200,2.8182735443115234,0.00451970100402832,0.9071881771087646,2.8227932453155518,2026-09-01T21:16:43.029630+00:00,gpu1.nitsri.ac.in,0.994381679389313,0.9491431968844584,0.9020214030915576,0.9011641720123544,0.9015925837889233,0.9495578832179168,0.9491431968844584,0.9493504380723785,0.8987009844283139,0.9509154775918062,0.8187963022573994,142754,412,416,3793,147375,0.028559796437659032,0.0
HIKARI-2021__imbalanced__all__DT__seed46,HIKARI-2021,46,all,imbalanced,DT,ML,54,309485,309485,34388,,,200,3.469271659851074,0.004897594451904297,0.9018707275390625,3.4741692543029785,2026-09-01T21:47:05.522120+00:00,gpu1.nitsri.ac.in,0.9944291772688719,0.9489370428034092,0.9039103481163567,0.9006889997624139,0.9022967987623468,0.9504954831774051,0.9489370428034092,0.9497148240337803,0.899431175830496,0.950828566301808,0.8202983776435688,142763,403,418,3791,147375,0.028559796437659032,0.0
HIKARI-2021__imbalanced__all__GNB__seed42,HIKARI-2021,42,all,imbalanced,GNB,ML,55,309485,309485,34388,,,200,0.07513141632080078,0.015253305435180664,1.258103847503662,0.09038472175598145,2026-09-01T19:47:18.744966+00:00,gpu1.nitsri.ac.in,0.8541340118744699,0.9241157125778031,0.16355285692044216,0.9983368971252079,0.2810608340858165,0.5817476651983028,0.9241157125778031,0.5999469147453727,0.37240015723492853,0.9248640841446859,0.1644020822741704,121676,21490,7,4202,147375,0.028559796437659032,0.0
HIKARI-2021__imbalanced__all__GNB__seed43,HIKARI-2021,43,all,imbalanced,GNB,ML,54,309485,309485,34388,,,200,0.06278157234191895,0.014514923095703125,0.9200012683868408,0.07729649543762207,2026-09-01T20:18:24.476385+00:00,gpu1.nitsri.ac.in,0.8528176420695505,0.9237840792483202,0.16240537617797002,0.9990496555001188,0.27939271120560777,0.5811862248801409,0.9237840792483202,0.5987156604178608,0.37097401288218346,0.9243501489432971,0.16330607986218268,121479,21687,4,4205,147375,0.028559796437659032,0.0
HIKARI-2021__imbalanced__all__GNB__seed44,HIKARI-2021,44,all,imbalanced,GNB,ML,55,309485,309485,34388,,,200,0.06944751739501953,0.014645814895629883,0.8983616828918457,0.08409333229064941,2026-09-01T20:47:09.528268+00:00,gpu1.nitsri.ac.in,0.8547379134860051,0.923850037501886,0.1639901535576134,0.9971489665003563,0.2816589490638212,0.5819458084140238,0.923850037501886,0.6004290940798974,0.3727344039361343,0.9248099607223668,0.16508454090734198,121770,21396,12,4197,147375,0.028559796437659032,0.0
HIKARI-2021__imbalanced__all__GNB__seed45,HIKARI-2021,45,all,imbalanced,GNB,ML,56,309485,309485,34388,,,200,0.06949377059936523,0.014886140823364258,0.9071881771087646,0.08437991142272949,2026-09-01T21:16:45.892327+00:00,gpu1.nitsri.ac.in,0.8548057675996608,0.9242308638346133,0.16413302590957052,0.9978617248752673,0.28189811396738035,0.5820295628948441,0.9242308638346133,0.6005681578019516,0.37309233348786697,0.9253045791691166,0.16569273400765774,121777,21389,9,4200,147375,0.028559796437659032,0.0
HIKARI-2021__imbalanced__all__GNB__seed46,HIKARI-2021,46,all,imbalanced,GNB,ML,54,309485,309485,34388,,,200,0.06261134147644043,0.014423131942749023,0.9018707275390625,0.07703447341918945,2026-09-01T21:47:08.294727+00:00,gpu1.nitsri.ac.in,0.8538015267175573,0.9241751837872207,0.16329384346475043,0.9988120693751484,0.2806970688388863,0.5816263675927715,0.9241751837872207,0.5996643851120518,0.3721498594681831,0.9247719345955797,0.16407631227928113,121625,21541,5,4204,147375,0.028559796437659032,0.0
HIKARI-2021__imbalanced__all__GRU__seed42,HIKARI-2021,42,all,imbalanced,GRU,DL,55,309485,309485,34388,,75.0,200,42.17431879043579,0.4273853302001953,1.258103847503662,42.601704120635986,2026-09-01T19:48:38.528643+00:00,gpu1.nitsri.ac.in,0.9944698897370653,0.9950782427635927,0.8402165196471532,0.9957234497505346,0.911384147004458,0.9200450518059907,0.9950782427635927,0.9542650179293581,0.9120420300175911,0.9992084345766098,0.9738407577592814,142369,797,18,4191,147375,0.028559796437659032,1.1102230246251565e-16
HIKARI-2021__imbalanced__all__GRU__seed43,HIKARI-2021,43,all,imbalanced,GRU,DL,54,309485,309485,34388,,86.0,200,47.372108459472656,0.40587329864501953,0.9200012683868408,47.777981758117676,2026-09-01T20:19:49.161756+00:00,gpu1.nitsri.ac.in,0.9944020356234097,0.9943515145913836,0.8393501805054152,0.9942979330007128,0.9102773246329527,0.9195908140796887,0.9943515145913836,0.9536941069768745,0.91087947490088,0.999267926529965,0.9754830297276628,142365,801,24,4185,147375,0.028559796437659032,0.0
HIKARI-2021__imbalanced__all__GRU__seed44,HIKARI-2021,44,all,imbalanced,GRU,DL,55,309485,309485,34388,,96.0,200,53.06480622291565,0.4178886413574219,0.8983616828918457,53.48269486427307,2026-09-01T20:48:41.141624+00:00,gpu1.nitsri.ac.in,0.9942188295165394,0.9946031202991023,0.8344291691572027,0.9950106913756237,0.9076723016905072,0.9171408258329214,0.9946031202991023,0.9523441467264817,0.9084473656984368,0.9991162402205984,0.9765371814531659,142335,831,21,4188,147375,0.028559796437659032,0.0
HIKARI-2021__imbalanced__all__GRU__seed45,HIKARI-2021,45,all,imbalanced,GRU,DL,56,309485,309485,34388,,91.0,200,49.69274115562439,0.4163496494293213,0.9071881771087646,50.10909080505371,2026-09-01T21:18:14.227820+00:00,gpu1.nitsri.ac.in,0.9942595419847329,0.9934710688634437,0.8367714800721009,0.9926348301259207,0.9080634644642469,0.9182768779607882,0.9934710688634437,0.9525503700793505,0.9086419273799208,0.9991831012503261,0.9755014423441988,142351,815,31,4178,147375,0.028559796437659032,1.1102230246251565e-16
HIKARI-2021__imbalanced__all__GRU__seed46,HIKARI-2021,46,all,imbalanced,GRU,DL,54,309485,309485,34388,,78.0,200,42.81463694572449,0.41569066047668457,0.9018707275390625,43.23032760620117,2026-09-01T21:48:29.577268+00:00,gpu1.nitsri.ac.in,0.9941713316369805,0.9946939737669909,0.8331344470962609,0.995248277500594,0.907004438670564,0.9164969726822885,0.9946939737669909,0.9519979095490376,0.9078293726865708,0.9990125462553713,0.974134984515556,142327,839,20,4189,147375,0.028559796437659032,0.0
HIKARI-2021__imbalanced__all__KNN__seed42,HIKARI-2021,42,all,imbalanced,KNN,ML,55,309485,309485,34388,,,200,0.015113353729248047,11.641029357910156,1.258103847503662,11.656142711639404,2026-09-01T19:47:42.006931+00:00,gpu1.nitsri.ac.in,0.9936149279050043,0.9509392617608343,0.8751147842056933,0.9056783083867902,0.890134267367192,0.9361694646246794,0.9509392617608343,0.9434230922418713,0.8869857639905417,0.9884836105982961,0.914880440574437,142622,544,397,3812,147375,0.028559796437659032,1.1102230246251565e-16
HIKARI-2021__imbalanced__all__KNN__seed43,HIKARI-2021,43,all,imbalanced,KNN,ML,54,309485,309485,34388,,,200,0.016689300537109375,11.56934380531311,0.9200012683868408,11.58603310585022,2026-09-01T20:18:47.553007+00:00,gpu1.nitsri.ac.in,0.9931738761662425,0.9479450378388837,0.8662245597987651,0.899976241387503,0.8827779072477278,0.9316402725148705,0.9479450378388837,0.9396312448653723,0.8794341776493787,0.986824234164444,0.9138866962865103,142581,585,421,3788,147375,0.028559796437659032,0.0
HIKARI-2021__imbalanced__all__KNN__seed44,HIKARI-2021,44,all,imbalanced,KNN,ML,55,309485,309485,34388,,,200,0.014172077178955078,11.78814172744751,0.8983616828918457,11.802313804626465,2026-09-01T20:47:33.036794+00:00,gpu1.nitsri.ac.in,0.99374385072095,0.9528504281085703,0.8761730373083085,0.909479686386315,0.8925157379342504,0.936754406714795,0.9528504281085703,0.9446469496598555,0.8894592066173684,0.9878329620616584,0.9175134374035695,142625,541,381,3828,147375,0.028559796437659032,1.1102230246251565e-16
HIKARI-2021__imbalanced__all__KNN__seed45,HIKARI-2021,45,all,imbalanced,KNN,ML,56,309485,309485,34388,,,200,0.015974044799804688,11.78030800819397,0.9071881771087646,11.796282052993774,2026-09-01T21:17:09.439891+00:00,gpu1.nitsri.ac.in,0.9934113655640373,0.9512956907337398,0.868456986800182,0.9066286528866714,0.887132395675927,0.9328541849255385,0.9512956907337398,0.9418695174603954,0.883957529235338,0.9879131232743804,0.9085923487931143,142588,578,393,3816,147375,0.028559796437659032,2.220446049250313e-16
HIKARI-2021__imbalanced__all__KNN__seed46,HIKARI-2021,46,all,imbalanced,KNN,ML,54,309485,309485,34388,,,200,0.013917922973632812,11.53878116607666,0.9018707275390625,11.552699089050293,2026-09-01T21:47:31.364934+00:00,gpu1.nitsri.ac.in,0.9932756573367261,0.9482280258050733,0.8688674919761578,0.9004514136374435,0.8843775522109438,0.9329688441959341,0.9482280258050733,0.9404573422825848,0.8810647428402703,0.9887283683173536,0.9097482297180055,142594,572,419,3790,147375,0.028559796437659032,1.1102230246251565e-16
HIKARI-2021__imbalanced__all__LSTM__seed42,HIKARI-2021,42,all,imbalanced,LSTM,DL,55,309485,309485,34388,,68.0,200,34.51761603355408,0.3752591609954834,1.258103847503662,34.89287519454956,2026-09-01T19:49:13.881750+00:00,gpu1.nitsri.ac.in,0.9945106022052587,0.9940614919410948,0.8424657534246576,0.9935851746258019,0.9118063883135288,0.9211380806642707,0.9940614919410948,0.9544867635618635,0.9122896655036682,0.9992691147427074,0.9759417180893395,142384,782,27,4182,147375,0.028559796437659032,1.1102230246251565e-16
HIKARI-2021__imbalanced__all__LSTM__seed43,HIKARI-2021,43,all,imbalanced,LSTM,DL,54,309485,309485,34388,,76.0,200,38.10119652748108,0.38340091705322266,0.9200012683868408,38.4845974445343,2026-09-01T20:20:28.099830+00:00,gpu1.nitsri.ac.in,0.9942934690415607,0.9949874390811542,0.8358595931392102,0.9957234497505346,0.90881491922368,0.9178665770080678,0.9949874390811542,0.9529347442469183,0.9095904723134063,0.9992600637478791,0.974895845622329,142343,823,18,4191,147375,0.028559796437659032,0.0
HIKARI-2021__imbalanced__all__LSTM__seed44,HIKARI-2021,44,all,imbalanced,LSTM,DL,55,309485,309485,34388,,55.0,200,27.636035919189453,0.3783717155456543,0.8983616828918457,28.014407634735107,2026-09-01T20:49:09.619437+00:00,gpu1.nitsri.ac.in,0.9940831212892282,0.993956768246808,0.8317757009345794,0.9938227607507721,0.9056072743017969,0.9157965237001168,0.993956768246808,0.9512765559774277,0.9063895566370279,0.9988946767129856,0.9736771294080957,142320,846,26,4183,147375,0.028559796437659032,0.0
HIKARI-2021__imbalanced__all__LSTM__seed45,HIKARI-2021,45,all,imbalanced,LSTM,DL,56,309485,309485,34388,,83.0,200,41.10992646217346,0.37346482276916504,0.9071881771087646,41.48339128494263,2026-09-01T21:18:56.167385+00:00,gpu1.nitsri.ac.in,0.9941441899915182,0.9931810959986049,0.8341989612465042,0.99215965787598,0.906348345089528,0.916983584606563,0.9931810959986049,0.9516629742678453,0.9069695061460264,0.999194220830606,0.9735362446195037,142336,830,33,4176,147375,0.028559796437659032,1.1102230246251565e-16
HIKARI-2021__imbalanced__all__LSTM__seed46,HIKARI-2021,46,all,imbalanced,LSTM,DL,54,309485,309485,34388,,106.0,200,51.711028814315796,0.37367939949035645,0.9018707275390625,52.08470821380615,2026-09-01T21:49:22.116148+00:00,gpu1.nitsri.ac.in,0.9943206106870229,0.9950014088784525,0.8365269461077844,0.9957234497505346,0.9092092417832737,0.9182002552686219,0.9950014088784525,0.9531389306513477,0.9099664071850044,0.9991919323594164,0.9760254086685276,142347,819,18,4191,147375,0.028559796437659032,0.0
HIKARI-2021__imbalanced__all__MLP__seed42,HIKARI-2021,42,all,imbalanced,MLP,DL,55,309485,309485,34388,,77.0,200,13.762888431549072,0.12552380561828613,1.258103847503662,13.888412237167358,2026-09-01T19:49:28.226541+00:00,gpu1.nitsri.ac.in,0.9945241730279898,0.9952214829713498,0.8414291449217182,0.9959610358755049,0.9121967141769122,0.9206548785152298,0.9952214829713498,0.9546853391131865,0.9128358729967728,0.9992729075642477,0.9753346129558581,142376,790,17,4192,147375,0.028559796437659032,0.0
HIKARI-2021__imbalanced__all__MLP__seed43,HIKARI-2021,43,all,imbalanced,MLP,DL,54,309485,309485,34388,,95.0,200,16.838546752929688,0.13160228729248047,0.9200012683868408,16.970149040222168,2026-09-01T20:20:45.523558+00:00,gpu1.nitsri.ac.in,0.9944495335029686,0.9957595690945826,0.8388966620027983,0.9971489665003563,0.911202778983934,0.9194061878833704,0.9957595690945826,0.9541690057111742,0.9119750675992436,0.9992579321008573,0.9771975877655369,142360,806,12,4197,147375,0.028559796437659032,0.0
HIKARI-2021__imbalanced__all__MLP__seed44,HIKARI-2021,44,all,imbalanced,MLP,DL,55,309485,309485,34388,,107.0,200,18.948598623275757,0.13045191764831543,0.8983616828918457,19.079050540924072,2026-09-01T20:49:29.164301+00:00,gpu1.nitsri.ac.in,0.9942188295165394,0.9947184209122628,0.8342959569806812,0.995248277500594,0.9076923076923077,0.9170777310789577,0.9947184209122628,0.9523541392762462,0.9084845326521555,0.999028949731422,0.9750611682334555,142334,832,20,4189,147375,0.028559796437659032,0.0
HIKARI-2021__imbalanced__all__MLP__seed45,HIKARI-2021,45,all,imbalanced,MLP,DL,56,309485,309485,34388,,106.0,200,18.891005754470825,0.13293194770812988,0.9071881771087646,19.023937702178955,2026-09-01T21:19:15.650095+00:00,gpu1.nitsri.ac.in,0.9943409669211196,0.9936282788684989,0.8386514148103552,0.992872416250891,0.9092689295039165,0.9192203644083801,0.9936282788684989,0.9531741659685237,0.9098110286197538,0.998948373639949,0.9768999954979449,142362,804,30,4179,147375,0.028559796437659032,1.1102230246251565e-16
HIKARI-2021__imbalanced__all__MLP__seed46,HIKARI-2021,46,all,imbalanced,MLP,DL,54,309485,309485,34388,,78.0,200,13.750518560409546,0.132371187210083,0.9018707275390625,13.882889747619629,2026-09-01T21:49:36.465699+00:00,gpu1.nitsri.ac.in,0.9941441899915182,0.9953718076486562,0.8316812053925456,0.9966737942504158,0.9067329514751973,0.9157914215621559,0.9953718076486562,0.9518550763183403,0.9076813275683259,0.999000504814507,0.9735003845544014,142317,849,14,4195,147375,0.028559796437659032,1.1102230246251565e-16
HIKARI-2021__imbalanced__all__RF__seed42,HIKARI-2021,42,all,imbalanced,RF,ML,55,309485,309485,34388,,,200,2.483241319656372,0.04706692695617676,1.258103847503662,2.530308246612549,2026-09-01T19:47:18.544937+00:00,gpu1.nitsri.ac.in,0.9947955894826124,0.9668819294936664,0.8869154676258992,0.9372772630078403,0.9114011782372646,0.9425341854281097,0.9668819294936664,0.9543601159158626,0.9090901261362018,0.9994723572046832,0.9824984062967088,142663,503,264,3945,147375,0.028559796437659032,1.1102230246251565e-16
HIKARI-2021__imbalanced__all__RF__seed43,HIKARI-2021,43,all,imbalanced,RF,ML,54,309485,309485,34388,,,200,2.4695420265197754,0.06692004203796387,0.9200012683868408,2.5364620685577393,2026-09-01T20:18:24.291111+00:00,gpu1.nitsri.ac.in,0.994754877014419,0.976430925690048,0.8718614718614719,0.9569969113803753,0.9124476158115302,0.9352967826541432,0.976430925690048,0.954872035912802,0.9107993173247617,0.9994521592475776,0.9819501583555801,142574,592,181,4028,147375,0.028559796437659032,0.0
HIKARI-2021__imbalanced__all__RF__seed44,HIKARI-2021,44,all,imbalanced,RF,ML,55,309485,309485,34388,,,200,2.280832529067993,0.04682660102844238,0.8983616828918457,2.3276591300964355,2026-09-01T20:47:09.333949+00:00,gpu1.nitsri.ac.in,0.9948227311280746,0.9731221324016365,0.8785149384885764,0.9501069137562367,0.9129094852185824,0.9385222935372942,0.9731221324016365,0.955120775218937,0.91098760172468,0.9992326676444463,0.9822973910820058,142613,553,210,3999,147375,0.028559796437659032,1.1102230246251565e-16
HIKARI-2021__imbalanced__all__RF__seed45,HIKARI-2021,45,all,imbalanced,RF,ML,56,309485,309485,34388,,,200,2.477315902709961,0.056919097900390625,0.9071881771087646,2.5342350006103516,2026-09-01T21:16:45.698712+00:00,gpu1.nitsri.ac.in,0.9946259541984733,0.9678323237789976,0.8804275217100869,0.9394155381325731,0.9089655172413793,0.9393214286135048,0.9678323237789976,0.9530983852593892,0.9067056078665555,0.9991828324088954,0.9806612187093613,142629,537,255,3954,147375,0.028559796437659032,1.1102230246251565e-16
HIKARI-2021__imbalanced__all__RF__seed46,HIKARI-2021,46,all,imbalanced,RF,ML,54,309485,309485,34388,,,200,2.3847408294677734,0.05658674240112305,0.9018707275390625,2.4413275718688965,2026-09-01T21:47:08.110158+00:00,gpu1.nitsri.ac.in,0.9948227311280746,0.979463666125469,0.8695838695838696,0.9631741506296032,0.9139894036748957,0.9342488868565679,0.979463666125469,0.9556602211655552,0.9125931476910268,0.9994432891398844,0.9817004178270266,142558,608,155,4054,147375,0.028559796437659032,0.0
HIKARI-2021__imbalanced__all__SVM__seed42,HIKARI-2021,42,all,imbalanced,SVM,ML,55,309485,100000,34388,100000.0,,200,3.580779552459717,3.8204987049102783,1.258103847503662,7.401278257369995,2026-09-01T19:47:53.403966+00:00,gpu1.nitsri.ac.in,0.9914775233248516,0.9861588333691838,0.7785323523863422,0.9805179377524352,0.8679284963196635,0.8889775941866112,0.9861588333691838,0.9317625934129519,0.8697238490383363,0.9968516328567203,0.8151666618422968,141992,1174,82,4127,147375,0.028559796437659032,0.0
HIKARI-2021__imbalanced__all__SVM__seed43,HIKARI-2021,43,all,imbalanced,SVM,ML,54,309485,100000,34388,100000.0,,200,3.6157073974609375,3.7322213649749756,0.9200012683868408,7.347928762435913,2026-09-01T20:18:58.824330+00:00,gpu1.nitsri.ac.in,0.9915318066157761,0.9861867729637803,0.7797090496882675,0.9805179377524352,0.8686592296358662,0.8895659590863318,0.9861867729637803,0.9321420447035064,0.8704063798128409,0.9971358214820147,0.8347431625720634,142000,1166,82,4127,147375,0.028559796437659032,1.1102230246251565e-16
HIKARI-2021__imbalanced__all__SVM__seed44,HIKARI-2021,44,all,imbalanced,SVM,ML,55,309485,100000,34388,100000.0,,200,3.8329105377197266,3.9713385105133057,0.8983616828918457,7.804249048233032,2026-09-01T20:47:45.126618+00:00,gpu1.nitsri.ac.in,0.9916539440203562,0.9877485450227101,0.7809847198641766,0.9836065573770492,0.8706624605678234,0.8902495287314464,0.9877485450227101,0.9331751511926201,0.8725677964136914,0.9972357707516366,0.8607347506247777,142005,1161,69,4140,147375,0.028559796437659032,0.0
HIKARI-2021__imbalanced__all__SVM__seed45,HIKARI-2021,45,all,imbalanced,SVM,ML,56,309485,100000,34388,100000.0,,200,4.137435436248779,3.9261021614074707,0.9071881771087646,8.06353759765625,2026-09-01T21:17:21.601071+00:00,gpu1.nitsri.ac.in,0.9915996607294317,0.9879512066544348,0.7795972143798231,0.9840817296269898,0.8699852972064692,0.8895627946573553,0.9879512066544348,0.9328224549336088,0.8719808156622032,0.9970456865841226,0.8485937736009679,141995,1171,67,4142,147375,0.028559796437659032,1.1102230246251565e-16
HIKARI-2021__imbalanced__all__SVM__seed46,HIKARI-2021,46,all,imbalanced,SVM,ML,54,309485,100000,34388,100000.0,,200,3.9095702171325684,4.102970123291016,0.9018707275390625,8.012540340423584,2026-09-01T21:47:43.706822+00:00,gpu1.nitsri.ac.in,0.9917150127226463,0.9882411795192735,0.7818867924528302,0.9845569018769303,0.8715953307392996,0.8907146438069183,0.9882411795192735,0.9336573699703208,0.8735284278092903,0.9976195651269477,0.867631815585377,142010,1156,65,4144,147375,0.028559796437659032,0.0
HIKARI-2021__imbalanced__all__SimpleRNN__seed42,HIKARI-2021,42,all,imbalanced,SimpleRNN,DL,55,309485,309485,34388,,105.0,200,36.0415940284729,0.23425555229187012,1.258103847503662,36.27584958076477,2026-09-01T19:50:04.961902+00:00,gpu1.nitsri.ac.in,0.9947413061916879,0.994987339510254,0.8472896440129449,0.995248277500594,0.9153283076586911,0.9235746125717286,0.994987339510254,0.9563073468600847,0.9157817874602368,0.9991970967701069,0.9790439496849221,142411,755,20,4189,147375,0.028559796437659032,0.0
HIKARI-2021__imbalanced__all__SimpleRNN__seed43,HIKARI-2021,43,all,imbalanced,SimpleRNN,DL,54,309485,309485,34388,,76.0,200,26.90642023086548,0.23321533203125,0.9200012683868408,27.13963556289673,2026-09-01T20:21:13.133032+00:00,gpu1.nitsri.ac.in,0.994490245971162,0.9947428182720847,0.8411327575818437,0.9950106913756237,0.91162385720505,0.9204926407645728,0.9947428182720847,0.9543901708056193,0.9122186451822524,0.9993008571159342,0.9774208364201399,142375,791,21,4188,147375,0.028559796437659032,1.1102230246251565e-16
HIKARI-2021__imbalanced__all__SimpleRNN__seed44,HIKARI-2021,44,all,imbalanced,SimpleRNN,DL,55,309485,309485,34388,,54.0,200,18.69770574569702,0.23534297943115234,0.8983616828918457,18.933048725128174,2026-09-01T20:49:48.566024+00:00,gpu1.nitsri.ac.in,0.9942120441051738,0.9949455296892595,0.8338639076800637,0.9957234497505346,0.907634001082837,0.9168687289490948,0.9949455296892595,0.9523232086215544,0.9084653297965707,0.9988887223731535,0.9760258918258176,142331,835,18,4191,147375,0.028559796437659032,0.0
HIKARI-2021__imbalanced__all__SimpleRNN__seed45,HIKARI-2021,45,all,imbalanced,SimpleRNN,DL,56,309485,309485,34388,,72.0,200,25.324138164520264,0.23677349090576172,0.9071881771087646,25.560911655426025,2026-09-01T21:19:41.714563+00:00,gpu1.nitsri.ac.in,0.9943884648006786,0.9948057321453768,0.838470776621297,0.995248277500594,0.9101575230852798,0.9191651532338465,0.9948057321453768,0.9536306535386475,0.9108354857727107,0.9990040528575841,0.9771607791723674,142359,807,20,4189,147375,0.028559796437659032,0.0
HIKARI-2021__imbalanced__all__SimpleRNN__seed46,HIKARI-2021,46,all,imbalanced,SimpleRNN,DL,54,309485,309485,34388,,63.0,200,21.890437364578247,0.2347567081451416,0.9018707275390625,22.12519407272339,2026-09-01T21:49:59.086947+00:00,gpu1.nitsri.ac.in,0.9941645462256149,0.9948057819308269,0.832836414231763,0.9954858636255642,0.9069264069264069,0.9163514673867745,0.9948057819308269,0.9519571266182594,0.907773349197607,0.9989919724181172,0.9761907632833832,142325,841,19,4190,147375,0.028559796437659032,1.1102230246251565e-16
HIKARI-2021__imbalanced__top10__CNN__seed42,HIKARI-2021,42,top10,imbalanced,CNN,DL,10,309485,309485,34388,,42.0,200,26.716601610183716,0.20757794380187988,0.6855018138885498,26.924179553985596,2026-09-01T20:00:57.112412+00:00,gpu1.nitsri.ac.in,0.9946530958439356,0.9958643425743194,0.8439573697969033,0.9971489665003563,0.9141799172293618,0.921936550658764,0.9958643425743194,0.9557102522049992,0.9148186493518463,0.999326543089156,0.9791457004315102,142390,776,12,4197,147375,0.028559796437659032,0.0
HIKARI-2021__imbalanced__top10__CNN__seed43,HIKARI-2021,43,top10,imbalanced,CNN,DL,10,309485,309485,34388,,52.0,200,34.09210801124573,0.20710158348083496,0.6820263862609863,34.29920959472656,2026-09-01T20:30:38.586439+00:00,gpu1.nitsri.ac.in,0.9945920271416454,0.9946799043987924,0.8438129786376461,0.9947731052506533,0.9130956275215353,0.921829249179229,0.9946799043987924,0.9551524030337883,0.913609222056335,0.9993603590263795,0.9790201464179182,142391,775,22,4187,147375,0.028559796437659032,0.0
HIKARI-2021__imbalanced__top10__CNN__seed44,HIKARI-2021,44,top10,imbalanced,CNN,DL,10,309485,309485,34388,,53.0,200,33.92034029960632,0.2028203010559082,0.6706387996673584,34.12316060066223,2026-09-01T21:00:09.655578+00:00,gpu1.nitsri.ac.in,0.9944223918575064,0.994131390713036,0.8401285398674433,0.9938227607507721,0.9105354810622551,0.9199729752344323,0.994131390713036,0.9538284734017476,0.9110912804203133,0.9992552403675222,0.9795765214086289,142370,796,26,4183,147375,0.028559796437659032,0.0
HIKARI-2021__imbalanced__top10__CNN__seed45,HIKARI-2021,45,top10,imbalanced,CNN,DL,10,309485,309485,34388,,39.0,200,25.850664615631104,0.20907855033874512,0.6753840446472168,26.05974316596985,2026-09-01T21:29:45.109662+00:00,gpu1.nitsri.ac.in,0.9942459711620018,0.9941558876437581,0.8356301178350309,0.9940603468757424,0.9079861111111112,0.9177272582881606,0.9941558876437581,0.9525081185603116,0.908674604272353,0.9993483466270277,0.9787973553333079,142343,823,25,4184,147375,0.028559796437659032,1.1102230246251565e-16
HIKARI-2021__imbalanced__top10__CNN__seed46,HIKARI-2021,46,top10,imbalanced,CNN,DL,10,309485,309485,34388,,61.0,200,38.32735204696655,0.20196747779846191,0.6627764701843262,38.529319524765015,2026-09-01T22:00:01.784253+00:00,gpu1.nitsri.ac.in,0.9944359626802375,0.995867884809094,0.8384262033153586,0.9973865526253267,0.9110243055555556,0.9191744693807631,0.995867884809094,0.954076246721056,0.9118226965760686,0.9993472289436729,0.9798171397112676,142357,809,11,4198,147375,0.028559796437659032,0.0
HIKARI-2021__imbalanced__top10__DT__seed42,HIKARI-2021,42,top10,imbalanced,DT,ML,10,309485,309485,34388,,,200,0.8127479553222656,0.0036172866821289062,0.6855018138885498,0.8163652420043945,2026-09-01T19:56:01.141131+00:00,gpu1.nitsri.ac.in,0.9942934690415607,0.946561181553706,0.9034499281264974,0.8959372772630079,0.8996779195991889,0.9501956451339115,0.946561181553706,0.9483705643490012,0.8967494616030334,0.9471512943020516,0.8134443860494809,142763,403,438,3771,147375,0.028559796437659032,0.0
HIKARI-2021__imbalanced__top10__DT__seed43,HIKARI-2021,43,top10,imbalanced,DT,ML,10,309485,309485,34388,,,200,0.75,0.003420114517211914,0.6820263862609863,0.7534201145172119,2026-09-01T20:26:04.142257+00:00,gpu1.nitsri.ac.in,0.9947413061916879,0.9733108242360629,0.875875656742557,0.9505820860061772,0.9117010368007292,0.9372095727535567,0.9733108242360629,0.9544954953737153,0.9098044256737441,0.9758004958544535,0.9004430129977319,142599,567,208,4001,147375,0.028559796437659032,0.0
HIKARI-2021__imbalanced__top10__DT__seed44,HIKARI-2021,44,top10,imbalanced,DT,ML,10,309485,309485,34388,,,200,0.7577648162841797,0.0034563541412353516,0.6706387996673584,0.761221170425415,2026-09-01T20:55:17.431648+00:00,gpu1.nitsri.ac.in,0.994381679389313,0.9501809024029038,0.9003078380298366,0.9033024471370872,0.9018026565464896,0.9487323531269112,0.9501809024029038,0.9494553835544357,0.8989120884003091,0.9510083199884264,0.8174602486417433,142745,421,407,3802,147375,0.028559796437659032,0.0
HIKARI-2021__imbalanced__top10__DT__seed45,HIKARI-2021,45,top10,imbalanced,DT,ML,10,309485,309485,34388,,,200,0.7572853565216064,0.003263711929321289,0.6753840446472168,0.7605490684509277,2026-09-01T21:25:11.393304+00:00,gpu1.nitsri.ac.in,0.994551314673452,0.95268952651239,0.9016509433962264,0.9082917557614635,0.9049591667652976,0.9494770942921678,0.95268952651239,0.9510772131499217,0.9021609013768805,0.9544665219018623,0.8248804500878621,142749,417,386,3823,147375,0.028559796437659032,0.0
HIKARI-2021__imbalanced__top10__DT__seed46,HIKARI-2021,46,top10,imbalanced,DT,ML,10,309485,309485,34388,,,200,0.793872594833374,0.003657102584838867,0.6627764701843262,0.7975296974182129,2026-09-01T21:55:49.172851+00:00,gpu1.nitsri.ac.in,0.9943206106870229,0.949227065453698,0.8999051233396584,0.9014017581373248,0.900652818991098,0.9485031243309263,0.949227065453698,0.9488647837206428,0.8977298978868802,0.950407362309534,0.8160567088503998,142744,422,415,3794,147375,0.028559796437659032,0.0
HIKARI-2021__imbalanced__top10__GNB__seed42,HIKARI-2021,42,top10,imbalanced,GNB,ML,10,309485,309485,34388,,,200,0.02722454071044922,0.003478527069091797,0.6855018138885498,0.030703067779541016,2026-09-01T19:56:02.914284+00:00,gpu1.nitsri.ac.in,0.9209499575911789,0.9563151494266972,0.2646295944834567,0.9938227607507721,0.4179656274980016,0.6322159890208844,0.9563151494266972,0.687780487134894,0.4912521095594945,0.988887166478267,0.64008655411081,131542,11624,26,4183,147375,0.028559796437659032,5.551115123125783e-17
HIKARI-2021__imbalanced__top10__GNB__seed43,HIKARI-2021,43,top10,imbalanced,GNB,ML,10,309485,309485,34388,,,200,0.028285980224609375,0.0035505294799804688,0.6820263862609863,0.031836509704589844,2026-09-01T20:26:05.924003+00:00,gpu1.nitsri.ac.in,0.9157998303647159,0.95447148468148,0.25271411338962607,0.9954858636255642,0.4030977921015922,0.6262844239489129,0.95447148468148,0.6789015119340788,0.4791353447376135,0.9880530734936432,0.6072993505744133,130776,12390,19,4190,147375,0.028559796437659032,0.0
HIKARI-2021__imbalanced__top10__GNB__seed44,HIKARI-2021,44,top10,imbalanced,GNB,ML,10,309485,309485,34388,,,200,0.02691054344177246,0.0035257339477539062,0.6706387996673584,0.030436277389526367,2026-09-01T20:55:19.152500+00:00,gpu1.nitsri.ac.in,0.9215063613231552,0.9568321314976322,0.266069044440206,0.9942979330007128,0.41980138429130304,0.6329433686719511,0.9568321314976322,0.688853576299182,0.49288052296224066,0.9883823586093965,0.6469705599815337,131622,11544,24,4185,147375,0.028559796437659032,5.551115123125783e-17
HIKARI-2021__imbalanced__top10__GNB__seed45,HIKARI-2021,45,top10,imbalanced,GNB,ML,10,309485,309485,34388,,,200,0.02746105194091797,0.003395557403564453,0.6753840446472168,0.030856609344482422,2026-09-01T21:25:13.240722+00:00,gpu1.nitsri.ac.in,0.9212824427480916,0.9562556782172794,0.26539291608480386,0.9933475885008316,0.4188749185994089,0.6325900920369772,0.9562556782172794,0.6883283820871725,0.4919145550488319,0.9885571943233024,0.6491647269069846,131593,11573,28,4181,147375,0.028559796437659032,5.551115123125783e-17
HIKARI-2021__imbalanced__top10__GNB__seed46,HIKARI-2021,46,top10,imbalanced,GNB,ML,10,309485,309485,34388,,,200,0.027106523513793945,0.0034406185150146484,0.6627764701843262,0.030547142028808594,2026-09-01T21:55:50.851967+00:00,gpu1.nitsri.ac.in,0.921852417302799,0.9585091543842725,0.2673204279164544,0.9973865526253267,0.4216341083714157,0.633618443181063,0.9585091543842725,0.6898646351154953,0.49503648105202147,0.9907574382275328,0.6805389310209448,131660,11506,11,4198,147375,0.028559796437659032,5.551115123125783e-17
HIKARI-2021__imbalanced__top10__GRU__seed42,HIKARI-2021,42,top10,imbalanced,GRU,DL,10,309485,309485,34388,,176.0,200,92.95247507095337,0.3931100368499756,0.6855018138885498,93.34558510780334,2026-09-01T19:58:14.606846+00:00,gpu1.nitsri.ac.in,0.99464631043257,0.9958608501249948,0.8437876960193004,0.9971489665003563,0.9140803658934988,0.9218517134740781,0.9958608501249948,0.9556587208030143,0.9147234538808812,0.9993765567225696,0.9791351317042502,142389,777,12,4197,147375,0.028559796437659032,0.0
HIKARI-2021__imbalanced__top10__GRU__seed43,HIKARI-2021,43,top10,imbalanced,GRU,DL,10,309485,309485,34388,,152.0,200,81.32841444015503,0.3930346965789795,0.6820263862609863,81.72144913673401,2026-09-01T20:28:06.077503+00:00,gpu1.nitsri.ac.in,0.9944020356234097,0.9937750115255806,0.840032154340836,0.9931100023758612,0.9101796407185628,0.9199142506126472,0.9937750115255806,0.9536453156055475,0.9106989929411702,0.9992529021108822,0.9747304597672456,142370,796,29,4180,147375,0.028559796437659032,0.0
HIKARI-2021__imbalanced__top10__GRU__seed44,HIKARI-2021,44,top10,imbalanced,GRU,DL,10,309485,309485,34388,,164.0,200,87.52150750160217,0.3788943290710449,0.6706387996673584,87.90040183067322,2026-09-01T20:57:37.165320+00:00,gpu1.nitsri.ac.in,0.994225614927905,0.9931077047773391,0.8363381410256411,0.9919220717510098,0.9075100532550809,0.9180496742365797,0.9931077047773391,0.9522649145977312,0.9080606044658343,0.9992100003290154,0.9774895787455598,142349,817,34,4175,147375,0.028559796437659032,1.1102230246251565e-16
HIKARI-2021__imbalanced__top10__GRU__seed45,HIKARI-2021,45,top10,imbalanced,GRU,DL,10,309485,309485,34388,,164.0,200,87.91715931892395,0.3936653137207031,0.6753840446472168,88.31082463264465,2026-09-01T21:27:12.979019+00:00,gpu1.nitsri.ac.in,0.9943206106870229,0.9930412984547223,0.8388263665594855,0.9916844856260394,0.9088731627653783,0.9192902891582952,0.9930412984547223,0.9529710656507192,0.9093457617343622,0.9991880565621261,0.9765654484192887,142364,802,35,4174,147375,0.028559796437659032,1.1102230246251565e-16
HIKARI-2021__imbalanced__top10__GRU__seed46,HIKARI-2021,46,top10,imbalanced,GRU,DL,10,309485,309485,34388,,132.0,200,71.62707352638245,0.3938899040222168,0.6627764701843262,72.02096343040466,2026-09-01T21:57:26.038862+00:00,gpu1.nitsri.ac.in,0.9943681085665819,0.9947952547974032,0.8379675935187038,0.995248277500594,0.909860990443093,0.9189135602026288,0.9947952547974032,0.9534771188355857,0.9105524515557508,0.9993208161028794,0.9774142154283297,142356,810,20,4189,147375,0.028559796437659032,0.0
HIKARI-2021__imbalanced__top10__KNN__seed42,HIKARI-2021,42,top10,imbalanced,KNN,ML,10,309485,309485,34388,,,200,0.3489081859588623,13.317903518676758,0.6855018138885498,13.66681170463562,2026-09-01T19:56:30.308784+00:00,gpu1.nitsri.ac.in,0.994442748091603,0.9495205307678611,0.9033793431699191,0.9018769303872654,0.9026275115919629,0.9502473605346917,0.9495205307678611,0.9498836327599995,0.8997675977370673,0.9878746457595124,0.9318624616692031,142760,406,413,3796,147375,0.028559796437659032,0.0
HIKARI-2021__imbalanced__top10__KNN__seed43,HIKARI-2021,43,top10,imbalanced,KNN,ML,10,309485,309485,34388,,,200,0.351001501083374,6.981323719024658,0.6820263862609863,7.332325220108032,2026-09-01T20:26:20.535934+00:00,gpu1.nitsri.ac.in,0.9943409669211196,0.9511976532254016,0.8973392983282317,0.9054407222618199,0.9013718070009461,0.9472792852940135,0.9511976532254016,0.9492293588296102,0.8984683942376467,0.9865215419468621,0.926270355591121,142730,436,398,3811,147375,0.028559796437659032,1.1102230246251565e-16
HIKARI-2021__imbalanced__top10__KNN__seed44,HIKARI-2021,44,top10,imbalanced,KNN,ML,10,309485,309485,34388,,,200,0.35869717597961426,19.411527395248413,0.6706387996673584,19.770224571228027,2026-09-01T20:55:58.600109+00:00,gpu1.nitsri.ac.in,0.9943206106870229,0.9518789795563916,0.8955889253871422,0.9068662390116418,0.9011923031519301,0.9464249155525007,0.9518789795563916,0.9491342909435051,0.8982873377453615,0.9879668492428565,0.9309302089047481,142721,445,392,3817,147375,0.028559796437659032,1.1102230246251565e-16
HIKARI-2021__imbalanced__top10__KNN__seed45,HIKARI-2021,45,top10,imbalanced,KNN,ML,10,309485,309485,34388,,,200,0.37668848037719727,10.338225364685059,0.6753840446472168,10.714913845062256,2026-09-01T21:25:34.401115+00:00,gpu1.nitsri.ac.in,0.9942052586938083,0.9519349085310346,0.8918476991357159,0.907103825136612,0.8994110718492344,0.9445576147851278,0.9519349085310346,0.9482138849779254,0.8964621686935631,0.9886719472965119,0.9241578024787896,142703,463,391,3818,147375,0.028559796437659032,0.0
HIKARI-2021__imbalanced__top10__KNN__seed46,HIKARI-2021,46,top10,imbalanced,KNN,ML,10,309485,309485,34388,,,200,0.3648800849914551,6.245905637741089,0.6627764701843262,6.610785722732544,2026-09-01T21:56:03.965369+00:00,gpu1.nitsri.ac.in,0.994117048346056,0.9479692858423552,0.8954093705631803,0.8990258968876218,0.8972139893301719,0.946220218048148,0.9479692858423552,0.9470929279902698,0.894187793268168,0.9900469981950815,0.9314738403787908,142724,442,425,3784,147375,0.028559796437659032,0.0
HIKARI-2021__imbalanced__top10__LSTM__seed42,HIKARI-2021,42,top10,imbalanced,LSTM,DL,10,309485,309485,34388,,150.0,200,73.58648681640625,0.3607814311981201,0.6855018138885498,73.94726824760437,2026-09-01T19:59:29.203587+00:00,gpu1.nitsri.ac.in,0.9947209499575912,0.9962451689070467,0.8452404910444757,0.9978617248752673,0.9152320767051645,0.9225886457300942,0.9962451689070467,0.9562538599877566,0.9158767905750878,0.9993817742377402,0.979612034283485,142397,769,9,4200,147375,0.028559796437659032,0.0
HIKARI-2021__imbalanced__top10__LSTM__seed43,HIKARI-2021,43,top10,imbalanced,LSTM,DL,10,309485,309485,34388,,132.0,200,64.31367897987366,0.3663804531097412,0.6820263862609863,64.6800594329834,2026-09-01T20:29:11.412645+00:00,gpu1.nitsri.ac.in,0.9943681085665819,0.9935269480526366,0.8394615230058268,0.9926348301259207,0.90964511212715,0.9196219116595168,0.9935269480526366,0.9533692916464916,0.9101532209410333,0.9992506816798078,0.9762048593232026,142367,799,31,4178,147375,0.028559796437659032,0.0
HIKARI-2021__imbalanced__top10__LSTM__seed44,HIKARI-2021,44,top10,imbalanced,LSTM,DL,10,309485,309485,34388,,131.0,200,64.04259443283081,0.370652437210083,0.6706387996673584,64.4132468700409,2026-09-01T20:58:42.231860+00:00,gpu1.nitsri.ac.in,0.9942866836301951,0.9934850386607419,0.8374423732210864,0.9926348301259207,0.908458360513155,0.918612327593505,0.9934850386607419,0.9527548428329209,0.9090190771735078,0.9992687065020166,0.9781847674631463,142355,811,31,4178,147375,0.028559796437659032,1.1102230246251565e-16
HIKARI-2021__imbalanced__top10__LSTM__seed45,HIKARI-2021,45,top10,imbalanced,LSTM,DL,10,309485,309485,34388,,147.0,200,71.42004823684692,0.37057971954345703,0.6753840446472168,71.79062795639038,2026-09-01T21:28:25.416172+00:00,gpu1.nitsri.ac.in,0.9943206106870229,0.9937331021336859,0.8380112269446672,0.9931100023758612,0.9089920626291181,0.9189037783328897,0.9937331021336859,0.9530304539961628,0.9095639877915561,0.9993018826962062,0.9775204376426951,142358,808,29,4180,147375,0.028559796437659032,1.1102230246251565e-16
HIKARI-2021__imbalanced__top10__LSTM__seed46,HIKARI-2021,46,top10,imbalanced,LSTM,DL,10,309485,309485,34388,,125.0,200,61.479472398757935,0.3759114742279053,0.6627764701843262,61.85538387298584,2026-09-01T21:58:28.552692+00:00,gpu1.nitsri.ac.in,0.9943748939779474,0.9949140478598884,0.838,0.9954858636255642,0.9099793680095559,0.9189332748024583,0.9949140478598884,0.9535380535909319,0.9106831783132564,0.9992992365995333,0.9767365393607704,142356,810,19,4190,147375,0.028559796437659032,1.1102230246251565e-16
HIKARI-2021__imbalanced__top10__MLP__seed42,HIKARI-2021,42,top10,imbalanced,MLP,DL,10,309485,309485,34388,,135.0,200,21.200829029083252,0.11162257194519043,0.6855018138885498,21.312451601028442,2026-09-01T19:59:51.145989+00:00,gpu1.nitsri.ac.in,0.9947209499575912,0.9960145676807256,0.8455186304128902,0.9973865526253267,0.9151951166339656,0.9227206943230801,0.9960145676807256,0.9562353990318888,0.9158070155755716,0.9992556510974852,0.9793075064794603,142399,767,11,4198,147375,0.028559796437659032,1.1102230246251565e-16
HIKARI-2021__imbalanced__top10__MLP__seed43,HIKARI-2021,43,top10,imbalanced,MLP,DL,10,309485,309485,34388,,134.0,200,20.89621114730835,0.11110711097717285,0.6820263862609863,21.007318258285522,2026-09-01T20:29:33.057160+00:00,gpu1.nitsri.ac.in,0.9943138252756574,0.9936143090712007,0.8379787447363144,0.992872416250891,0.9088734232274902,0.9188840264120373,0.9936143090712007,0.9529693884454478,0.9094331185487813,0.9993121841355896,0.9769888346779556,142358,808,30,4179,147375,0.028559796437659032,0.0
HIKARI-2021__imbalanced__top10__MLP__seed44,HIKARI-2021,44,top10,imbalanced,MLP,DL,10,309485,309485,34388,,122.0,200,19.26152205467224,0.11206722259521484,0.6706387996673584,19.373589277267456,2026-09-01T20:59:02.251858+00:00,gpu1.nitsri.ac.in,0.9942934690415607,0.9931426292705847,0.8380168606985147,0.9919220717510098,0.9084974431509085,0.9188890424579986,0.9931426292705847,0.9527761712443493,0.9090039466809262,0.9991457663115381,0.9763473760079925,142359,807,34,4175,147375,0.028559796437659032,0.0
HIKARI-2021__imbalanced__top10__MLP__seed45,HIKARI-2021,45,top10,imbalanced,MLP,DL,10,309485,309485,34388,,113.0,200,18.144124507904053,0.11125493049621582,0.6753840446472168,18.25537943840027,2026-09-01T21:28:44.312047+00:00,gpu1.nitsri.ac.in,0.9941509754028838,0.9923774841558054,0.8353035463834902,0.9904965550011879,0.9063043478260869,0.9175113079709338,0.9923774841558054,0.9516428060265087,0.9068035452628712,0.9991039307680609,0.9760057293856389,142344,822,40,4169,147375,0.028559796437659032,1.1102230246251565e-16
HIKARI-2021__imbalanced__top10__MLP__seed46,HIKARI-2021,46,top10,imbalanced,MLP,DL,10,309485,309485,34388,,123.0,200,19.36510419845581,0.11267924308776855,0.6627764701843262,19.47778344154358,2026-09-01T21:58:48.668762+00:00,gpu1.nitsri.ac.in,0.9939881255301103,0.9937925733431037,0.8295973021225947,0.9935851746258019,0.9042162162162162,0.9147038037303715,0.9937925733431037,0.9505564443602972,0.9050473101870279,0.9992048243017201,0.973443138242959,142307,859,27,4182,147375,0.028559796437659032,0.0
HIKARI-2021__imbalanced__top10__RF__seed42,HIKARI-2021,42,top10,imbalanced,RF,ML,10,309485,309485,34388,,,200,1.4722979068756104,0.035767316818237305,0.6855018138885498,1.5080652236938477,2026-09-01T19:56:02.772174+00:00,gpu1.nitsri.ac.in,0.994958439355386,0.9685799568617041,0.8892632524707996,0.9406034687574246,0.914213139360351,0.9437570294245297,0.9685799568617041,0.9558080227245078,0.9119992318085011,0.9993547208241557,0.9823687935458876,142673,493,250,3959,147375,0.028559796437659032,0.0
HIKARI-2021__imbalanced__top10__RF__seed43,HIKARI-2021,43,top10,imbalanced,RF,ML,10,309485,309485,34388,,,200,1.452721118927002,0.05550217628479004,0.6820263862609863,1.508223295211792,2026-09-01T20:26:05.780690+00:00,gpu1.nitsri.ac.in,0.9949109414758269,0.9787019636745641,0.8731391585760517,0.9615110477548111,0.9151967435549525,0.9360021139664622,0.9787019636745641,0.9562867518744311,0.9137068854331931,0.9994557645439223,0.9820348848273082,142578,588,162,4047,147375,0.028559796437659032,0.0
HIKARI-2021__imbalanced__top10__RF__seed44,HIKARI-2021,44,top10,imbalanced,RF,ML,10,309485,309485,34388,,,200,1.4113450050354004,0.04571056365966797,0.6706387996673584,1.4570555686950684,2026-09-01T20:55:19.011814+00:00,gpu1.nitsri.ac.in,0.9949923664122138,0.9750542534453199,0.8806755867514806,0.9539082917557614,0.9158302919708029,0.9396585977674051,0.9750542534453199,0.9566248549880659,0.9140277609202268,0.9992379133713717,0.9822041663227467,142622,544,194,4015,147375,0.028559796437659032,0.0
HIKARI-2021__imbalanced__top10__RF__seed45,HIKARI-2021,45,top10,imbalanced,RF,ML,10,309485,309485,34388,,,200,1.5163846015930176,0.03518080711364746,0.6753840446472168,1.551565408706665,2026-09-01T21:25:13.077695+00:00,gpu1.nitsri.ac.in,0.9948430873621713,0.9760151250786249,0.8749728201782996,0.9560465668804942,0.9137148047229791,0.936838542100132,0.9760151250786249,0.9555284615273343,0.9120126167043052,0.9990835427964875,0.9810510913611838,142591,575,185,4024,147375,0.028559796437659032,1.1102230246251565e-16
HIKARI-2021__imbalanced__top10__RF__seed46,HIKARI-2021,46,top10,imbalanced,RF,ML,10,309485,309485,34388,,,200,1.3581414222717285,0.045378923416137695,0.6627764701843262,1.4035203456878662,2026-09-01T21:55:50.708934+00:00,gpu1.nitsri.ac.in,0.9946666666666667,0.9699286895118356,0.8785666887856669,0.9436920883820384,0.9099656357388316,0.938453826143432,0.9699286895118356,0.9536087880812891,0.9078370601182423,0.9993137440796928,0.9811724533091928,142617,549,237,3972,147375,0.028559796437659032,1.1102230246251565e-16
HIKARI-2021__imbalanced__top10__SVM__seed42,HIKARI-2021,42,top10,imbalanced,SVM,ML,10,309485,100000,34388,100000.0,,200,1.6143765449523926,4.214130640029907,0.6855018138885498,5.8285071849823,2026-09-01T19:56:40.619794+00:00,gpu1.nitsri.ac.in,0.9676200169635284,0.592810855048278,0.3724512913457182,0.19529579472558803,0.2562344139650873,0.6745598515584537,0.592810855048278,0.619842081607111,0.25456668344652306,0.9886506216989611,0.5123826176897466,141781,1385,3387,822,147375,0.028559796437659032,5.551115123125783e-17
HIKARI-2021__imbalanced__top10__SVM__seed43,HIKARI-2021,43,top10,imbalanced,SVM,ML,10,309485,100000,34388,100000.0,,200,1.9872515201568604,10.801984786987305,0.6820263862609863,12.789236307144165,2026-09-01T20:26:43.731072+00:00,gpu1.nitsri.ac.in,0.9766649703138253,0.7111526945742592,0.6352775825720309,0.42955571394630554,0.5125442948263643,0.8093324998150996,0.7111526945742592,0.7502953316881956,0.5111414319162547,0.9908798598195727,0.582390233363979,142128,1038,2401,1808,147375,0.028559796437659032,1.1102230246251565e-16
HIKARI-2021__imbalanced__top10__SVM__seed44,HIKARI-2021,44,top10,imbalanced,SVM,ML,10,309485,100000,34388,100000.0,,200,1.6848933696746826,4.102661371231079,0.6706387996673584,5.787554740905762,2026-09-01T20:56:08.644458+00:00,gpu1.nitsri.ac.in,0.9719016115351993,0.643902050552166,0.514026402640264,0.296032311712996,0.3756972712196593,0.7467925060506961,0.643902050552166,0.6806623189398657,0.3769028929663607,0.9901617876776211,0.5478311340415549,141988,1178,2963,1246,147375,0.028559796437659032,0.0
HIKARI-2021__imbalanced__top10__SVM__seed45,HIKARI-2021,45,top10,imbalanced,SVM,ML,10,309485,100000,34388,100000.0,,200,1.6446614265441895,3.9315006732940674,0.6753840446472168,5.576162099838257,2026-09-01T21:25:44.062874+00:00,gpu1.nitsri.ac.in,0.9748125530110263,0.702935317279537,0.5830270631473438,0.41458778807317653,0.48458761455151345,0.7829806119576532,0.702935317279537,0.7358392327351583,0.47927762422872994,0.9899685819623856,0.545282180445921,141918,1248,2464,1745,147375,0.028559796437659032,0.0
HIKARI-2021__imbalanced__top10__SVM__seed46,HIKARI-2021,46,top10,imbalanced,SVM,ML,10,309485,100000,34388,100000.0,,200,1.70245361328125,3.7771642208099365,0.6627764701843262,5.4796178340911865,2026-09-01T21:56:13.406862+00:00,gpu1.nitsri.ac.in,0.9756810856658185,0.7387796390333821,0.5898246622592699,0.48752672843905914,0.5338189386056191,0.787417334743356,0.7387796390333821,0.7606669154294303,0.5239443002532055,0.9898631712288875,0.5415854657683302,141739,1427,2157,2052,147375,0.028559796437659032,1.1102230246251565e-16
HIKARI-2021__imbalanced__top10__SimpleRNN__seed42,HIKARI-2021,42,top10,imbalanced,SimpleRNN,DL,10,309485,309485,34388,,118.0,200,37.53364944458008,0.21927595138549805,0.6855018138885498,37.752925395965576,2026-09-01T20:00:29.525903+00:00,gpu1.nitsri.ac.in,0.9948023748939779,0.9964023789121021,0.8471466021375277,0.9980993110002376,0.9164485165794066,0.923545214336936,0.9964023789121021,0.9568831373507085,0.9170580177364814,0.999374109767697,0.9807179237377348,142408,758,8,4201,147375,0.028559796437659032,0.0
HIKARI-2021__imbalanced__top10__SimpleRNN__seed43,HIKARI-2021,43,top10,imbalanced,SimpleRNN,DL,10,309485,309485,34388,,94.0,200,29.621543884277344,0.2217106819152832,0.6820263862609863,29.843254566192627,2026-09-01T20:30:03.571603+00:00,gpu1.nitsri.ac.in,0.9944631043256997,0.9951900509274287,0.8399118413143658,0.9959610358755049,0.9113043478260869,0.9198962229383381,0.9951900509274287,0.9542233523406394,0.9119834034039668,0.9993335927088903,0.9780729506320119,142367,799,17,4192,147375,0.028559796437659032,0.0
HIKARI-2021__imbalanced__top10__SimpleRNN__seed44,HIKARI-2021,44,top10,imbalanced,SimpleRNN,DL,10,309485,309485,34388,,101.0,200,31.731180906295776,0.2155475616455078,0.6706387996673584,31.946728467941284,2026-09-01T20:59:34.838629+00:00,gpu1.nitsri.ac.in,0.9945581000848176,0.9942012396995272,0.843516838072192,0.9938227607507721,0.912521815008726,0.9216671371576554,0.9942012396995272,0.9548567573828568,0.9129916142525382,0.9992645909048081,0.9790201331622858,142390,776,26,4183,147375,0.028559796437659032,1.1102230246251565e-16
HIKARI-2021__imbalanced__top10__SimpleRNN__seed45,HIKARI-2021,45,top10,imbalanced,SimpleRNN,DL,10,309485,309485,34388,,104.0,200,33.19988131523132,0.21542024612426758,0.6753840446472168,33.41530156135559,2026-09-01T21:29:18.375331+00:00,gpu1.nitsri.ac.in,0.9943477523324852,0.9943235749967871,0.8380056067280737,0.9942979330007128,0.9094860371617951,0.9189185224557697,0.9943235749967871,0.9532844145682482,0.910123731484259,0.9992194413098695,0.9788951384686911,142357,809,24,4185,147375,0.028559796437659032,1.1102230246251565e-16
HIKARI-2021__imbalanced__top10__SimpleRNN__seed46,HIKARI-2021,46,top10,imbalanced,SimpleRNN,DL,10,309485,309485,34388,,104.0,200,33.06875491142273,0.21503162384033203,0.6627764701843262,33.28378653526306,2026-09-01T21:59:22.593992+00:00,gpu1.nitsri.ac.in,0.9944223918575064,0.9950537956183207,0.8390390390390391,0.9957234497505346,0.9106910039113429,0.9194563083943615,0.9950537956183207,0.9539061541798315,0.9113801348870352,0.999284489319456,0.9762482579505958,142362,804,18,4191,147375,0.028559796437659032,0.0
HIKARI-2021__imbalanced__top20__CNN__seed42,HIKARI-2021,42,top20,imbalanced,CNN,DL,20,309485,309485,34388,,59.0,200,49.45275115966797,0.2321784496307373,0.6906642913818359,49.684929609298706,2026-09-01T19:55:59.524894+00:00,gpu1.nitsri.ac.in,0.9948227311280746,0.9966434574863969,0.8473790322580645,0.9985744832501782,0.9167848184098593,0.9236684509322483,0.9966434574863969,0.9570565360200889,0.9174141143429125,0.9993703966028772,0.9805119479912674,142409,757,6,4203,147375,0.028559796437659032,0.0
HIKARI-2021__imbalanced__top20__CNN__seed43,HIKARI-2021,43,top20,imbalanced,CNN,DL,20,309485,309485,34388,,47.0,200,41.00720429420471,0.23174238204956055,0.6915245056152344,41.23894667625427,2026-09-01T20:26:02.590318+00:00,gpu1.nitsri.ac.in,0.9946191687871078,0.9945785735829301,0.844632768361582,0.994535519125683,0.9134751773049645,0.9222356365277391,0.9945785735829301,0.9553492104113281,0.9139555762284505,0.9993685935398261,0.9790208704683405,142396,770,23,4186,147375,0.028559796437659032,0.0
HIKARI-2021__imbalanced__top20__CNN__seed44,HIKARI-2021,44,top20,imbalanced,CNN,DL,20,309485,309485,34388,,45.0,200,37.89309501647949,0.2333362102508545,0.6882944107055664,38.12643122673035,2026-09-01T20:55:15.884548+00:00,gpu1.nitsri.ac.in,0.9944291772688719,0.9936736807097183,0.8408450704225352,0.992872416250891,0.9105567055234774,0.9203172018311194,0.9936736807097183,0.9538408818700865,0.9110423482881096,0.9992657807770657,0.965201451319994,142375,791,30,4179,147375,0.028559796437659032,0.0
HIKARI-2021__imbalanced__top20__CNN__seed45,HIKARI-2021,45,top20,imbalanced,CNN,DL,20,309485,309485,34388,,47.0,200,39.60705780982971,0.23463726043701172,0.6817870140075684,39.841695070266724,2026-09-01T21:25:09.822469+00:00,gpu1.nitsri.ac.in,0.9943545377438507,0.994788269898754,0.8376324735052989,0.995248277500594,0.9096634093376764,0.9187459992092777,0.994788269898754,0.9533748159667299,0.910363901911282,0.9992811188444841,0.9795071231341425,142354,812,20,4189,147375,0.028559796437659032,0.0
HIKARI-2021__imbalanced__top20__CNN__seed46,HIKARI-2021,46,top20,imbalanced,CNN,DL,20,309485,309485,34388,,41.0,200,34.389745473861694,0.23549485206604004,0.6867208480834961,34.625240325927734,2026-09-01T21:55:47.596738+00:00,gpu1.nitsri.ac.in,0.994381679389313,0.995724644601337,0.8372232196289647,0.9971489665003563,0.9102147039687704,0.918569463736175,0.995724644601337,0.9536574066200076,0.911032817524347,0.9993554252882745,0.9789917594470259,142350,816,12,4197,147375,0.028559796437659032,1.1102230246251565e-16
HIKARI-2021__imbalanced__top20__DT__seed42,HIKARI-2021,42,top20,imbalanced,DT,ML,20,309485,309485,34388,,,200,1.9254405498504639,0.0038673877716064453,0.6906642913818359,1.9293079376220703,2026-09-01T19:51:52.715807+00:00,gpu1.nitsri.ac.in,0.9944970313825275,0.9464353538071217,0.9103864734299517,0.8954621050130672,0.902862618277638,0.9536572992695191,0.9464353538071217,0.9500154621271116,0.9000636797617623,0.9472625598044814,0.8196668011303946,142795,371,440,3769,147375,0.028559796437659032,0.0
HIKARI-2021__imbalanced__top20__DT__seed43,HIKARI-2021,43,top20,imbalanced,DT,ML,20,309485,309485,34388,,,200,1.7840373516082764,0.0036046504974365234,0.6915245056152344,1.787642002105713,2026-09-01T20:22:18.625017+00:00,gpu1.nitsri.ac.in,0.9944156064461408,0.949506560970563,0.9025202092249168,0.9018769303872654,0.9021984551396316,0.9498177532654489,0.949506560970563,0.9496620997300477,0.8993242603952306,0.9505674839336626,0.8186268535507275,142756,410,413,3796,147375,0.028559796437659032,1.1102230246251565e-16
HIKARI-2021__imbalanced__top20__DT__seed44,HIKARI-2021,44,top20,imbalanced,DT,ML,20,309485,309485,34388,,,200,1.792496919631958,0.0035088062286376953,0.6882944107055664,1.7960057258605957,2026-09-01T20:51:11.347147+00:00,gpu1.nitsri.ac.in,0.9943477523324852,0.9492410352509961,0.9007597340930674,0.9014017581373248,0.9010806317539485,0.9489304702051711,0.9492410352509961,0.9490856954927309,0.898171451763387,0.9503053295188252,0.8166255302051336,142748,418,415,3794,147375,0.028559796437659032,0.0
HIKARI-2021__imbalanced__top20__DT__seed45,HIKARI-2021,45,top20,imbalanced,DT,ML,20,309485,309485,34388,,,200,1.907135009765625,0.0034863948822021484,0.6817870140075684,1.9106214046478271,2026-09-01T21:21:04.703882+00:00,gpu1.nitsri.ac.in,0.9944088210347752,0.9498489703607202,0.9017327320199383,0.9025896887621763,0.9021610068867253,0.9494344217789581,0.9498489703607202,0.9496415942203736,0.8992832965910798,0.9513843918106692,0.8193659731932307,142752,414,410,3799,147375,0.028559796437659032,0.0
HIKARI-2021__imbalanced__top20__DT__seed46,HIKARI-2021,46,top20,imbalanced,DT,ML,20,309485,309485,34388,,,200,1.7744522094726562,0.0035400390625,0.6867208480834961,1.7779922485351562,2026-09-01T21:51:39.467503+00:00,gpu1.nitsri.ac.in,0.9942798982188296,0.946554196655057,0.9030172413793104,0.8959372772630079,0.8994633273703041,0.949979280400966,0.946554196655057,0.9482597659322842,0.8965269344997373,0.947970956144206,0.8145047491317631,142761,405,438,3771,147375,0.028559796437659032,1.1102230246251565e-16
HIKARI-2021__imbalanced__top20__GNB__seed42,HIKARI-2021,42,top20,imbalanced,GNB,ML,20,309485,309485,34388,,,200,0.03526663780212402,0.005768775939941406,0.6906642913818359,0.04103541374206543,2026-09-01T19:51:55.164171+00:00,gpu1.nitsri.ac.in,0.924776929601357,0.9593225963641945,0.27468711093637377,0.9959610358755049,0.4306111967128916,0.6372792170937527,0.9593225963641945,0.695169736688326,0.5022168711715941,0.9764945266025515,0.3988518793168272,132097,11069,17,4192,147375,0.028559796437659032,0.0
HIKARI-2021__imbalanced__top20__GNB__seed43,HIKARI-2021,43,top20,imbalanced,GNB,ML,20,309485,309485,34388,,,200,0.03543448448181152,0.005597114562988281,0.6915245056152344,0.041031599044799805,2026-09-01T20:22:21.031890+00:00,gpu1.nitsri.ac.in,0.9194571670907549,0.9568151173200603,0.26132469312729767,0.9964362081254454,0.4140586434988646,0.6306052367757926,0.9568151173200603,0.6854075622810325,0.48851794874026067,0.9756511328660915,0.3894070001389705,131311,11855,15,4194,147375,0.028559796437659032,5.551115123125783e-17
HIKARI-2021__imbalanced__top20__GNB__seed44,HIKARI-2021,44,top20,imbalanced,GNB,ML,20,309485,309485,34388,,,200,0.03548407554626465,0.0057506561279296875,0.6882944107055664,0.041234731674194336,2026-09-01T20:51:13.689573+00:00,gpu1.nitsri.ac.in,0.935735368956743,0.9646170001838776,0.30711143695014664,0.995248277500594,0.4693820382094235,0.6534809437339808,0.9646170001838776,0.7175892390461349,0.5340781053856175,0.9762262983628017,0.40340393449328976,133715,9451,20,4189,147375,0.028559796437659032,5.551115123125783e-17
HIKARI-2021__imbalanced__top20__GNB__seed45,HIKARI-2021,45,top20,imbalanced,GNB,ML,20,309485,309485,34388,,,200,0.03548765182495117,0.0055217742919921875,0.6817870140075684,0.04100942611694336,2026-09-01T21:21:07.170603+00:00,gpu1.nitsri.ac.in,0.926988973706531,0.96023053361768,0.28062420467483756,0.9954858636255642,0.4378265412748171,0.6402403739087998,0.96023053361768,0.699392933929742,0.5081059028147181,0.9762744035539617,0.40153322655870793,132425,10741,19,4190,147375,0.028559796437659032,5.551115123125783e-17
HIKARI-2021__imbalanced__top20__GNB__seed46,HIKARI-2021,46,top20,imbalanced,GNB,ML,20,309485,309485,34388,,,200,0.03542637825012207,0.005762338638305664,0.6867208480834961,0.041188716888427734,2026-09-01T21:51:41.922435+00:00,gpu1.nitsri.ac.in,0.896854961832061,0.9461041735252347,0.21664260672303567,0.9983368971252079,0.3560262656216903,0.6082939551246977,0.9461041735252347,0.6499820055542113,0.4395924719495644,0.9717128623036975,0.34802105376704573,127972,15194,7,4202,147375,0.028559796437659032,0.0
HIKARI-2021__imbalanced__top20__GRU__seed42,HIKARI-2021,42,top20,imbalanced,GRU,DL,20,309485,309485,34388,,129.0,200,69.35895204544067,0.3823540210723877,0.6906642913818359,69.74130606651306,2026-09-01T19:53:28.078194+00:00,gpu1.nitsri.ac.in,0.9947752332485157,0.9950048017568768,0.8481473982587568,0.995248277500594,0.9158285964145169,0.9240034921592304,0.9950048017568768,0.9565662684315566,0.91626145740286,0.9994004305054079,0.9803735261425082,142416,750,20,4189,147375,0.028559796437659032,0.0
HIKARI-2021__imbalanced__top20__GRU__seed43,HIKARI-2021,43,top20,imbalanced,GRU,DL,20,309485,309485,34388,,93.0,200,49.66678214073181,0.3920605182647705,0.6915245056152344,50.05884265899658,2026-09-01T20:23:34.468756+00:00,gpu1.nitsri.ac.in,0.9940899067005937,0.9937296594698115,0.8322054140127388,0.9933475885008316,0.9056644644210983,0.9160043585578161,0.9937296594698115,0.9513069289886744,0.9064076131381685,0.9991222949610882,0.9742589951698747,142323,843,28,4181,147375,0.028559796437659032,0.0
HIKARI-2021__imbalanced__top20__GRU__seed44,HIKARI-2021,44,top20,imbalanced,GRU,DL,20,309485,309485,34388,,102.0,200,54.300626277923584,0.38860249519348145,0.6882944107055664,54.689228773117065,2026-09-01T20:52:31.153058+00:00,gpu1.nitsri.ac.in,0.9940016963528414,0.9921853496575045,0.8317701057673119,0.9902589688762177,0.9041214750542299,0.915741055805743,0.9921853496575045,0.950512739068109,0.9047025078305679,0.9991037034145055,0.9759490690704805,142323,843,41,4168,147375,0.028559796437659032,0.0
HIKARI-2021__imbalanced__top20__GRU__seed45,HIKARI-2021,45,top20,imbalanced,GRU,DL,20,309485,309485,34388,,127.0,200,68.63638710975647,0.387188196182251,0.6817870140075684,69.02357530593872,2026-09-01T21:22:39.749471+00:00,gpu1.nitsri.ac.in,0.9942527565733673,0.9921992696693527,0.838093322606597,0.9900213827512473,0.9077442544385144,0.9188991924999728,0.9921992696693527,0.9523891231116685,0.9081450910808649,0.9991175570457536,0.9774356905717199,142361,805,42,4167,147375,0.028559796437659032,1.1102230246251565e-16
HIKARI-2021__imbalanced__top20__GRU__seed46,HIKARI-2021,46,top20,imbalanced,GRU,DL,20,309485,309485,34388,,134.0,200,71.81579184532166,0.3949120044708252,0.6867208480834961,72.21070384979248,2026-09-01T21:53:19.007364+00:00,gpu1.nitsri.ac.in,0.9942595419847329,0.9949699768345314,0.8350268977884041,0.9957234497505346,0.9083224967490247,0.9174502271121907,0.9949699768345314,0.9526797513269993,0.9091211783767683,0.9993134113469344,0.9782611602889499,142338,828,18,4191,147375,0.028559796437659032,1.1102230246251565e-16
HIKARI-2021__imbalanced__top20__KNN__seed42,HIKARI-2021,42,top20,imbalanced,KNN,ML,20,309485,309485,34388,,,200,0.008374452590942383,7.79631233215332,0.6906642913818359,7.804686784744263,2026-09-01T19:52:10.666935+00:00,gpu1.nitsri.ac.in,0.9937642069550466,0.9491712858354051,0.8823802882380288,0.9018769303872654,0.8920220890612149,0.9397468249742422,0.9491712858354051,0.9444057426674791,0.8888681495378653,0.9881105873051145,0.9199032816662438,142660,506,413,3796,147375,0.028559796437659032,0.0
HIKARI-2021__imbalanced__top20__KNN__seed43,HIKARI-2021,43,top20,imbalanced,KNN,ML,20,309485,309485,34388,,,200,0.008548974990844727,7.520580291748047,0.6915245056152344,7.529129266738892,2026-09-01T20:22:36.188999+00:00,gpu1.nitsri.ac.in,0.9934588634435962,0.9472846164183911,0.8758397034977994,0.8983131385127109,0.886934083978419,0.9364239549797571,0.9472846164183911,0.9417830462376303,0.8836418308317411,0.9859738488912749,0.9173005913952232,142630,536,428,3781,147375,0.028559796437659032,0.0
HIKARI-2021__imbalanced__top20__KNN__seed44,HIKARI-2021,44,top20,imbalanced,KNN,ML,20,309485,309485,34388,,,200,0.008573770523071289,7.634376525878906,0.6882944107055664,7.6429502964019775,2026-09-01T20:51:29.001054+00:00,gpu1.nitsri.ac.in,0.9937574215436811,0.9507820019703289,0.8797044562456707,0.9052031361368497,0.892271662763466,0.9384575523587348,0.9507820019703289,0.9445286198936649,0.8891541446369821,0.9866539695846147,0.9155597064071859,142645,521,399,3810,147375,0.028559796437659032,0.0
HIKARI-2021__imbalanced__top20__KNN__seed45,HIKARI-2021,45,top20,imbalanced,KNN,ML,20,309485,309485,34388,,,200,0.008367538452148438,7.572605848312378,0.6817870140075684,7.580973386764526,2026-09-01T21:21:22.505269+00:00,gpu1.nitsri.ac.in,0.993431721798134,0.9495766588843046,0.8715890850722311,0.9030648610121169,0.8870478413068845,0.9343681087604012,0.9495766588843046,0.941832677379978,0.883813923996212,0.9868715087683446,0.9081326393203306,142606,560,408,3801,147375,0.028559796437659032,0.0
HIKARI-2021__imbalanced__top20__KNN__seed46,HIKARI-2021,46,top20,imbalanced,KNN,ML,20,309485,309485,34388,,,200,0.008440017700195312,7.563456296920776,0.6867208480834961,7.571896314620972,2026-09-01T21:51:57.140123+00:00,gpu1.nitsri.ac.in,0.9934113655640373,0.9472601692731192,0.8744218316373727,0.8983131385127109,0.8862064924411109,0.935714945849934,0.9472601692731192,0.9414069807995638,0.882899632881721,0.9884593551270071,0.9141091824179269,142623,543,428,3781,147375,0.028559796437659032,0.0
HIKARI-2021__imbalanced__top20__LSTM__seed42,HIKARI-2021,42,top20,imbalanced,LSTM,DL,20,309485,309485,34388,,109.0,200,55.18254327774048,0.3647778034210205,0.6906642913818359,55.5473210811615,2026-09-01T19:54:24.183242+00:00,gpu1.nitsri.ac.in,0.9947141645462256,0.9949733697129557,0.8466046887631367,0.995248277500594,0.9149284700229333,0.9232321329750233,0.9949733697129557,0.9561004060660794,0.9153985689948373,0.999090073817783,0.9793399244764392,142407,759,20,4189,147375,0.028559796437659032,1.1102230246251565e-16
HIKARI-2021__imbalanced__top20__LSTM__seed43,HIKARI-2021,43,top20,imbalanced,LSTM,DL,20,309485,309485,34388,,142.0,200,69.31926965713501,0.36164379119873047,0.6915245056152344,69.68091344833374,2026-09-01T20:24:44.699860+00:00,gpu1.nitsri.ac.in,0.9944698897370653,0.9949629421504321,0.8403529883674288,0.9954858636255642,0.9113648722131593,0.920109775546741,0.9949629421504321,0.9542553905286699,0.9120060757051406,0.9992183510085123,0.976951983431311,142370,796,19,4190,147375,0.028559796437659032,1.1102230246251565e-16
HIKARI-2021__imbalanced__top20__LSTM__seed44,HIKARI-2021,44,top20,imbalanced,LSTM,DL,20,309485,309485,34388,,114.0,200,56.18380904197693,0.3574397563934326,0.6882944107055664,56.54124879837036,2026-09-01T20:53:28.246299+00:00,gpu1.nitsri.ac.in,0.994069550466497,0.9917590716981077,0.8339675545764069,0.9893086243763364,0.9050206476852858,0.9168257516950807,0.9917590716981077,0.9509799331552629,0.9054895796494598,0.9985617796628276,0.9765324205322289,142337,829,45,4164,147375,0.028559796437659032,0.0
HIKARI-2021__imbalanced__top20__LSTM__seed45,HIKARI-2021,45,top20,imbalanced,LSTM,DL,20,309485,309485,34388,,126.0,200,62.65575098991394,0.3698911666870117,0.6817870140075684,63.02564215660095,2026-09-01T21:23:43.372860+00:00,gpu1.nitsri.ac.in,0.994273112807464,0.9933627531489322,0.8372419322509521,0.9923972440009503,0.9082409219395521,0.9185085955272431,0.9933627531489322,0.9526426215569896,0.9087938223949665,0.9990835809653323,0.977867446734537,142354,812,32,4177,147375,0.028559796437659032,1.1102230246251565e-16
HIKARI-2021__imbalanced__top20__LSTM__seed46,HIKARI-2021,46,top20,imbalanced,LSTM,DL,20,309485,309485,34388,,109.0,200,53.804858446121216,0.36202192306518555,0.6867208480834961,54.1668803691864,2026-09-01T21:54:13.725763+00:00,gpu1.nitsri.ac.in,0.9941916878710771,0.9947044511149645,0.8336318407960199,0.995248277500594,0.9072991119774746,0.9167456710126921,0.9947044511149645,0.9521505156547455,0.9081099898864045,0.999310922904187,0.9772247957926511,142330,836,20,4189,147375,0.028559796437659032,0.0
HIKARI-2021__imbalanced__top20__MLP__seed42,HIKARI-2021,42,top20,imbalanced,MLP,DL,20,309485,309485,34388,,117.0,200,19.11870503425598,0.11156678199768066,0.6906642913818359,19.230271816253662,2026-09-01T19:54:43.944674+00:00,gpu1.nitsri.ac.in,0.9948023748939779,0.9954799740068174,0.8482702812057455,0.9961986220004752,0.9163024475524476,0.9240789734494241,0.9954799740068174,0.9568101779705809,0.916782719604942,0.9993689138262217,0.980582248066495,142416,750,16,4193,147375,0.028559796437659032,1.1102230246251565e-16
HIKARI-2021__imbalanced__top20__MLP__seed43,HIKARI-2021,43,top20,imbalanced,MLP,DL,20,309485,309485,34388,,78.0,200,12.665952920913696,0.11383581161499023,0.6915245056152344,12.779788732528687,2026-09-01T20:24:58.017336+00:00,gpu1.nitsri.ac.in,0.9943952502120441,0.9943480221420591,0.8391818728694606,0.9942979330007128,0.9101783384080034,0.9195066596698344,0.9943480221420591,0.9536428578233171,0.9107849087094153,0.9992717542013203,0.9779560147945018,142364,802,24,4185,147375,0.028559796437659032,0.0
HIKARI-2021__imbalanced__top20__MLP__seed44,HIKARI-2021,44,top20,imbalanced,MLP,DL,20,309485,309485,34388,,160.0,200,25.406493425369263,0.11545038223266602,0.6882944107055664,25.52194380760193,2026-09-01T20:53:54.303780+00:00,gpu1.nitsri.ac.in,0.9936692111959288,0.8938933978409385,0.9877903513996427,0.7880731765264909,0.8767014668957315,0.990798319078728,0.8938933978409385,0.9367263336748987,0.8793684496422219,0.9991674180037868,0.9793078055488461,143125,41,892,3317,147375,0.028559796437659032,0.0
HIKARI-2021__imbalanced__top20__MLP__seed45,HIKARI-2021,45,top20,imbalanced,MLP,DL,20,309485,309485,34388,,97.0,200,16.077838897705078,0.11904215812683105,0.6817870140075684,16.19688105583191,2026-09-01T21:24:00.106354+00:00,gpu1.nitsri.ac.in,0.994225614927905,0.9924159010983755,0.83714859437751,0.9904965550011879,0.9073892697790837,0.9184338428188684,0.9924159010983755,0.9522045854780326,0.9078402453333057,0.9990726563780652,0.9762055461246876,142355,811,40,4169,147375,0.028559796437659032,0.0
HIKARI-2021__imbalanced__top20__MLP__seed46,HIKARI-2021,46,top20,imbalanced,MLP,DL,20,309485,309485,34388,,125.0,200,20.04001021385193,0.11149764060974121,0.6867208480834961,20.15150785446167,2026-09-01T21:54:34.412988+00:00,gpu1.nitsri.ac.in,0.9944223918575064,0.9940160900998756,0.8402652200120555,0.9935851746258019,0.9105160026126714,0.9200378053037146,0.9940160900998756,0.9538187442571278,0.9110552876094267,0.9993722237288959,0.9796897642536345,142371,795,27,4182,147375,0.028559796437659032,0.0
HIKARI-2021__imbalanced__top20__RF__seed42,HIKARI-2021,42,top20,imbalanced,RF,ML,20,309485,309485,34388,,,200,2.1153645515441895,0.045502662658691406,0.6906642913818359,2.160867214202881,2026-09-01T19:51:55.009780+00:00,gpu1.nitsri.ac.in,0.9948973706530958,0.9641671015176806,0.8941847206385405,0.9315751960085531,0.9124970909937166,0.9460852968882612,0.9641671015176806,0.954934576892321,0.9100727867292333,0.9994779381536395,0.9826938251507215,142702,464,288,3921,147375,0.028559796437659032,0.0
HIKARI-2021__imbalanced__top20__RF__seed43,HIKARI-2021,43,top20,imbalanced,RF,ML,20,309485,309485,34388,,,200,2.0541422367095947,0.045233726501464844,0.6915245056152344,2.0993759632110596,2026-09-01T20:22:20.877728+00:00,gpu1.nitsri.ac.in,0.9945852417302798,0.9672348660172473,0.8800980610652998,0.9382276075077215,0.9082336706531738,0.9391392270502021,0.9672348660172473,0.9527219937931701,0.905938536356013,0.9994389163178506,0.981569324051748,142628,538,260,3949,147375,0.028559796437659032,1.1102230246251565e-16
HIKARI-2021__imbalanced__top20__RF__seed44,HIKARI-2021,44,top20,imbalanced,RF,ML,20,309485,309485,34388,,,200,1.9878737926483154,0.04542660713195801,0.6882944107055664,2.0333003997802734,2026-09-01T20:51:13.534210+00:00,gpu1.nitsri.ac.in,0.9948363019508057,0.969324197065986,0.8844781445138269,0.9422665716322167,0.9124582997814333,0.941388773777653,0.969324197065986,0.9548989954110151,0.9102844211500869,0.9993490062842415,0.9823689276617041,142648,518,243,3966,147375,0.028559796437659032,1.1102230246251565e-16
HIKARI-2021__imbalanced__top20__RF__seed45,HIKARI-2021,45,top20,imbalanced,RF,ML,20,309485,309485,34388,,,200,2.133270502090454,0.04563760757446289,0.6817870140075684,2.178908109664917,2026-09-01T21:21:07.015604+00:00,gpu1.nitsri.ac.in,0.9945241730279898,0.9618996057679392,0.8862397820163488,0.9272986457590877,0.9063044235458029,0.9420497439154074,0.9618996057679392,0.9517420481100407,0.9037313814277892,0.9991842844845235,0.9807168279797743,142665,501,306,3903,147375,0.028559796437659032,0.0
HIKARI-2021__imbalanced__top20__RF__seed46,HIKARI-2021,46,top20,imbalanced,RF,ML,20,309485,309485,34388,,,200,2.0920729637145996,0.05505561828613281,0.6867208480834961,2.1471285820007324,2026-09-01T21:51:41.767801+00:00,gpu1.nitsri.ac.in,0.9947073791348601,0.9727168589236372,0.8757396449704142,0.9493941553813258,0.9110807113543091,0.937124086832741,0.9727168589236372,0.9541766144103438,0.9091444885988949,0.9994312319336277,0.9812619531108369,142599,567,213,3996,147375,0.028559796437659032,0.0
HIKARI-2021__imbalanced__top20__SVM__seed42,HIKARI-2021,42,top20,imbalanced,SVM,ML,20,309485,100000,34388,100000.0,,200,1.141129970550537,2.908668279647827,0.6906642913818359,4.049798250198364,2026-09-01T19:52:17.813743+00:00,gpu1.nitsri.ac.in,0.9876980491942324,0.9831758335769585,0.7051369863013699,0.9783796626277026,0.8195840382127575,0.8522470178972141,0.9831758335769585,0.9066079769006963,0.8250993794628237,0.9937896401503351,0.6646347759259369,141444,1722,91,4118,147375,0.028559796437659032,1.1102230246251565e-16
HIKARI-2021__imbalanced__top20__SVM__seed43,HIKARI-2021,43,top20,imbalanced,SVM,ML,20,309485,100000,34388,100000.0,,200,1.1510112285614014,3.2155635356903076,0.6915245056152344,4.366574764251709,2026-09-01T20:22:43.892985+00:00,gpu1.nitsri.ac.in,0.9878473282442748,0.9875187901490406,0.705193482688391,0.9871703492516037,0.8226908226908227,0.8524059056960964,0.9875187901490406,0.9081994315597806,0.8289861296459377,0.9943426270587832,0.6868584390425903,141429,1737,54,4155,147375,0.028559796437659032,1.1102230246251565e-16
HIKARI-2021__imbalanced__top20__SVM__seed44,HIKARI-2021,44,top20,imbalanced,SVM,ML,20,309485,100000,34388,100000.0,,200,1.1351923942565918,2.8327386379241943,0.6882944107055664,3.967931032180786,2026-09-01T20:51:35.947820+00:00,gpu1.nitsri.ac.in,0.9889533502968617,0.9835913354756809,0.7283666607680057,0.977904490377762,0.8348884381338743,0.8638552278749007,0.9835913354756809,0.9145869759204596,0.838945136627733,0.9947000434431157,0.7160908537724748,141631,1535,93,4116,147375,0.028559796437659032,1.1102230246251565e-16
HIKARI-2021__imbalanced__top20__SVM__seed45,HIKARI-2021,45,top20,imbalanced,SVM,ML,20,309485,100000,34388,100000.0,,200,1.2517218589782715,3.1060307025909424,0.6817870140075684,4.357752561569214,2026-09-01T21:21:30.161221+00:00,gpu1.nitsri.ac.in,0.988247667514843,0.9841505256512113,0.7146075203604229,0.9798051793775243,0.8264529058116232,0.8570036274156003,0.9841505256512113,0.9101854022333391,0.8314890110462123,0.9941878092446051,0.6903938307455537,141519,1647,85,4124,147375,0.028559796437659032,0.0
HIKARI-2021__imbalanced__top20__SVM__seed46,HIKARI-2021,46,top20,imbalanced,SVM,ML,20,309485,100000,34388,100000.0,,200,1.4036071300506592,3.722714424133301,0.6867208480834961,5.12632155418396,2026-09-01T21:52:06.282284+00:00,gpu1.nitsri.ac.in,0.9872502120441051,0.9853666447979099,0.6958641560188299,0.9833689712520789,0.8150044304420596,0.8476846005121903,0.9853666447979099,0.9042010096397259,0.8215948101065473,0.9941366082282067,0.6696083016446407,141357,1809,70,4139,147375,0.028559796437659032,1.1102230246251565e-16
HIKARI-2021__imbalanced__top20__SimpleRNN__seed42,HIKARI-2021,42,top20,imbalanced,SimpleRNN,DL,20,309485,309485,34388,,76.0,200,24.537951231002808,0.22061443328857422,0.6906642913818359,24.758565664291382,2026-09-01T19:55:09.264549+00:00,gpu1.nitsri.ac.in,0.9934520780322307,0.8873248051255594,0.9948139109212935,0.774768353528154,0.871109923868038,0.9941175046046261,0.8873248051255594,0.9338753164523523,0.874949064071994,0.9993945110153909,0.9800424574234607,143149,17,948,3261,147375,0.028559796437659032,0.0
HIKARI-2021__imbalanced__top20__SimpleRNN__seed43,HIKARI-2021,43,top20,imbalanced,SimpleRNN,DL,20,309485,309485,34388,,68.0,200,21.995609998703003,0.2206721305847168,0.6915245056152344,22.21628212928772,2026-09-01T20:25:20.783537+00:00,gpu1.nitsri.ac.in,0.9947005937234945,0.9941592805221824,0.8472447325769854,0.9935851746258019,0.9145981410606889,0.9235275888750034,0.9941592805221824,0.9559317975484289,0.9149646738530759,0.9993301824055584,0.9788289185930953,142412,754,27,4182,147375,0.028559796437659032,0.0
HIKARI-2021__imbalanced__top20__SimpleRNN__seed44,HIKARI-2021,44,top20,imbalanced,SimpleRNN,DL,20,309485,309485,34388,,131.0,200,42.10753393173218,0.21997952461242676,0.6882944107055664,42.327513456344604,2026-09-01T20:54:37.177690+00:00,gpu1.nitsri.ac.in,0.9944088210347752,0.9943550070407081,0.839518555667001,0.9942979330007128,0.9103763323906896,0.9196750022523501,0.9943550070407081,0.9537453668845266,0.9109740692100292,0.999255822857288,0.9797141455086614,142366,800,24,4185,147375,0.028559796437659032,1.1102230246251565e-16
HIKARI-2021__imbalanced__top20__SimpleRNN__seed45,HIKARI-2021,45,top20,imbalanced,SimpleRNN,DL,20,309485,309485,34388,,87.0,200,28.516252040863037,0.22153568267822266,0.6817870140075684,28.73778772354126,2026-09-01T21:24:29.400155+00:00,gpu1.nitsri.ac.in,0.9942527565733673,0.9925451715088344,0.8376858175974287,0.9907341411261582,0.9078045063676935,0.9187059677114724,0.9925451715088344,0.9524192179166728,0.9082545957565414,0.9992239444038312,0.9784787724282235,142358,808,39,4170,147375,0.028559796437659032,1.1102230246251565e-16
HIKARI-2021__imbalanced__top20__SimpleRNN__seed46,HIKARI-2021,46,top20,imbalanced,SimpleRNN,DL,20,309485,309485,34388,,116.0,200,37.22059440612793,0.22236156463623047,0.6867208480834961,37.44295597076416,2026-09-01T21:55:12.406140+00:00,gpu1.nitsri.ac.in,0.9944631043256997,0.9954206521537499,0.8396396396396396,0.9964362081254454,0.9113428943937418,0.9197671438821882,0.9954206521537499,0.9542426056091757,0.9120555074661424,0.9993656346245752,0.9795341051811202,142365,801,15,4194,147375,0.028559796437659032,0.0
NSL-KDD__balanced__all__CNN__seed42,NSL-KDD,42,all,balanced,CNN,DL,109,97110,97110,10346,,92.0,200,80.35750102996826,0.22768425941467285,1.3675317764282227,80.58518528938293,2026-09-02T02:45:40.587412+00:00,gpu1.nitsri.ac.in,0.9923991248844081,0.9924035034282999,0.9916172176697748,0.9925053028517559,0.992061061509105,0.9923674972909321,0.9924035034282999,0.9923853171255639,0.9847710000609866,0.9996306549915079,0.9995678248913538,22944,178,159,21056,44337,0.47849425987324357,0.0
NSL-KDD__balanced__all__CNN__seed43,NSL-KDD,43,all,balanced,CNN,DL,110,97110,97110,10346,,77.0,200,64.97918057441711,0.22978758811950684,1.4768216609954834,65.20896816253662,2026-09-02T03:03:02.128972+00:00,gpu1.nitsri.ac.in,0.9919705888986625,0.9918973929656101,0.9930040179626566,0.9901956163092152,0.9915978286523484,0.9920157696577152,0.9918973929656101,0.9919547539944533,0.983913155502249,0.9995747882360589,0.999580555354586,22974,148,208,21007,44337,0.47849425987324357,1.1102230246251565e-16
NSL-KDD__balanced__all__CNN__seed44,NSL-KDD,44,all,balanced,CNN,DL,111,97110,97110,10346,,55.0,200,46.34596085548401,0.23792409896850586,1.427142858505249,46.583884954452515,2026-09-02T03:18:59.663092+00:00,gpu1.nitsri.ac.in,0.990730089992557,0.990614746935697,0.9926588993085157,0.9879330662267264,0.9902903446809516,0.990817672536745,0.990614746935697,0.9907110370508005,0.9814323984935139,0.9994389666526771,0.999378888506518,22967,155,256,20959,44337,0.47849425987324357,0.0
NSL-KDD__balanced__all__CNN__seed45,NSL-KDD,45,all,balanced,CNN,DL,110,97110,97110,10346,,113.0,200,93.67008352279663,0.24225091934204102,1.3430774211883545,93.91233444213867,2026-09-02T03:36:32.817736+00:00,gpu1.nitsri.ac.in,0.9920382524753592,0.9920808382339358,0.9903168186518755,0.9930709403723781,0.9916919673327214,0.9919714865491958,0.9920808382339358,0.9920243965709834,0.9840523187073412,0.9996832977044185,0.9996769543504558,22916,206,147,21068,44337,0.47849425987324357,0.0
NSL-KDD__balanced__all__CNN__seed46,NSL-KDD,46,all,balanced,CNN,DL,110,97110,97110,10346,,119.0,200,99.42320036888123,0.23108339309692383,1.4214136600494385,99.65428376197815,2026-09-02T03:53:51.807501+00:00,gpu1.nitsri.ac.in,0.9928051063445881,0.9927927431134482,0.9924585218702866,0.9925053028517559,0.9924819118097618,0.9927908283413973,0.9927927431134482,0.992791785219588,0.9855835714529855,0.9996130099076062,0.9995189911939222,22962,160,159,21056,44337,0.47849425987324357,0.0
NSL-KDD__balanced__all__DT__seed42,NSL-KDD,42,all,balanced,DT,ML,109,97110,97110,10346,,,200,0.8124532699584961,0.00406956672668457,1.3675317764282227,0.8165228366851807,2026-09-02T02:42:50.484933+00:00,gpu1.nitsri.ac.in,0.994632022915398,0.9946492870625707,0.9937391140611025,0.9950506716945557,0.9943944604079326,0.9945962392856824,0.9946492870625707,0.9946223643566408,0.9892455249259234,0.9946492870625706,0.991188998120036,22989,133,105,21110,44337,0.47849425987324357,0.0
NSL-KDD__balanced__all__DT__seed43,NSL-KDD,43,all,balanced,DT,ML,110,97110,97110,10346,,,200,0.7502181529998779,0.003934144973754883,1.4768216609954834,0.7541522979736328,2026-09-02T03:00:01.537359+00:00,gpu1.nitsri.ac.in,0.9949477862733157,0.994942310024542,0.9946274565248127,0.9948149893942965,0.9947212141207522,0.9949346297244706,0.994942310024542,0.9949384617316563,0.9898769397192175,0.9949892140844362,0.9919999578575638,23008,114,110,21105,44337,0.47849425987324357,0.0
NSL-KDD__balanced__all__DT__seed44,NSL-KDD,44,all,balanced,DT,ML,111,97110,97110,10346,,,200,0.7564990520477295,0.0037848949432373047,1.427142858505249,0.7602839469909668,2026-09-02T03:16:42.116200+00:00,gpu1.nitsri.ac.in,0.9953537677334957,0.9953121116789581,0.9959397573296822,0.994343624793778,0.9951410510425512,0.9953787575731154,0.9953121116789581,0.9953448459327022,0.9906908670103676,0.9953121116789581,0.9930128914472984,23036,86,120,21095,44337,0.47849425987324357,0.0
NSL-KDD__balanced__all__DT__seed45,NSL-KDD,45,all,balanced,DT,ML,110,97110,97110,10346,,,200,0.8074901103973389,0.003973245620727539,1.3430774211883545,0.8114633560180664,2026-09-02T03:33:23.165571+00:00,gpu1.nitsri.ac.in,0.9957597491936757,0.9957441150317177,0.9957561182628377,0.9953806269149187,0.9955683371835369,0.9957595982580942,0.9957441150317177,0.9957518240445056,0.9915037131689195,0.9957675915248392,0.9933910746586103,23032,90,98,21117,44337,0.47849425987324357,1.1102230246251565e-16
NSL-KDD__balanced__all__DT__seed46,NSL-KDD,46,all,balanced,DT,ML,110,97110,97110,10346,,,200,0.8171358108520508,0.004080295562744141,1.4214136600494385,0.8212161064147949,2026-09-02T03:50:14.480312+00:00,gpu1.nitsri.ac.in,0.9953312132079302,0.9953624079657152,0.9941663530297328,0.9960876738156964,0.9951260860351769,0.9952851608309705,0.9953624079657152,0.9953229287392948,0.9906475657849588,0.9953624079657151,0.992148875597162,22998,124,83,21132,44337,0.47849425987324357,0.0
NSL-KDD__balanced__all__GNB__seed42,NSL-KDD,42,all,balanced,GNB,ML,109,97110,97110,10346,,,200,0.03507184982299805,0.008465766906738281,1.3675317764282227,0.04353761672973633,2026-09-02T02:42:51.176631+00:00,gpu1.nitsri.ac.in,0.6828157069716039,0.668649396086785,0.9936499171728327,0.33928823945321707,0.5058505218032959,0.8078809529788893,0.668649396086785,0.6361520316398361,0.4557364887147551,0.6713307496007966,0.6563752840569791,23076,46,14017,7198,44337,0.47849425987324357,0.0
NSL-KDD__balanced__all__GNB__seed43,NSL-KDD,43,all,balanced,GNB,ML,110,97110,97110,10346,,,200,0.03379201889038086,0.008332490921020508,1.4768216609954834,0.04212450981140137,2026-09-02T03:00:02.251585+00:00,gpu1.nitsri.ac.in,0.6813045537587117,0.6671092007365128,0.9908549258694749,0.33707282583078013,0.5030247608328644,0.8059878077623237,0.6671092007365128,0.634235397580537,0.45225381365016537,0.6713200153636889,0.6555681303927303,23056,66,14064,7151,44337,0.47849425987324357,0.0
NSL-KDD__balanced__all__GNB__seed44,NSL-KDD,44,all,balanced,GNB,ML,111,97110,97110,10346,,,200,0.03456687927246094,0.009002447128295898,1.427142858505249,0.043569326400756836,2026-09-02T03:16:42.886753+00:00,gpu1.nitsri.ac.in,0.6805376998894829,0.6662845552787524,0.9924570470736136,0.33490454866839503,0.5008106012546698,0.8064657606124968,0.6662845552787524,0.6329591978080977,0.45148874941293343,0.6700923686658292,0.6549094364300765,23068,54,14110,7105,44337,0.47849425987324357,0.0
NSL-KDD__balanced__all__GNB__seed45,NSL-KDD,45,all,balanced,GNB,ML,110,97110,97110,10346,,,200,0.0338895320892334,0.008692264556884766,1.3430774211883545,0.042581796646118164,2026-09-02T03:33:23.933530+00:00,gpu1.nitsri.ac.in,0.6849809414258972,0.6709236089877132,0.9929270946681176,0.34409615837850577,0.5110792172786782,0.8083467432242846,0.6709236089877132,0.63935513761267,0.4591458947720318,0.6734039567513092,0.6584236997264,23070,52,13915,7300,44337,0.47849425987324357,0.0
NSL-KDD__balanced__all__GNB__seed46,NSL-KDD,46,all,balanced,GNB,ML,110,97110,97110,10346,,,200,0.03310537338256836,0.008788108825683594,1.4214136600494385,0.04189348220825195,2026-09-02T03:50:15.157727+00:00,gpu1.nitsri.ac.in,0.6811466720797528,0.6669792115816496,0.9884073971846536,0.33759132689135046,0.5032851972875162,0.8047642119244021,0.6669792115816496,0.634251005466205,0.4511730835297665,0.6697753809665454,0.6535297797327223,23038,84,14053,7162,44337,0.47849425987324357,1.1102230246251565e-16
NSL-KDD__balanced__all__GRU__seed42,NSL-KDD,42,all,balanced,GRU,DL,109,97110,97110,10346,,85.0,200,18.830472707748413,0.34270381927490234,1.3675317764282227,19.173176527023315,2026-09-02T02:43:37.967791+00:00,gpu1.nitsri.ac.in,0.9900534542255903,0.9900690356899979,0.9888,0.9904312986094744,0.9896149770399152,0.9900035864339238,0.9900690356899979,0.9900356908182112,0.980072619938571,0.9992838589141047,0.9992850703423444,22884,238,203,21012,44337,0.47849425987324357,0.0
NSL-KDD__balanced__all__GRU__seed43,NSL-KDD,43,all,balanced,GRU,DL,110,97110,97110,10346,,103.0,200,22.65260672569275,0.3426661491394043,1.4768216609954834,22.995272874832153,2026-09-02T03:00:50.674188+00:00,gpu1.nitsri.ac.in,0.990730089992557,0.9907138808924321,0.990290346907994,0.9903370256893708,0.9903136857486272,0.9907119741979095,0.9907138808924321,0.9907129270384033,0.9814258550884893,0.9993664160122241,0.9993545797344398,22916,206,205,21010,44337,0.47849425987324357,1.1102230246251565e-16
NSL-KDD__balanced__all__GRU__seed44,NSL-KDD,44,all,balanced,GRU,DL,111,97110,97110,10346,,140.0,200,30.271362781524658,0.3446464538574219,1.427142858505249,30.61600923538208,2026-09-02T03:17:38.813665+00:00,gpu1.nitsri.ac.in,0.9901887813789837,0.9901540747810296,0.9901405792999339,0.9893471600282818,0.9897437106547521,0.9901867596789224,0.9901540747810296,0.9901702708393624,0.9803408339150892,0.9993681182414492,0.9993463739658656,22913,209,226,20989,44337,0.47849425987324357,1.1102230246251565e-16
NSL-KDD__balanced__all__GRU__seed45,NSL-KDD,45,all,balanced,GRU,DL,110,97110,97110,10346,,97.0,200,20.42175555229187,0.3463318347930908,1.3430774211883545,20.76808738708496,2026-09-02T03:34:09.819657+00:00,gpu1.nitsri.ac.in,0.9903466630579426,0.9903287714065773,0.989912797548904,0.989912797548904,0.989912797548904,0.9903287714065773,0.9903287714065773,0.9903287714065773,0.9806575428131545,0.9993695819547229,0.9993644873530237,22908,214,214,21001,44337,0.47849425987324357,0.0
NSL-KDD__balanced__all__GRU__seed46,NSL-KDD,46,all,balanced,GRU,DL,110,97110,97110,10346,,179.0,200,38.23910093307495,0.3454744815826416,1.4214136600494385,38.58457541465759,2026-09-02T03:51:19.541068+00:00,gpu1.nitsri.ac.in,0.9921284705776214,0.9921478979110141,0.990964705882353,0.9925995757718595,0.9917814670905452,0.9920821710206151,0.9921478979110141,0.9921144129150923,0.9842300667370082,0.9994515570331495,0.9994198594029421,22930,192,157,21058,44337,0.47849425987324357,0.0
NSL-KDD__balanced__all__KNN__seed42,NSL-KDD,42,all,balanced,KNN,ML,109,97110,97110,10346,,,200,0.003936290740966797,2.294222116470337,1.3675317764282227,2.2981584072113037,2026-09-02T02:42:55.299966+00:00,gpu1.nitsri.ac.in,0.9926021156144981,0.9925806290432149,0.992455321356156,0.9920810747112891,0.9922681627457451,0.9925960134666643,0.9925806290432149,0.9925882887584991,0.9851766423897583,0.9973755315210756,0.9957998415606093,22962,160,168,21047,44337,0.47849425987324357,0.0
NSL-KDD__balanced__all__KNN__seed43,NSL-KDD,43,all,balanced,KNN,ML,110,97110,97110,10346,,,200,0.00393223762512207,2.205535650253296,1.4768216609954834,2.209467887878418,2026-09-02T03:00:06.282812+00:00,gpu1.nitsri.ac.in,0.9926021156144981,0.9925961794678009,0.9920840597465015,0.992458166391704,0.9922710778076252,0.9925809240499401,0.9925961794678009,0.9925885192654356,0.9851771033996263,0.9968267684943587,0.9952192806367491,22954,168,160,21055,44337,0.47849425987324357,0.0
NSL-KDD__balanced__all__KNN__seed44,NSL-KDD,44,all,balanced,KNN,ML,111,97110,97110,10346,,,200,0.003946542739868164,1.7522919178009033,1.427142858505249,1.7562384605407715,2026-09-02T03:16:46.431937+00:00,gpu1.nitsri.ac.in,0.9932787513814647,0.9932196428364293,0.9940945811876978,0.99184539241103,0.9929687131329338,0.9933140148061924,0.9932196428364293,0.993265657871228,0.9865336531288027,0.9967099700870418,0.9951252861962742,22997,125,173,21042,44337,0.47849425987324357,0.0
NSL-KDD__balanced__all__KNN__seed45,NSL-KDD,45,all,balanced,KNN,ML,110,97110,97110,10346,,,200,0.003937244415283203,1.8724033832550049,1.3430774211883545,1.876340627670288,2026-09-02T03:33:27.583676+00:00,gpu1.nitsri.ac.in,0.992354015833277,0.9923097156944902,0.9927303625377644,0.9912797548904078,0.9920045284086889,0.992370018654966,0.9923097156944902,0.992339379277278,0.9846797325029437,0.9968478394419884,0.9953844655096568,22968,154,185,21030,44337,0.47849425987324357,0.0
NSL-KDD__balanced__all__KNN__seed46,NSL-KDD,46,all,balanced,KNN,ML,110,97110,97110,10346,,,200,0.004006147384643555,1.9853425025939941,1.4214136600494385,1.9893486499786377,2026-09-02T03:50:18.916723+00:00,gpu1.nitsri.ac.in,0.9926923337167602,0.992686564781758,0.9921782971304717,0.9925524393118077,0.9923653329563127,0.9926713065647167,0.992686564781758,0.9926789031768327,0.9853578712283383,0.9971765419439576,0.9954996937451991,22956,166,158,21057,44337,0.47849425987324357,0.0
NSL-KDD__balanced__all__LSTM__seed42,NSL-KDD,42,all,balanced,LSTM,DL,109,97110,97110,10346,,126.0,200,24.384838819503784,0.29364013671875,1.3675317764282227,24.678478956222534,2026-09-02T02:44:03.021437+00:00,gpu1.nitsri.ac.in,0.9909781897737782,0.9909809066350103,0.9901106663527196,0.9910440725901485,0.9905771495877503,0.9909431350982714,0.9909809066350103,0.9909618181306699,0.9819240410068053,0.999443641157603,0.9994437126395286,22912,210,190,21025,44337,0.47849425987324357,0.0
NSL-KDD__balanced__all__LSTM__seed43,NSL-KDD,43,all,balanced,LSTM,DL,110,97110,97110,10346,,157.0,200,30.49981141090393,0.302091121673584,1.4768216609954834,30.801902532577515,2026-09-02T03:01:21.880581+00:00,gpu1.nitsri.ac.in,0.9916773800663103,0.9916784771135688,0.9909099472494348,0.9917039830308744,0.9913068061347091,0.9916462742090065,0.9916784771135688,0.9916622290781275,0.9833247507952688,0.9995006006015128,0.9995110409881872,22929,193,176,21039,44337,0.47849425987324357,0.0
NSL-KDD__balanced__all__LSTM__seed44,NSL-KDD,44,all,balanced,LSTM,DL,111,97110,97110,10346,,97.0,200,19.2085542678833,0.2931530475616455,1.427142858505249,19.501707315444946,2026-09-02T03:17:58.697676+00:00,gpu1.nitsri.ac.in,0.9902564449556803,0.9902500489110595,0.9895416215197625,0.9901013433891115,0.9898214033268932,0.990227323092205,0.9902500489110595,0.9902386130668035,0.9804773717398914,0.9993970683698636,0.9993734783206841,22900,222,210,21005,44337,0.47849425987324357,1.1102230246251565e-16
NSL-KDD__balanced__all__LSTM__seed45,NSL-KDD,45,all,balanced,LSTM,DL,110,97110,97110,10346,,117.0,200,22.702385425567627,0.2964777946472168,1.3430774211883545,22.998863220214844,2026-09-02T03:34:33.201032+00:00,gpu1.nitsri.ac.in,0.9908879716715159,0.9909080155487122,0.989601468028043,0.9913740278105114,0.9904869548836771,0.990836949574583,0.9909080155487122,0.9908717508262475,0.9817449625511543,0.9994861163636151,0.9994742335399956,22901,221,183,21032,44337,0.47849425987324357,1.1102230246251565e-16
NSL-KDD__balanced__all__LSTM__seed46,NSL-KDD,46,all,balanced,LSTM,DL,110,97110,97110,10346,,147.0,200,28.310946464538574,0.29528069496154785,1.4214136600494385,28.606227159500122,2026-09-02T03:51:48.528749+00:00,gpu1.nitsri.ac.in,0.9920833615264902,0.992091042435596,0.9911950277803936,0.9922696205514966,0.9917320330718677,0.9920475766634771,0.992091042435596,0.992069041135142,0.9841386181392117,0.99948858612494,0.9994663003907404,22935,187,164,21051,44337,0.47849425987324357,0.0
NSL-KDD__balanced__all__MLP__seed42,NSL-KDD,42,all,balanced,MLP,DL,109,97110,97110,10346,,64.0,200,6.385737419128418,0.0921018123626709,1.3675317764282227,6.477839231491089,2026-09-02T02:44:09.881135+00:00,gpu1.nitsri.ac.in,0.9890385005751404,0.989127037326299,0.9859802128756975,0.991185481970304,0.9885759954868131,0.9889266557642286,0.989127037326299,0.989020504463254,0.978053672563653,0.9989933271187356,0.9989306474625878,22823,299,187,21028,44337,0.47849425987324357,0.0
NSL-KDD__balanced__all__MLP__seed43,NSL-KDD,43,all,balanced,MLP,DL,110,97110,97110,10346,,132.0,200,12.952875852584839,0.09489035606384277,1.4768216609954834,13.047766208648682,2026-09-02T03:01:35.336111+00:00,gpu1.nitsri.ac.in,0.9908428626203848,0.9907598013288519,0.9920083226935262,0.9888286589677115,0.9904159388130872,0.990894200156595,0.9907598013288519,0.9908246562263743,0.9816539922851354,0.9991024175874894,0.9989561543517516,22953,169,237,20978,44337,0.47849425987324357,0.0
NSL-KDD__balanced__all__MLP__seed44,NSL-KDD,44,all,balanced,MLP,DL,111,97110,97110,10346,,38.0,200,4.024174213409424,0.09785962104797363,1.427142858505249,4.1220338344573975,2026-09-02T03:18:03.228877+00:00,gpu1.nitsri.ac.in,0.9863545120328394,0.9863574064085322,0.9850781397100358,0.9864246995050672,0.9857509597494053,0.9863034140285769,0.9863574064085322,0.9863299859874366,0.9726608189385513,0.9987347554415428,0.9986744388580526,22805,317,288,20927,44337,0.47849425987324357,1.1102230246251565e-16
NSL-KDD__balanced__all__MLP__seed45,NSL-KDD,45,all,balanced,MLP,DL,110,97110,97110,10346,,128.0,200,12.43532919883728,0.09444904327392578,1.3430774211883545,12.529778242111206,2026-09-02T03:34:46.112895+00:00,gpu1.nitsri.ac.in,0.9916322710151791,0.9916274530473705,0.991001601809102,0.9915154371906669,0.9912584529111002,0.9916065514129669,0.9916274530473705,0.991616940858682,0.9832340042381734,0.9993640012930419,0.9993843896938569,22931,191,180,21035,44337,0.47849425987324357,0.0
NSL-KDD__balanced__all__MLP__seed46,NSL-KDD,46,all,balanced,MLP,DL,110,97110,97110,10346,,91.0,200,8.837837934494019,0.09658598899841309,1.4214136600494385,8.934423923492432,2026-09-02T03:51:57.882293+00:00,gpu1.nitsri.ac.in,0.991136071452737,0.9911381090328988,0.9902985777526608,0.991185481970304,0.9907418313741195,0.9911021954252635,0.9911381090328988,0.9911199692295152,0.9822403038016084,0.9991120336536629,0.9988766804884208,22916,206,187,21028,44337,0.47849425987324357,0.0
NSL-KDD__balanced__all__RF__seed42,NSL-KDD,42,all,balanced,RF,ML,109,97110,97110,10346,,,200,0.4594407081604004,0.045561790466308594,1.3675317764282227,0.505002498626709,2026-09-02T02:42:51.074925+00:00,gpu1.nitsri.ac.in,0.9966168211651668,0.9965775060743591,0.9972616968037392,0.9956634456752298,0.9964619303707897,0.9966443222315466,0.9965775060743591,0.9966103247082783,0.9932218260584728,0.9999326284174469,0.9999228623307167,23064,58,92,21123,44337,0.47849425987324357,0.0
NSL-KDD__balanced__all__RF__seed43,NSL-KDD,43,all,balanced,RF,ML,110,97110,97110,10346,,,200,0.47420644760131836,0.04524040222167969,1.4768216609954834,0.519446849822998,2026-09-02T03:00:02.151363+00:00,gpu1.nitsri.ac.in,0.9965717121140357,0.9965167629927947,0.9975903614457832,0.9952392175347632,0.9964134025483719,0.9966158263296584,0.9965167629927947,0.9965650198467871,0.9931325843817507,0.9998091067143403,0.9997186657907652,23071,51,101,21114,44337,0.47849425987324357,1.1102230246251565e-16
NSL-KDD__balanced__all__RF__seed44,NSL-KDD,44,all,balanced,RF,ML,111,97110,97110,10346,,,200,0.5389049053192139,0.045288801193237305,1.427142858505249,0.5841937065124512,2026-09-02T03:16:42.784940+00:00,gpu1.nitsri.ac.in,0.9965266030629045,0.9964579637143033,0.9978724410193371,0.9948621258543483,0.9963650096775717,0.9965856641394452,0.9964579637143033,0.9965197251894812,0.9930436196429316,0.9998719699376941,0.9998111400692361,23077,45,109,21106,44337,0.47849425987324357,1.1102230246251565e-16
NSL-KDD__balanced__all__RF__seed45,NSL-KDD,45,all,balanced,RF,ML,110,97110,97110,10346,,,200,0.5075092315673828,0.05520510673522949,1.3430774211883545,0.5627143383026123,2026-09-02T03:33:23.832901+00:00,gpu1.nitsri.ac.in,0.9964589394862079,0.9964105846611044,0.9973077649726053,0.995286353994815,0.9962960341614174,0.99649545382237,0.9964105846611044,0.9964520765358473,0.9929060348563564,0.9998360997887952,0.999807507742927,23065,57,100,21115,44337,0.47849425987324357,0.0
NSL-KDD__balanced__all__RF__seed46,NSL-KDD,46,all,balanced,RF,ML,110,97110,97110,10346,,,200,0.44602203369140625,0.045151472091674805,1.4214136600494385,0.49117350578308105,2026-09-02T03:50:15.055974+00:00,gpu1.nitsri.ac.in,0.9963236123328146,0.9962983323270475,0.9966031326665409,0.9957105821352816,0.9961566574709392,0.996335359168498,0.9962983323270475,0.9963166617445698,0.992633690804965,0.9998662088601011,0.999834506962034,23050,72,91,21124,44337,0.47849425987324357,0.0
NSL-KDD__balanced__all__SVM__seed42,NSL-KDD,42,all,balanced,SVM,ML,109,97110,97110,10346,100000.0,,200,11.853544235229492,4.555438280105591,1.3675317764282227,16.408982515335083,2026-09-02T02:43:16.349734+00:00,gpu1.nitsri.ac.in,0.9737916412928254,0.9737488977046469,0.9724800904764149,0.9727551260900307,0.9726175888396644,0.9737378822342275,0.9737488977046469,0.9737433720399715,0.9474867798748415,0.9956215096783555,0.9951175508339495,22538,584,578,20637,44337,0.47849425987324357,1.1102230246251565e-16
NSL-KDD__balanced__all__SVM__seed43,NSL-KDD,43,all,balanced,SVM,ML,110,97110,97110,10346,100000.0,,200,10.368557929992676,4.242801189422607,1.4768216609954834,14.611359119415283,2026-09-02T03:00:25.192412+00:00,gpu1.nitsri.ac.in,0.974671267789882,0.9746078007803876,0.9739126332672894,0.9731322177704455,0.9735222691156014,0.974639449007559,0.9746078007803876,0.9746234808105838,0.949247249260365,0.9959084035958176,0.9956828166771622,22569,553,570,20645,44337,0.47849425987324357,0.0
NSL-KDD__balanced__all__SVM__seed44,NSL-KDD,44,all,balanced,SVM,ML,111,97110,97110,10346,100000.0,,200,9.87801218032837,4.706057786941528,1.427142858505249,14.584069967269897,2026-09-02T03:17:05.749447+00:00,gpu1.nitsri.ac.in,0.9741750682274398,0.9740990187351833,0.973661852166525,0.972330897949564,0.9729959199075493,0.9741532879682783,0.9740990187351833,0.9741257342498004,0.9482523051505259,0.9956065647173384,0.9953320524047965,22564,558,587,20628,44337,0.47849425987324357,0.0
NSL-KDD__balanced__all__SVM__seed45,NSL-KDD,45,all,balanced,SVM,ML,110,97110,97110,10346,100000.0,,200,9.375578165054321,4.776098728179932,1.3430774211883545,14.151676893234253,2026-09-02T03:33:46.614961+00:00,gpu1.nitsri.ac.in,0.9753027945057176,0.9752210599473556,0.9750212484653886,0.9733207636106529,0.9741702639586725,0.9752907529083712,0.9752210599473556,0.9752552233775342,0.9505118103007302,0.9960519025387945,0.9959115980900068,22593,529,566,20649,44337,0.47849425987324357,0.0
NSL-KDD__balanced__all__SVM__seed46,NSL-KDD,46,all,balanced,SVM,ML,110,97110,97110,10346,100000.0,,200,11.005692481994629,4.252822160720825,1.4214136600494385,15.258514642715454,2026-09-02T03:50:38.453639+00:00,gpu1.nitsri.ac.in,0.9753027945057176,0.9752793740395529,0.973679254167059,0.9747348574122083,0.9742067698395873,0.9752373932205918,0.9752793740395529,0.9752581197805712,0.9505167663330756,0.9955310387432876,0.9951086943669387,22563,559,536,20679,44337,0.47849425987324357,0.0
NSL-KDD__balanced__all__SimpleRNN__seed42,NSL-KDD,42,all,balanced,SimpleRNN,DL,109,97110,97110,10346,,61.0,200,9.148859739303589,0.17296051979064941,1.3675317764282227,9.321820259094238,2026-09-02T02:44:19.591982+00:00,gpu1.nitsri.ac.in,0.9910458533504748,0.9911410262664571,0.9879981247069854,0.9933537591326891,0.9906687037254671,0.9909347775706006,0.9911410262664571,0.9910312020003911,0.9820757821796026,0.9992897871567232,0.9992633314394651,22866,256,141,21074,44337,0.47849425987324357,0.0
NSL-KDD__balanced__all__SimpleRNN__seed43,NSL-KDD,43,all,balanced,SimpleRNN,DL,110,97110,97110,10346,,143.0,200,20.61462426185608,0.17883872985839844,1.4768216609954834,20.793462991714478,2026-09-02T03:01:56.513224+00:00,gpu1.nitsri.ac.in,0.9930306516002436,0.9929720551245835,0.9938114134542706,0.9916097101107707,0.9927093410093669,0.9930643670059561,0.9929720551245835,0.9930170886853233,0.9860364178094602,0.9992824094710159,0.9993623621978284,22991,131,178,21037,44337,0.47849425987324357,0.0
NSL-KDD__balanced__all__SimpleRNN__seed44,NSL-KDD,44,all,balanced,SimpleRNN,DL,111,97110,97110,10346,,57.0,200,8.76486587524414,0.1814405918121338,1.427142858505249,8.946306467056274,2026-09-02T03:18:12.627979+00:00,gpu1.nitsri.ac.in,0.9905947628391637,0.9905335954508118,0.9912139820500708,0.9891114777280227,0.9901616137784593,0.9906214512486293,0.9905335954508118,0.9905764970099927,0.9811550427659949,0.999377664995295,0.9993398651380896,22936,186,231,20984,44337,0.47849425987324357,0.0
NSL-KDD__balanced__all__SimpleRNN__seed45,NSL-KDD,45,all,balanced,SimpleRNN,DL,110,97110,97110,10346,,79.0,200,11.779203176498413,0.1759192943572998,1.3430774211883545,11.955122470855713,2026-09-02T03:34:58.453327+00:00,gpu1.nitsri.ac.in,0.9912037350294337,0.9912301955567822,0.9897925584458347,0.99184539241103,0.9908179121344822,0.9911481208036436,0.9912301955567822,0.9911881768464619,0.9823783129318764,0.9994060596057885,0.9994420857947098,22905,217,173,21042,44337,0.47849425987324357,1.1102230246251565e-16
NSL-KDD__balanced__all__SimpleRNN__seed46,NSL-KDD,46,all,balanced,SimpleRNN,DL,110,97110,97110,10346,,94.0,200,13.275413513183594,0.1772623062133789,1.4214136600494385,13.452675819396973,2026-09-02T03:52:11.743404+00:00,gpu1.nitsri.ac.in,0.9920833615264902,0.9920774358140834,0.9915190350546551,0.9919396653311336,0.9917293055915549,0.9920603006364004,0.9920774358140834,0.9920688271225861,0.9841377363013103,0.9993693587282558,0.9992931697930717,22942,180,171,21044,44337,0.47849425987324357,1.1102230246251565e-16
NSL-KDD__balanced__top10__CNN__seed42,NSL-KDD,42,top10,balanced,CNN,DL,10,97110,97110,10346,,141.0,200,32.46566700935364,0.1327192783355713,2.5511553287506104,32.59838628768921,2026-09-02T02:51:15.126324+00:00,gpu1.nitsri.ac.in,0.9618828517942125,0.9615478476351134,0.9661462063696701,0.953759132689135,0.9599127093315623,0.9621061885913496,0.9615478476351134,0.9617905622502683,0.9236538674702838,0.9936680935968395,0.9937705428803506,22413,709,981,20234,44337,0.47849425987324357,0.0
NSL-KDD__balanced__top10__CNN__seed43,NSL-KDD,43,top10,balanced,CNN,DL,10,97110,97110,10346,,197.0,200,46.62219548225403,0.13192391395568848,2.069779872894287,46.75411939620972,2026-09-02T03:09:07.948130+00:00,gpu1.nitsri.ac.in,0.9647247220154724,0.9642550312034925,0.9724025193518919,0.9533349045486684,0.9627743133241301,0.9651714355617477,0.9642550312034925,0.9646276195853398,0.9294260149827798,0.9943996841967261,0.9944954658292747,22548,574,990,20225,44337,0.47849425987324357,0.0
NSL-KDD__balanced__top10__CNN__seed44,NSL-KDD,44,top10,balanced,CNN,DL,10,97110,97110,10346,,85.0,200,19.852627277374268,0.12963438034057617,2.9149394035339355,19.982261657714844,2026-09-02T03:24:35.128099+00:00,gpu1.nitsri.ac.in,0.9603716985813203,0.9601942573798721,0.9609152927799887,0.9560688192316757,0.9584859296363679,0.9603965159065468,0.9601942573798721,0.9602897599250857,0.9205907510677995,0.9928048105935657,0.9930201662196853,22297,825,932,20283,44337,0.47849425987324357,0.0
NSL-KDD__balanced__top10__CNN__seed45,NSL-KDD,45,top10,balanced,CNN,DL,10,97110,97110,10346,,157.0,200,37.653133392333984,0.13319826126098633,2.3687825202941895,37.78633165359497,2026-09-02T03:42:08.536114+00:00,gpu1.nitsri.ac.in,0.9563795475562171,0.9558807830409368,0.9638200625451047,0.9442847042187131,0.953952380952381,0.9568166209464654,0.9558807830409368,0.9562580176176396,0.9126969242047208,0.9928212875608856,0.9930246802533,22370,752,1182,20033,44337,0.47849425987324357,1.1102230246251565e-16
NSL-KDD__balanced__top10__CNN__seed46,NSL-KDD,46,top10,balanced,CNN,DL,10,97110,97110,10346,,119.0,200,27.998955249786377,0.1319742202758789,2.7900331020355225,28.130929470062256,2026-09-02T03:59:16.978839+00:00,gpu1.nitsri.ac.in,0.9616798610641225,0.9614854064015195,0.962727617602428,0.9569644119726608,0.9598373637803466,0.9617285556720472,0.9614854064015195,0.9615990424603572,0.923213930054137,0.9935313872619802,0.9936582072177531,22336,786,913,20302,44337,0.47849425987324357,0.0
NSL-KDD__balanced__top10__DT__seed42,NSL-KDD,42,top10,balanced,DT,ML,10,97110,97110,10346,,,200,0.1878199577331543,0.0021703243255615234,2.5511553287506104,0.18999028205871582,2026-09-02T02:48:23.441902+00:00,gpu1.nitsri.ac.in,0.9924893429866702,0.9924900011361106,0.9918040508714084,0.9925053028517559,0.9921545529508776,0.9924615095747097,0.9924900011361106,0.9924756411383128,0.9849515102987345,0.9927633893426546,0.9882598379033789,22948,174,159,21056,44337,0.47849425987324357,1.1102230246251565e-16
NSL-KDD__balanced__top10__DT__seed43,NSL-KDD,43,top10,balanced,DT,ML,10,97110,97110,10346,,,200,0.17403006553649902,0.0021741390228271484,2.069779872894287,0.17620420455932617,2026-09-02T03:06:04.829962+00:00,gpu1.nitsri.ac.in,0.9919931434242281,0.991969556272467,0.9918419315288126,0.9914211642705633,0.9916315032648924,0.9919868513724648,0.991969556272467,0.9919781627192946,0.9839564074929329,0.9924081707981334,0.9879133670088351,22949,173,182,21033,44337,0.47849425987324357,0.0
NSL-KDD__balanced__top10__DT__seed44,NSL-KDD,44,top10,balanced,DT,ML,10,97110,97110,10346,,,200,0.17900300025939941,0.0021767616271972656,2.9149394035339355,0.18117976188659668,2026-09-02T03:21:59.508504+00:00,gpu1.nitsri.ac.in,0.9925344520378014,0.9925313061869427,0.9919438424573636,0.992458166391704,0.992200937772437,0.9925103661250514,0.9925313061869427,0.9925207747283659,0.9850416720894217,0.9927554021161829,0.9883490865644589,22951,171,160,21055,44337,0.47849425987324357,0.0
NSL-KDD__balanced__top10__DT__seed45,NSL-KDD,45,top10,balanced,DT,ML,10,97110,97110,10346,,,200,0.20818209648132324,0.0022399425506591797,2.3687825202941895,0.21042203903198242,2026-09-02T03:39:15.183720+00:00,gpu1.nitsri.ac.in,0.9922637977310147,0.9922912510942429,0.9909210650108194,0.9929295309922225,0.9919242813081252,0.9922108249790871,0.9922912510942429,0.9922500997891462,0.9845020727882378,0.9927247732024189,0.9878412046925363,22929,193,150,21065,44337,0.47849425987324357,0.0
NSL-KDD__balanced__top10__DT__seed46,NSL-KDD,46,top10,balanced,DT,ML,10,97110,97110,10346,,,200,0.18111395835876465,0.0022225379943847656,2.7900331020355225,0.18333649635314941,2026-09-02T03:56:32.084972+00:00,gpu1.nitsri.ac.in,0.9917675981685725,0.991792188064405,0.9904497553631916,0.9923638934716003,0.9914059004968095,0.9917154976720641,0.991792188064405,0.9917529902890947,0.9835076827464485,0.99212985224263,0.9869566288819884,22919,203,162,21053,44337,0.47849425987324357,0.0
NSL-KDD__balanced__top10__GNB__seed42,NSL-KDD,42,top10,balanced,GNB,ML,10,97110,97110,10346,,,200,0.012257099151611328,0.0011970996856689453,2.5511553287506104,0.013454198837280273,2026-09-02T02:48:24.013337+00:00,gpu1.nitsri.ac.in,0.8622369578455917,0.8593069525585453,0.9091155283540053,0.791185481970304,0.8460607893543022,0.8689505909529167,0.8593069525585453,0.8606987757694852,0.7281936898379906,0.9369379848129759,0.9358953796744895,21444,1678,4430,16785,44337,0.47849425987324357,1.1102230246251565e-16
NSL-KDD__balanced__top10__GNB__seed43,NSL-KDD,43,top10,balanced,GNB,ML,10,97110,97110,10346,,,200,0.012203693389892578,0.0012078285217285156,2.069779872894287,0.013411521911621094,2026-09-02T03:06:05.420999+00:00,gpu1.nitsri.ac.in,0.8580418160903985,0.8553567298590556,0.8984671259947657,0.7929295309922225,0.8424057288797636,0.8634796784030204,0.8553567298590556,0.8566304744201838,0.7187905115887899,0.9359464933700822,0.9314639467317992,21221,1901,4393,16822,44337,0.47849425987324357,1.1102230246251565e-16
NSL-KDD__balanced__top10__GNB__seed44,NSL-KDD,44,top10,balanced,GNB,ML,10,97110,97110,10346,,,200,0.012556076049804688,0.0013628005981445312,2.9149394035339355,0.013918876647949219,2026-09-02T03:22:00.085959+00:00,gpu1.nitsri.ac.in,0.8678755892369804,0.8648141370565252,0.9192007424796637,0.7936365778930002,0.8518162501264798,0.8754727770814921,0.8648141370565252,0.8663053412937556,0.7402101786903543,0.9387563743642812,0.9390402784638101,21642,1480,4378,16837,44337,0.47849425987324357,0.0
NSL-KDD__balanced__top10__GNB__seed45,NSL-KDD,45,top10,balanced,GNB,ML,10,97110,97110,10346,,,200,0.012218236923217773,0.0012257099151611328,2.3687825202941895,0.013443946838378906,2026-09-02T03:39:15.800601+00:00,gpu1.nitsri.ac.in,0.8692063062453481,0.8661599551573702,0.9205128205128205,0.7953334904548668,0.8533569351371855,0.8767788849747553,0.8661599551573702,0.8676603723498828,0.7428629473236644,0.9358268144239688,0.931785813577473,21665,1457,4342,16873,44337,0.47849425987324357,0.0
NSL-KDD__balanced__top10__GNB__seed46,NSL-KDD,46,top10,balanced,GNB,ML,10,97110,97110,10346,,,200,0.012161731719970703,0.001203775405883789,2.7900331020355225,0.013365507125854492,2026-09-02T03:56:32.733050+00:00,gpu1.nitsri.ac.in,0.8674019442001037,0.8641462057524625,0.9232255215807484,0.7884515672872967,0.8505326316324715,0.8760259725833488,0.8641462057524625,0.8656911146650633,0.7400768370395223,0.9379134589923703,0.9376530847077523,21731,1391,4488,16727,44337,0.47849425987324357,1.1102230246251565e-16
NSL-KDD__balanced__top10__GRU__seed42,NSL-KDD,42,top10,balanced,GRU,DL,10,97110,97110,10346,,200.0,200,40.83928036689758,0.3201887607574463,2.5511553287506104,41.15946912765503,2026-09-02T02:49:19.715395+00:00,gpu1.nitsri.ac.in,0.9541466495252272,0.9537749532279394,0.9584608030592734,0.9451331604996465,0.951750326332028,0.9543766627928216,0.9537749532279394,0.954033267121836,0.9081514166848604,0.9914955618806905,0.9917912015213328,22253,869,1164,20051,44337,0.47849425987324357,0.0
NSL-KDD__balanced__top10__GRU__seed43,NSL-KDD,43,top10,balanced,GRU,DL,10,97110,97110,10346,,200.0,200,40.404743671417236,0.3184928894042969,2.069779872894287,40.72323656082153,2026-09-02T03:06:59.195031+00:00,gpu1.nitsri.ac.in,0.9554548120080294,0.9551185849325641,0.959100887658681,0.9473014376620316,0.9531646470155801,0.9556441871471355,0.9551185849325641,0.9553480476234766,0.9107626204168738,0.9917387227772518,0.9919745967453193,22265,857,1118,20097,44337,0.47849425987324357,1.1102230246251565e-16
NSL-KDD__balanced__top10__GRU__seed44,NSL-KDD,44,top10,balanced,GRU,DL,10,97110,97110,10346,,200.0,200,40.098466634750366,0.32363247871398926,2.9149394035339355,40.422099113464355,2026-09-02T03:22:52.195231+00:00,gpu1.nitsri.ac.in,0.9563569930306516,0.9561973803487278,0.9561370303775906,0.9524864482677351,0.9543082481286453,0.9563471860503219,0.9561973803487278,0.956269072796109,0.9125445541028019,0.9914048351015893,0.9918334821197103,22195,927,1008,20207,44337,0.47849425987324357,0.0
NSL-KDD__balanced__top10__GRU__seed45,NSL-KDD,45,top10,balanced,GRU,DL,10,97110,97110,10346,,200.0,200,40.6922025680542,0.3175466060638428,2.3687825202941895,41.00974917411804,2026-09-02T03:40:08.060504+00:00,gpu1.nitsri.ac.in,0.9483275819293141,0.9475718902876366,0.9607518504090378,0.9300023568230026,0.9451270628248425,0.9491797569762932,0.9475718902876366,0.9481511963102325,0.8967502058183667,0.9893387579471425,0.9897847249604048,22316,806,1485,19730,44337,0.47849425987324357,1.1102230246251565e-16
NSL-KDD__balanced__top10__GRU__seed46,NSL-KDD,46,top10,balanced,GRU,DL,10,97110,97110,10346,,200.0,200,41.3022255897522,0.3264129161834717,2.7900331020355225,41.62863850593567,2026-09-02T03:57:25.888275+00:00,gpu1.nitsri.ac.in,0.9578004826668471,0.9577776677840969,0.9546822113576533,0.9572472307329719,0.9559630004471956,0.9576792804024339,0.9577776677840969,0.957726883123548,0.9154569428995116,0.9916065431489729,0.9920144167130477,22158,964,907,20308,44337,0.47849425987324357,1.1102230246251565e-16
NSL-KDD__balanced__top10__KNN__seed42,NSL-KDD,42,top10,balanced,KNN,ML,10,97110,97110,10346,,,200,0.08998346328735352,2.802663564682007,2.5511553287506104,2.8926470279693604,2026-09-02T02:48:29.728477+00:00,gpu1.nitsri.ac.in,0.9733856598326455,0.9734898928254055,0.9686988256211108,0.9759132689135046,0.9722926646003569,0.9732233023768331,0.9734898928254055,0.9733441798026738,0.946713157666864,0.9874414654844077,0.9800603869551378,22453,669,511,20704,44337,0.47849425987324357,1.1102230246251565e-16
NSL-KDD__balanced__top10__KNN__seed43,NSL-KDD,43,top10,balanced,KNN,ML,10,97110,97110,10346,,,200,0.0893697738647461,1.9373013973236084,2.069779872894287,2.0266711711883545,2026-09-02T03:06:09.436645+00:00,gpu1.nitsri.ac.in,0.9722353790288021,0.9723753842323791,0.9666542125910704,0.9756304501531935,0.9711215896028339,0.972051206622689,0.9723753842323791,0.9721940173783492,0.944426535217538,0.9876007992363738,0.9799032462808903,22408,714,517,20698,44337,0.47849425987324357,0.0
NSL-KDD__balanced__top10__KNN__seed44,NSL-KDD,44,top10,balanced,KNN,ML,10,97110,97110,10346,,,200,0.0944068431854248,1.4509785175323486,2.9149394035339355,1.5453853607177734,2026-09-02T03:22:03.098479+00:00,gpu1.nitsri.ac.in,0.9740622955996121,0.9741250190124735,0.9703689811993061,0.9755833136931417,0.9729691613388491,0.9739275364967324,0.9741250190124735,0.9740198072031336,0.9480525349410716,0.9879026523850382,0.980635786159808,22490,632,518,20697,44337,0.47849425987324357,0.0
NSL-KDD__balanced__top10__KNN__seed45,NSL-KDD,45,top10,balanced,KNN,ML,10,97110,97110,10346,,,200,0.08896851539611816,0.9312179088592529,2.3687825202941895,1.020186424255371,2026-09-02T03:39:17.794362+00:00,gpu1.nitsri.ac.in,0.9687619820917067,0.9689946836017613,0.960862694059682,0.9744049021918454,0.9675864167193241,0.968535452537443,0.9689946836017613,0.9687208392226504,0.9375300236664554,0.98728908640909,0.9789534115826598,22280,842,543,20672,44337,0.47849425987324357,1.1102230246251565e-16
NSL-KDD__balanced__top10__KNN__seed46,NSL-KDD,46,top10,balanced,KNN,ML,10,97110,97110,10346,,,200,0.08974218368530273,1.3116533756256104,2.7900331020355225,1.401395559310913,2026-09-02T03:56:35.479623+00:00,gpu1.nitsri.ac.in,0.972799242167941,0.9729937470291259,0.966040899986025,0.9775159085552675,0.9717445293097793,0.9725919410293047,0.9729937470291259,0.9727612888330075,0.9455856026890817,0.98775129057006,0.9797981466409029,22393,729,477,20738,44337,0.47849425987324357,1.1102230246251565e-16
NSL-KDD__balanced__top10__LSTM__seed42,NSL-KDD,42,top10,balanced,LSTM,DL,10,97110,97110,10346,,200.0,200,37.527008295059204,0.2914731502532959,2.5511553287506104,37.8184814453125,2026-09-02T02:49:58.102617+00:00,gpu1.nitsri.ac.in,0.9546428490876694,0.954377037820659,0.9566292562297889,0.9481970304030167,0.9523944795587435,0.9547400431906163,0.954377037820659,0.9545414494668649,0.9091170085382645,0.991028564976118,0.9913076246713476,22210,912,1099,20116,44337,0.47849425987324357,1.1102230246251565e-16
NSL-KDD__balanced__top10__LSTM__seed43,NSL-KDD,43,top10,balanced,LSTM,DL,10,97110,97110,10346,,200.0,200,36.57227873802185,0.2981910705566406,2.069779872894287,36.87046980857849,2026-09-02T03:07:36.629243+00:00,gpu1.nitsri.ac.in,0.9557931298915128,0.9554993216259784,0.9585178835071677,0.9486683950035353,0.9535677058656307,0.9559298929103962,0.9554993216259784,0.9556913472292297,0.9114291128325679,0.9917261660336448,0.9919500713995347,22251,871,1089,20126,44337,0.47849425987324357,0.0
NSL-KDD__balanced__top10__LSTM__seed44,NSL-KDD,44,top10,balanced,LSTM,DL,10,97110,97110,10346,,200.0,200,37.3735134601593,0.2899036407470703,2.9149394035339355,37.66341710090637,2026-09-02T03:23:30.427921+00:00,gpu1.nitsri.ac.in,0.9557480208403816,0.9555260496827096,0.9568601395282615,0.9503653075654018,0.9536016648536159,0.95580048152378,0.9555260496827096,0.9556531218119937,0.9113264898860438,0.9915039914829012,0.9918342429765451,22213,909,1053,20162,44337,0.47849425987324357,0.0
NSL-KDD__balanced__top10__LSTM__seed45,NSL-KDD,45,top10,balanced,LSTM,DL,10,97110,97110,10346,,200.0,200,37.48267340660095,0.28876638412475586,2.3687825202941895,37.77143979072571,2026-09-02T03:40:46.399889+00:00,gpu1.nitsri.ac.in,0.9435460225094165,0.9424685163531124,0.9628475314138716,0.9174169219891586,0.9395833836201695,0.9451098743998845,0.9424685163531124,0.9433021161936174,0.8875744605154815,0.9886952887982738,0.9890370902998145,22371,751,1752,19463,44337,0.47849425987324357,0.0
NSL-KDD__balanced__top10__LSTM__seed46,NSL-KDD,46,top10,balanced,LSTM,DL,10,97110,97110,10346,,200.0,200,37.45382380485535,0.2937912940979004,2.7900331020355225,37.74761509895325,2026-09-02T03:58:04.202767+00:00,gpu1.nitsri.ac.in,0.954011322371834,0.9540786747515555,0.9486243683323975,0.955644591091209,0.9521215394369174,0.9538244854943068,0.9540786747515555,0.9539395641724262,0.9079031246626732,0.9910238680466154,0.991431129793924,22024,1098,941,20274,44337,0.47849425987324357,1.1102230246251565e-16
NSL-KDD__balanced__top10__MLP__seed42,NSL-KDD,42,top10,balanced,MLP,DL,10,97110,97110,10346,,200.0,200,16.140207529067993,0.08107662200927734,2.5511553287506104,16.22128415107727,2026-09-02T02:50:14.892719+00:00,gpu1.nitsri.ac.in,0.956898301644225,0.9567105351863726,0.9573540561031084,0.9523450388875796,0.954842978331246,0.9569191836061532,0.9567105351863726,0.9568088260224885,0.9136296949676859,0.9915521931103424,0.991814880413566,22222,900,1011,20204,44337,0.47849425987324357,0.0
NSL-KDD__balanced__top10__MLP__seed43,NSL-KDD,43,top10,balanced,MLP,DL,10,97110,97110,10346,,200.0,200,16.161340475082397,0.08088850975036621,2.069779872894287,16.242228984832764,2026-09-02T03:07:53.430045+00:00,gpu1.nitsri.ac.in,0.9543721947808828,0.9539503776329281,0.9598428215449492,0.9441432948385576,0.9519283321056008,0.9546753414895908,0.9539503776329281,0.9542539645117303,0.9086254299095538,0.9909453779512553,0.9912818277642707,22284,838,1185,20030,44337,0.47849425987324357,0.0
NSL-KDD__balanced__top10__MLP__seed44,NSL-KDD,44,top10,balanced,MLP,DL,10,97110,97110,10346,,200.0,200,16.25498914718628,0.08464837074279785,2.9149394035339355,16.339637517929077,2026-09-02T03:23:47.368166+00:00,gpu1.nitsri.ac.in,0.9580485824480682,0.9577181346103709,0.9618229539489382,0.9500353523450389,0.9558928147972492,0.9582444681642732,0.9577181346103709,0.9579481276807509,0.915962451552841,0.9917702670214616,0.9920634234273795,22322,800,1060,20155,44337,0.47849425987324357,0.0
NSL-KDD__balanced__top10__MLP__seed45,NSL-KDD,45,top10,balanced,MLP,DL,10,97110,97110,10346,,200.0,200,16.099411964416504,0.07779312133789062,2.3687825202941895,16.177205085754395,2026-09-02T03:41:03.137943+00:00,gpu1.nitsri.ac.in,0.9507860252159596,0.9501524901789018,0.9606912910877669,0.9354230497289654,0.9478888039740161,0.9514182806790186,0.9501524901789018,0.9506334323703249,0.9015698822829845,0.9892690593051158,0.9896912237237778,22310,812,1370,19845,44337,0.47849425987324357,0.0
NSL-KDD__balanced__top10__MLP__seed46,NSL-KDD,46,top10,balanced,MLP,DL,10,97110,97110,10346,,200.0,200,16.264522314071655,0.07845139503479004,2.7900331020355225,16.342973709106445,2026-09-02T03:58:21.106945+00:00,gpu1.nitsri.ac.in,0.9579809188713715,0.9580031458826959,0.9538887325265034,0.958519915154372,0.95619871629088,0.9578297218390803,0.9580031458826959,0.9579112391189777,0.9158328513018048,0.9916855765306664,0.9918237395207467,22139,983,880,20335,44337,0.47849425987324357,1.1102230246251565e-16
NSL-KDD__balanced__top10__RF__seed42,NSL-KDD,42,top10,balanced,RF,ML,10,97110,97110,10346,,,200,0.3838162422180176,0.0345759391784668,2.5511553287506104,0.4183921813964844,2026-09-02T02:48:23.944486+00:00,gpu1.nitsri.ac.in,0.9940456052506935,0.993982086595846,0.9950380416804498,0.9925053028517559,0.9937700585236926,0.9940887481443326,0.993982086595846,0.9940339341821453,0.9880708289831591,0.9995766922864737,0.9994456616033718,23017,105,159,21056,44337,0.47849425987324357,0.0
NSL-KDD__balanced__top10__RF__seed43,NSL-KDD,43,top10,balanced,RF,ML,10,97110,97110,10346,,,200,0.40457701683044434,0.03456616401672363,2.069779872894287,0.43914318084716797,2026-09-02T03:06:05.352387+00:00,gpu1.nitsri.ac.in,0.9942485959807835,0.9941922568630059,0.9950869236583523,0.9928823945321706,0.9939834367553029,0.9942847972342432,0.9941922568630059,0.9942374032840047,0.9884770497654742,0.9994787193112279,0.9993825858569925,23018,104,151,21064,44337,0.47849425987324357,1.1102230246251565e-16
NSL-KDD__balanced__top10__RF__seed44,NSL-KDD,44,top10,balanced,RF,ML,10,97110,97110,10346,,,200,0.38674449920654297,0.03505444526672363,2.9149394035339355,0.4217989444732666,2026-09-02T03:22:00.015981+00:00,gpu1.nitsri.ac.in,0.9939102780973003,0.9937998573511524,0.9960214086108085,0.9912326184303559,0.9936212436212436,0.9940062261793278,0.9937998573511524,0.9938977490707952,0.9878060619735701,0.9996848429616074,0.9996679832836192,23038,84,186,21029,44337,0.47849425987324357,0.0
NSL-KDD__balanced__top10__RF__seed45,NSL-KDD,45,top10,balanced,RF,ML,10,97110,97110,10346,,,200,0.4089505672454834,0.03495168685913086,2.3687825202941895,0.44390225410461426,2026-09-02T03:39:15.731592+00:00,gpu1.nitsri.ac.in,0.994023050725128,0.9939701811842594,0.9947572265255998,0.992740985152015,0.9937480831386982,0.9940546331203437,0.9939701811842594,0.9940114667643283,0.9880248106953163,0.9995151307078628,0.9993307412139618,23011,111,154,21061,44337,0.47849425987324357,1.1102230246251565e-16
NSL-KDD__balanced__top10__RF__seed46,NSL-KDD,46,top10,balanced,RF,ML,10,97110,97110,10346,,,200,0.4310634136199951,0.044354915618896484,2.7900331020355225,0.4754183292388916,2026-09-02T03:56:32.664269+00:00,gpu1.nitsri.ac.in,0.9942711505063491,0.9942527573514235,0.994200028292545,0.9938251237332076,0.9940125406628636,0.9942681939992772,0.9942527573514235,0.9942604431239597,0.988520951230172,0.9996965964976522,0.9996826649857307,22999,123,131,21084,44337,0.47849425987324357,0.0
NSL-KDD__balanced__top10__SVM__seed42,NSL-KDD,42,top10,balanced,SVM,ML,10,97110,97110,10346,100000.0,,200,3.249713659286499,2.4785635471343994,2.5511553287506104,5.728277206420898,2026-09-02T02:48:37.994204+00:00,gpu1.nitsri.ac.in,0.9281863905992738,0.9276062153832065,0.9343772584919297,0.9141173697855292,0.9241362878246366,0.9285574698871318,0.9276062153832065,0.9279811278109138,0.8561631568168276,0.9808209303169939,0.9791960536197872,21760,1362,1822,19393,44337,0.47849425987324357,1.1102230246251565e-16
NSL-KDD__balanced__top10__SVM__seed43,NSL-KDD,43,top10,balanced,SVM,ML,10,97110,97110,10346,100000.0,,200,3.231884479522705,2.580726146697998,2.069779872894287,5.812610626220703,2026-09-02T03:06:17.945397+00:00,gpu1.nitsri.ac.in,0.9305320612580914,0.9299309641061422,0.9374306527087655,0.9159556917275513,0.9265687583444593,0.9309527035146674,0.9299309641061422,0.9303291041882793,0.8608830612951086,0.9819051555385961,0.981598857015453,21825,1297,1783,19432,44337,0.47849425987324357,0.0
NSL-KDD__balanced__top10__SVM__seed44,NSL-KDD,44,top10,balanced,SVM,ML,10,97110,97110,10346,100000.0,,200,3.1058480739593506,2.479339838027954,2.9149394035339355,5.585187911987305,2026-09-02T03:22:11.210421+00:00,gpu1.nitsri.ac.in,0.9300584162212148,0.9294399188817443,0.9372827346465817,0.9150600989865662,0.9260381138645741,0.9305038011857247,0.9294399188817443,0.9298511531095819,0.8599430619744081,0.9814885853910447,0.9809258554769915,21823,1299,1802,19413,44337,0.47849425987324357,0.0
NSL-KDD__balanced__top10__SVM__seed45,NSL-KDD,45,top10,balanced,SVM,ML,10,97110,97110,10346,100000.0,,200,3.4286036491394043,2.600874900817871,2.3687825202941895,6.029478549957275,2026-09-02T03:39:26.480678+00:00,gpu1.nitsri.ac.in,0.9273744276789138,0.9263456728507465,0.9433357969943336,0.9024275276926703,0.9224283305227656,0.9286182354075736,0.9263456728507465,0.9270779596808553,0.8549608879263229,0.9762586277794065,0.9790869689150238,21972,1150,2070,19145,44337,0.47849425987324357,0.0
NSL-KDD__balanced__top10__SVM__seed46,NSL-KDD,46,top10,balanced,SVM,ML,10,97110,97110,10346,100000.0,,200,3.205838203430176,2.529597759246826,2.7900331020355225,5.735435962677002,2026-09-02T03:56:43.730752+00:00,gpu1.nitsri.ac.in,0.929945643593387,0.9294153802791301,0.9352497235975581,0.9170869667687956,0.9260792993478986,0.9302533992339792,0.9294153802791301,0.9297534699757326,0.8596683710558335,0.9809874705124462,0.9791577789917433,21775,1347,1759,19456,44337,0.47849425987324357,0.0
NSL-KDD__balanced__top10__SimpleRNN__seed42,NSL-KDD,42,top10,balanced,SimpleRNN,DL,10,97110,97110,10346,,200.0,200,26.29512596130371,0.16757893562316895,2.5511553287506104,26.46270489692688,2026-09-02T02:50:41.931388+00:00,gpu1.nitsri.ac.in,0.9586575546383381,0.9582864437135075,0.9634181331293038,0.9496582606646241,0.9564887127020676,0.9589129086137447,0.9582864437135075,0.958554580425625,0.9171991383834045,0.9923931147335319,0.9927182327198848,22357,765,1068,20147,44337,0.47849425987324357,0.0
NSL-KDD__balanced__top10__SimpleRNN__seed43,NSL-KDD,43,top10,balanced,SimpleRNN,DL,10,97110,97110,10346,,200.0,200,26.424175024032593,0.16679120063781738,2.069779872894287,26.59096622467041,2026-09-02T03:08:20.597717+00:00,gpu1.nitsri.ac.in,0.9593116358797392,0.9588202495476198,0.9669023909174003,0.9473957105821352,0.9570496643016999,0.9597569279427766,0.9588202495476198,0.9591984694494444,0.9185766999221172,0.9930494953420382,0.9932098229234717,22434,688,1116,20099,44337,0.47849425987324357,0.0
NSL-KDD__balanced__top10__SimpleRNN__seed44,NSL-KDD,44,top10,balanced,SimpleRNN,DL,10,97110,97110,10346,,200.0,200,26.399420499801636,0.16481304168701172,2.9149394035339355,26.564233541488647,2026-09-02T03:24:14.544107+00:00,gpu1.nitsri.ac.in,0.9605972438369759,0.9602666602219793,0.9646300715990453,0.9525807211878388,0.9585675323135302,0.9608073605953494,0.9602666602219793,0.9605024550126855,0.9210738621129725,0.9925776486131223,0.9928692233954751,22381,741,1006,20209,44337,0.47849425987324357,0.0
NSL-KDD__balanced__top10__SimpleRNN__seed45,NSL-KDD,45,top10,balanced,SimpleRNN,DL,10,97110,97110,10346,,200.0,200,26.27030324935913,0.16644287109375,2.3687825202941895,26.43674612045288,2026-09-02T03:41:30.148919+00:00,gpu1.nitsri.ac.in,0.9560637841982994,0.9554653004853515,0.965768989024803,0.9415507895357059,0.953506133944341,0.9566732828780056,0.9554653004853515,0.9559304228811837,0.9121377834727882,0.9918115944968702,0.9920952534252337,22414,708,1240,19975,44337,0.47849425987324357,0.0
NSL-KDD__balanced__top10__SimpleRNN__seed46,NSL-KDD,46,top10,balanced,SimpleRNN,DL,10,97110,97110,10346,,200.0,200,26.386327505111694,0.1689128875732422,2.7900331020355225,26.555240392684937,2026-09-02T03:58:48.240711+00:00,gpu1.nitsri.ac.in,0.959582290186526,0.9596259513346324,0.9551483338801143,0.9606410558567051,0.9578868208309833,0.9594219930270137,0.9596259513346324,0.9595166726330885,0.9190479217300782,0.9926439540089873,0.9928870624714888,22165,957,835,20380,44337,0.47849425987324357,1.1102230246251565e-16
NSL-KDD__balanced__top20__CNN__seed42,NSL-KDD,42,top20,balanced,CNN,DL,20,97110,97110,10346,,84.0,200,25.175761461257935,0.14008545875549316,0.6004230976104736,25.315846920013428,2026-09-02T02:48:20.644653+00:00,gpu1.nitsri.ac.in,0.983332205607055,0.9831098486436892,0.9871062898467979,0.9779401366957341,0.9825018350578931,0.9835184093000875,0.9831098486436892,0.9832945858392759,0.9666281716014751,0.9987929512950631,0.998742690778391,22851,271,468,20747,44337,0.47849425987324357,1.1102230246251565e-16
NSL-KDD__balanced__top20__CNN__seed43,NSL-KDD,43,top20,balanced,CNN,DL,20,97110,97110,10346,,152.0,200,46.37734007835388,0.14055466651916504,0.7668318748474121,46.51789474487305,2026-09-02T03:06:02.528845+00:00,gpu1.nitsri.ac.in,0.9882265376547804,0.9880628189042362,0.9910769376809531,0.9842564223426821,0.9876549049285782,0.9883612297137789,0.9880628189042362,0.9882012399184819,0.9764240030184553,0.9994244253340392,0.9993862481554705,22934,188,334,20881,44337,0.47849425987324357,0.0
NSL-KDD__balanced__top20__CNN__seed44,NSL-KDD,44,top20,balanced,CNN,DL,20,97110,97110,10346,,138.0,200,42.2386372089386,0.14066243171691895,0.7316477298736572,42.37929964065552,2026-09-02T03:21:56.356825+00:00,gpu1.nitsri.ac.in,0.9893993729841892,0.9893330743362687,0.990031653044834,0.9877916568465708,0.9889103864848284,0.9894267026553475,0.9893330743362687,0.9893787221458965,0.9787597725133661,0.9993526401870878,0.9993485494361486,22911,211,259,20956,44337,0.47849425987324357,1.1102230246251565e-16
NSL-KDD__balanced__top20__CNN__seed45,NSL-KDD,45,top20,balanced,CNN,DL,20,97110,97110,10346,,93.0,200,27.825812578201294,0.14011645317077637,0.6608800888061523,27.96592903137207,2026-09-02T03:39:12.549372+00:00,gpu1.nitsri.ac.in,0.9891963822540993,0.9891617801305734,0.989056603773585,0.988357294367193,0.988706825415537,0.9891905312164376,0.9891617801305734,0.9891760418177795,0.9783523109245533,0.9993480390716853,0.9993334206027876,22890,232,247,20968,44337,0.47849425987324357,1.1102230246251565e-16
NSL-KDD__balanced__top20__CNN__seed46,NSL-KDD,46,top20,balanced,CNN,DL,20,97110,97110,10346,,88.0,200,26.606552362442017,0.1414201259613037,0.7117924690246582,26.74797248840332,2026-09-02T03:56:29.054438+00:00,gpu1.nitsri.ac.in,0.9871664749531993,0.987023145200581,0.9894272710032239,0.9836907848220598,0.9865506890112747,0.9872711747573659,0.987023145200581,0.9871395151442381,0.9742942883870649,0.9991481902255633,0.9990765637928773,22899,223,346,20869,44337,0.47849425987324357,1.1102230246251565e-16
NSL-KDD__balanced__top20__DT__seed42,NSL-KDD,42,top20,balanced,DT,ML,20,97110,97110,10346,,,200,0.3355073928833008,0.0022497177124023438,0.6004230976104736,0.3377571105957031,2026-09-02T02:45:41.581139+00:00,gpu1.nitsri.ac.in,0.9931434242280713,0.9931579293822765,0.99218566115897,0.9934951685128447,0.9928399830420651,0.9931050415433718,0.9931579293822765,0.9931310872454571,0.9862629695076068,0.9931579293822766,0.9888441851572057,22956,166,138,21077,44337,0.47849425987324357,0.0
NSL-KDD__balanced__top20__DT__seed43,NSL-KDD,43,top20,balanced,DT,ML,20,97110,97110,10346,,,200,0.31142354011535645,0.0021157264709472656,0.7668318748474121,0.3135392665863037,2026-09-02T03:03:03.264862+00:00,gpu1.nitsri.ac.in,0.9941583778785213,0.9941465790197332,0.9939191100216838,0.9938722601932595,0.9938956845553749,0.9941485010818534,0.9941465790197332,0.9941475395422565,0.9882950800997177,0.9941934525006594,0.990809311309804,22993,129,130,21085,44337,0.47849425987324357,1.1102230246251565e-16
NSL-KDD__balanced__top20__DT__seed44,NSL-KDD,44,top20,balanced,DT,ML,20,97110,97110,10346,,,200,0.34201598167419434,0.002186298370361328,0.7316477298736572,0.34420228004455566,2026-09-02T03:19:00.795040+00:00,gpu1.nitsri.ac.in,0.9939102780973003,0.9938717780648622,0.9942889507716997,0.9929766674522743,0.9936323758313287,0.9939263328372537,0.9938717780648622,0.9938986567953324,0.9877981093956223,0.9939412106698663,0.9907392715499654,23001,121,149,21066,44337,0.47849425987324357,1.1102230246251565e-16
NSL-KDD__balanced__top20__DT__seed45,NSL-KDD,45,top20,balanced,DT,ML,20,97110,97110,10346,,,200,0.3880321979522705,0.0022416114807128906,0.6608800888061523,0.3902738094329834,2026-09-02T03:36:33.924830+00:00,gpu1.nitsri.ac.in,0.9945192502875702,0.9945372773216608,0.9935981924308039,0.9949563987744521,0.9942768317671166,0.9944823768632174,0.9945372773216608,0.9945093993304911,0.9890196526611165,0.994536950126702,0.9910002136052721,22986,136,107,21108,44337,0.47849425987324357,0.0
NSL-KDD__balanced__top20__DT__seed46,NSL-KDD,46,top20,balanced,DT,ML,20,97110,97110,10346,,,200,0.3037428855895996,0.0021507740020751953,0.7117924690246582,0.3058936595916748,2026-09-02T03:53:52.881070+00:00,gpu1.nitsri.ac.in,0.9937523964183413,0.9937923277899032,0.9922418657137484,0.9947207164741928,0.9934797448391122,0.9936934327485036,0.9937923277899032,0.9937414528140052,0.9874857555863206,0.9939789634639024,0.9897226166131553,22957,165,112,21103,44337,0.47849425987324357,1.1102230246251565e-16
NSL-KDD__balanced__top20__GNB__seed42,NSL-KDD,42,top20,balanced,GNB,ML,20,97110,97110,10346,,,200,0.014112472534179688,0.0016193389892578125,0.6004230976104736,0.0157318115234375,2026-09-02T02:45:42.155024+00:00,gpu1.nitsri.ac.in,0.9031734217470736,0.9026547681591317,0.9054921882488258,0.8905962762196559,0.8979824623939545,0.9033020994075283,0.9026547681591317,0.9029220791784337,0.8059566076037329,0.9552753898038671,0.9338134344909281,21150,1972,2321,18894,44337,0.47849425987324357,0.0
NSL-KDD__balanced__top20__GNB__seed43,NSL-KDD,43,top20,balanced,GNB,ML,20,97110,97110,10346,,,200,0.014199018478393555,0.0018856525421142578,0.7668318748474121,0.016084671020507812,2026-09-02T03:03:03.836709+00:00,gpu1.nitsri.ac.in,0.9059701829172023,0.9050621208679379,0.9165689149560118,0.8839500353523451,0.8999640071985603,0.9067285668719833,0.9050621208679379,0.9056299961097591,0.8117889772958056,0.9463292976094606,0.933178350192751,21415,1707,2462,18753,44337,0.47849425987324357,1.1102230246251565e-16
NSL-KDD__balanced__top20__GNB__seed44,NSL-KDD,44,top20,balanced,GNB,ML,20,97110,97110,10346,,,200,0.014664888381958008,0.0016405582427978516,0.7316477298736572,0.01630544662475586,2026-09-02T03:19:01.386063+00:00,gpu1.nitsri.ac.in,0.9084737352549789,0.9071825246171397,0.9276207566920891,0.8771623851048787,0.9016862099040605,0.9101359674051976,0.9071825246171397,0.9080353915464012,0.8173131557593851,0.9478191161483596,0.936041754557291,21670,1452,2606,18609,44337,0.47849425987324357,1.1102230246251565e-16
NSL-KDD__balanced__top20__GNB__seed45,NSL-KDD,45,top20,balanced,GNB,ML,20,97110,97110,10346,,,200,0.014368534088134766,0.0016226768493652344,0.6608800888061523,0.0159912109375,2026-09-02T03:36:34.485199+00:00,gpu1.nitsri.ac.in,0.90933080722647,0.9083580250006713,0.9217148182665424,0.8857412208343154,0.9033700302870055,0.9102519811583234,0.9083580250006713,0.9089844712957801,0.8186078152043884,0.9476874777678161,0.9348901634905546,21526,1596,2424,18791,44337,0.47849425987324357,0.0
NSL-KDD__balanced__top20__GNB__seed46,NSL-KDD,46,top20,balanced,GNB,ML,20,97110,97110,10346,,,200,0.014337778091430664,0.0016484260559082031,0.7117924690246582,0.015986204147338867,2026-09-02T03:53:53.468201+00:00,gpu1.nitsri.ac.in,0.8930464397681395,0.891810219462604,0.9088201717377277,0.8630685835493754,0.8853537063004691,0.8943646125327745,0.891810219462604,0.8925627172016379,0.7861706821924899,0.9489815124247547,0.9266943983489514,21285,1837,2905,18310,44337,0.47849425987324357,1.1102230246251565e-16
NSL-KDD__balanced__top20__GRU__seed42,NSL-KDD,42,top20,balanced,GRU,DL,20,97110,97110,10346,,198.0,200,39.98673892021179,0.32566356658935547,0.6004230976104736,40.31240248680115,2026-09-02T02:46:31.929311+00:00,gpu1.nitsri.ac.in,0.9836028599138417,0.9834121054347327,0.9866508313539193,0.9789771388168749,0.9827990062699633,0.9837492573053359,0.9834121054347327,0.983566970652058,0.967161303974597,0.9987994819433538,0.9987410076333465,22841,281,446,20769,44337,0.47849425987324357,1.1102230246251565e-16
NSL-KDD__balanced__top20__GRU__seed43,NSL-KDD,43,top20,balanced,GRU,DL,20,97110,97110,10346,,195.0,200,39.73384189605713,0.329681396484375,0.7668318748474121,40.063523292541504,2026-09-02T03:03:53.008979+00:00,gpu1.nitsri.ac.in,0.986783048018585,0.9867915961575121,0.9854110781683844,0.9869903370256894,0.9862000753579503,0.9867284081070612,0.9867915961575121,0.9867594187653201,0.9735200022139069,0.9990044333999554,0.9989710153127535,22812,310,276,20939,44337,0.47849425987324357,0.0
NSL-KDD__balanced__top20__GRU__seed44,NSL-KDD,44,top20,balanced,GRU,DL,20,97110,97110,10346,,200.0,200,40.464832067489624,0.32278919219970703,0.7316477298736572,40.78762125968933,2026-09-02T03:19:51.315106+00:00,gpu1.nitsri.ac.in,0.9866928299163227,0.9866448405544309,0.9866452739370487,0.985529106764082,0.9860868744988917,0.9866908215360521,0.9866448405544309,0.986667540301231,0.9733356610043981,0.998936286130911,0.9989162713282329,22839,283,307,20908,44337,0.47849425987324357,0.0
NSL-KDD__balanced__top20__GRU__seed45,NSL-KDD,45,top20,balanced,GRU,DL,20,97110,97110,10346,,200.0,200,41.033764600753784,0.3218519687652588,0.6608800888061523,41.35561656951904,2026-09-02T03:37:25.014982+00:00,gpu1.nitsri.ac.in,0.9862417394050116,0.9862726099106476,0.9842993465895736,0.9869903370256894,0.9856430050837883,0.9861663226184081,0.9862726099106476,0.9862177698090313,0.9724389267204706,0.9990436906792227,0.9990213484477903,22788,334,276,20939,44337,0.47849425987324357,1.1102230246251565e-16
NSL-KDD__balanced__top20__GRU__seed46,NSL-KDD,46,top20,balanced,GRU,DL,20,97110,97110,10346,,185.0,200,37.819485902786255,0.32620954513549805,0.7117924690246582,38.14569544792175,2026-09-02T03:54:40.973971+00:00,gpu1.nitsri.ac.in,0.9853170038568239,0.9853490761471959,0.9832675314908818,0.9860947442847042,0.9846791085170977,0.9852376857836005,0.9853490761471959,0.9852915062755248,0.9705867555388831,0.9987013407837834,0.9985094571147423,22766,356,295,20920,44337,0.47849425987324357,0.0
NSL-KDD__balanced__top20__KNN__seed42,NSL-KDD,42,top20,balanced,KNN,ML,20,97110,97110,10346,,,200,0.002646923065185547,0.8389017581939697,0.6004230976104736,0.8415486812591553,2026-09-02T02:45:43.776104+00:00,gpu1.nitsri.ac.in,0.986174075828315,0.9861844109929108,0.9847073216638434,0.9864246995050672,0.9855652624390704,0.9861158440677892,0.9861844109929108,0.9861494371147459,0.972300252643019,0.9948334234155759,0.9920818966955348,22797,325,288,20927,44337,0.47849425987324357,1.1102230246251565e-16
NSL-KDD__balanced__top20__KNN__seed43,NSL-KDD,43,top20,balanced,KNN,ML,20,97110,97110,10346,,,200,0.0024302005767822266,0.9314796924591064,0.7668318748474121,0.9339098930358887,2026-09-02T03:03:05.544176+00:00,gpu1.nitsri.ac.in,0.989670027290976,0.9896858700072164,0.9883770175521152,0.9900542069290597,0.989214901332831,0.9896186395912703,0.9896858700072164,0.9896515988658614,0.9793045072907628,0.9955616493096706,0.9930149382074691,22875,247,211,21004,44337,0.47849425987324357,0.0
NSL-KDD__balanced__top20__KNN__seed44,NSL-KDD,44,top20,balanced,KNN,ML,20,97110,97110,10346,,,200,0.0024230480194091797,0.7364997863769531,0.7316477298736572,0.7389228343963623,2026-09-02T03:19:02.953880+00:00,gpu1.nitsri.ac.in,0.9902338904301148,0.9901759418011293,0.9907433645036365,0.9888286589677115,0.9897850857533794,0.990255764624568,0.9901759418011293,0.9902150015566076,0.9804317031762699,0.9959089285347702,0.9941713404978255,22926,196,237,20978,44337,0.47849425987324357,0.0
NSL-KDD__balanced__top20__KNN__seed45,NSL-KDD,45,top20,balanced,KNN,ML,20,97110,97110,10346,,,200,0.0024187564849853516,1.0317370891571045,0.6608800888061523,1.0341558456420898,2026-09-02T03:36:36.293348+00:00,gpu1.nitsri.ac.in,0.9894895910864515,0.9894642795147639,0.9891555471733698,0.9888757954277634,0.9890156515180086,0.9894757327703584,0.9894642795147639,0.9894699879211665,0.9789400122181228,0.9958640977289144,0.9937948142039477,22892,230,236,20979,44337,0.47849425987324357,0.0
NSL-KDD__balanced__top20__KNN__seed46,NSL-KDD,46,top20,balanced,KNN,ML,20,97110,97110,10346,,,200,0.002439260482788086,0.7320613861083984,0.7117924690246582,0.7345006465911865,2026-09-02T03:53:54.977509+00:00,gpu1.nitsri.ac.in,0.9891963822540993,0.989223981828917,0.9875846501128668,0.9898656610888522,0.9887238400150663,0.9891331996717847,0.989223981828917,0.9891773762257385,0.9783571772888453,0.9957430406906379,0.9932379926592204,22858,264,215,21000,44337,0.47849425987324357,0.0
NSL-KDD__balanced__top20__LSTM__seed42,NSL-KDD,42,top20,balanced,LSTM,DL,20,97110,97110,10346,,200.0,200,37.62334609031677,0.28707432746887207,0.6004230976104736,37.910420417785645,2026-09-02T02:47:10.312204+00:00,gpu1.nitsri.ac.in,0.9846178135642917,0.9844046426783359,0.9882996432818074,0.9794485034173933,0.9838541666666667,0.9847984146402173,0.9844046426783359,0.984583326603351,0.9692029773268719,0.9988587460221605,0.9988054996105332,22876,246,436,20779,44337,0.47849425987324357,0.0
NSL-KDD__balanced__top20__LSTM__seed43,NSL-KDD,43,top20,balanced,LSTM,DL,20,97110,97110,10346,,200.0,200,37.52197742462158,0.2910168170928955,0.7668318748474121,37.81299424171448,2026-09-02T03:04:31.305790+00:00,gpu1.nitsri.ac.in,0.9867379389674538,0.9867483473036067,0.9853183379605666,0.9869903370256894,0.9861536287853813,0.986681520188808,0.9867483473036067,0.9867142797666518,0.9734298651985342,0.9989003048784278,0.9988686730769226,22810,312,276,20939,44337,0.47849425987324357,0.0
NSL-KDD__balanced__top20__LSTM__seed44,NSL-KDD,44,top20,balanced,LSTM,DL,20,97110,97110,10346,,199.0,200,37.290987968444824,0.284665584564209,0.7316477298736572,37.57565355300903,2026-09-02T03:20:29.366892+00:00,gpu1.nitsri.ac.in,0.9872115840043305,0.987177190829661,0.9868892661761932,0.9863775630450153,0.9866333482637497,0.9871981453865447,0.987177190829661,0.9871876070039968,0.9743753359908852,0.9990120699875928,0.9989855177855563,22844,278,289,20926,44337,0.47849425987324357,1.1102230246251565e-16
NSL-KDD__balanced__top20__LSTM__seed45,NSL-KDD,45,top20,balanced,LSTM,DL,20,97110,97110,10346,,200.0,200,37.597636222839355,0.2808711528778076,0.6608800888061523,37.87850737571716,2026-09-02T03:38:03.365486+00:00,gpu1.nitsri.ac.in,0.9861515213027494,0.9861025286706876,0.9860789958001038,0.9849634692434598,0.985520916851389,0.9861484584115874,0.9861025286706876,0.9861252029575523,0.9722509859974002,0.9990480074102218,0.9990150789666187,22827,295,319,20896,44337,0.47849425987324357,0.0
NSL-KDD__balanced__top20__LSTM__seed46,NSL-KDD,46,top20,balanced,LSTM,DL,20,97110,97110,10346,,200.0,200,37.726752281188965,0.2872591018676758,0.7117924690246582,38.01401138305664,2026-09-02T03:55:19.467961+00:00,gpu1.nitsri.ac.in,0.9857455398425694,0.9857560526531506,0.9842375194090246,0.9860004713646006,0.9851182066497127,0.9856857324995218,0.9857560526531506,0.9857201646588822,0.9714417826075255,0.998782921393521,0.9987263584282422,22787,335,297,20918,44337,0.47849425987324357,0.0
NSL-KDD__balanced__top20__MLP__seed42,NSL-KDD,42,top20,balanced,MLP,DL,20,97110,97110,10346,,200.0,200,16.424401998519897,0.08377814292907715,0.6004230976104736,16.508180141448975,2026-09-02T02:47:27.305725+00:00,gpu1.nitsri.ac.in,0.9837832961183661,0.983680347200943,0.9847682119205298,0.9812868253594155,0.9830244363121237,0.9838269649506516,0.983680347200943,0.9837508243435875,0.9675073010422394,0.998775391832272,0.9987389011824697,22800,322,397,20818,44337,0.47849425987324357,1.1102230246251565e-16
NSL-KDD__balanced__top20__MLP__seed43,NSL-KDD,43,top20,balanced,MLP,DL,20,97110,97110,10346,,200.0,200,16.437018632888794,0.07903623580932617,0.7668318748474121,16.51605486869812,2026-09-02T03:04:48.342783+00:00,gpu1.nitsri.ac.in,0.985362112907955,0.9852795844228535,0.9860100198506475,0.9833608296016969,0.9846836428857999,0.9853903587324336,0.9852795844228535,0.9853333335052744,0.9706699368344219,0.9987636637787006,0.9986975848995012,22826,296,353,20862,44337,0.47849425987324357,0.0
NSL-KDD__balanced__top20__MLP__seed44,NSL-KDD,44,top20,balanced,MLP,DL,20,97110,97110,10346,,200.0,200,16.208476543426514,0.08108735084533691,0.7316477298736572,16.28956389427185,2026-09-02T03:20:46.121553+00:00,gpu1.nitsri.ac.in,0.9865123937117982,0.9864329690773447,0.9871922113521433,0.984586377563045,0.9858875725680842,0.9865420026473375,0.9864329690773447,0.9864859029147117,0.9729749656154194,0.9987871412911212,0.9987617276481238,22851,271,327,20888,44337,0.47849425987324357,1.1102230246251565e-16
NSL-KDD__balanced__top20__MLP__seed45,NSL-KDD,45,top20,balanced,MLP,DL,20,97110,97110,10346,,200.0,200,16.250815629959106,0.08031654357910156,0.6608800888061523,16.331132173538208,2026-09-02T03:38:20.165731+00:00,gpu1.nitsri.ac.in,0.9861515213027494,0.9861025286706876,0.9860789958001038,0.9849634692434598,0.985520916851389,0.9861484584115874,0.9861025286706876,0.9861252029575523,0.9722509859974002,0.9989295098315767,0.9989004038706985,22827,295,319,20896,44337,0.47849425987324357,0.0
NSL-KDD__balanced__top20__MLP__seed46,NSL-KDD,46,top20,balanced,MLP,DL,20,97110,97110,10346,,200.0,200,16.365604162216187,0.08176732063293457,0.7117924690246582,16.44737148284912,2026-09-02T03:55:36.381487+00:00,gpu1.nitsri.ac.in,0.9852267857545617,0.9852781288639711,0.9827197595792637,0.986471835965119,0.9845922231892922,0.9851318514922489,0.9852781288639711,0.9852016853225234,0.9704099693314625,0.9986366805364033,0.9984273791305941,22754,368,287,20928,44337,0.47849425987324357,0.0
NSL-KDD__balanced__top20__RF__seed42,NSL-KDD,42,top20,balanced,RF,ML,20,97110,97110,10346,,,200,0.38435888290405273,0.034682273864746094,0.6004230976104736,0.41904115676879883,2026-09-02T02:45:42.084108+00:00,gpu1.nitsri.ac.in,0.9953763222590613,0.9953240170905445,0.9962210675484175,0.9941079424935187,0.9951633832723841,0.9954127308648981,0.9953240170905445,0.9953673426547925,0.9907367439835834,0.9998349755020673,0.9998263799853293,23042,80,125,21090,44337,0.47849425987324357,0.0
NSL-KDD__balanced__top20__RF__seed43,NSL-KDD,43,top20,balanced,RF,ML,20,97110,97110,10346,,,200,0.3818645477294922,0.03426671028137207,0.7668318748474121,0.41613125801086426,2026-09-02T03:03:03.765078+00:00,gpu1.nitsri.ac.in,0.9955793129891513,0.9955283559484849,0.9964101837419111,0.994343624793778,0.9953758316425235,0.995615089280953,0.9955283559484849,0.9955707364227135,0.9911434414344923,0.9997222502133036,0.999542914724562,23046,76,120,21095,44337,0.47849425987324357,0.0
NSL-KDD__balanced__top20__RF__seed44,NSL-KDD,44,top20,balanced,RF,ML,20,97110,97110,10346,,,200,0.3901355266571045,0.03447318077087402,0.7316477298736572,0.4246087074279785,2026-09-02T03:19:01.313620+00:00,gpu1.nitsri.ac.in,0.995443985835758,0.9953539019160842,0.9972078936160144,0.9932594862125854,0.9952297737684788,0.9955228470924165,0.9953539019160842,0.9954347798215559,0.9908767346058653,0.9998614589270538,0.9998226211372749,23063,59,143,21072,44337,0.47849425987324357,1.1102230246251565e-16
NSL-KDD__balanced__top20__RF__seed45,NSL-KDD,45,top20,balanced,RF,ML,20,97110,97110,10346,,,200,0.37065815925598145,0.03457283973693848,0.6608800888061523,0.4052309989929199,2026-09-02T03:36:34.413857+00:00,gpu1.nitsri.ac.in,0.9957597491936757,0.9957052389702529,0.9966929654651108,0.9944378977138817,0.9955641545939314,0.9958000865305701,0.9957052389702529,0.9957514888583586,0.9915053209642564,0.9998747098132373,0.9998669150162222,23052,70,118,21097,44337,0.47849425987324357,0.0
NSL-KDD__balanced__top20__RF__seed46,NSL-KDD,46,top20,balanced,RF,ML,20,97110,97110,10346,,,200,0.3781778812408447,0.04432559013366699,0.7117924690246582,0.4225034713745117,2026-09-02T03:53:53.396900+00:00,gpu1.nitsri.ac.in,0.9957597491936757,0.9957557778501571,0.9954757528630002,0.9956634456752298,0.9955695904227742,0.9957480849270447,0.9957557778501571,0.9957519232390688,0.9915038627473577,0.9997237750845138,0.9995800604756869,23026,96,92,21123,44337,0.47849425987324357,1.1102230246251565e-16
NSL-KDD__balanced__top20__SVM__seed42,NSL-KDD,42,top20,balanced,SVM,ML,20,97110,97110,10346,100000.0,,200,2.480839252471924,2.419900417327881,0.6004230976104736,4.900739669799805,2026-09-02T02:45:51.152022+00:00,gpu1.nitsri.ac.in,0.9620181789476059,0.9615182023448239,0.9701054253117027,0.9498939429648834,0.9598933028484329,0.9624971193779699,0.9615182023448239,0.9619112660838575,0.9240148031822434,0.9912186601507099,0.9912555234739263,22501,621,1063,20152,44337,0.47849425987324357,1.1102230246251565e-16
NSL-KDD__balanced__top20__SVM__seed43,NSL-KDD,43,top20,balanced,SVM,ML,20,97110,97110,10346,100000.0,,200,2.279433250427246,2.304932117462158,0.7668318748474121,4.584365367889404,2026-09-02T03:03:12.510155+00:00,gpu1.nitsri.ac.in,0.9694386178586734,0.9689902985777334,0.9771285796655775,0.9585670516144238,0.9677588217098532,0.9698820369103658,0.9689902985777334,0.9693554328927854,0.9388719120027098,0.9938065938978285,0.9930243605011324,22646,476,879,20336,44337,0.47849425987324357,1.1102230246251565e-16
NSL-KDD__balanced__top20__SVM__seed44,NSL-KDD,44,top20,balanced,SVM,ML,20,97110,97110,10346,100000.0,,200,2.3733811378479004,2.3484039306640625,0.7316477298736572,4.721785068511963,2026-09-02T03:19:10.089974+00:00,gpu1.nitsri.ac.in,0.9674538196089045,0.9670406977321393,0.9741032035296374,0.9574357765731794,0.965697577673711,0.9678265645069946,0.9670406977321393,0.96736828161691,0.9348669319319759,0.9931855360746915,0.9922073694946821,22582,540,903,20312,44337,0.47849425987324357,1.1102230246251565e-16
NSL-KDD__balanced__top20__SVM__seed45,NSL-KDD,45,top20,balanced,SVM,ML,20,97110,97110,10346,100000.0,,200,2.287250518798828,2.2958388328552246,0.6608800888061523,4.583089351654053,2026-09-02T03:36:43.228104+00:00,gpu1.nitsri.ac.in,0.9658524482937502,0.9653440277634198,0.9745627980922098,0.9535234503888758,0.9639283331744973,0.9663738502759607,0.9653440277634198,0.9657550106624488,0.931717308910701,0.9934117123930625,0.9926016812638655,22594,528,986,20229,44337,0.47849425987324357,0.0
NSL-KDD__balanced__top20__SVM__seed46,NSL-KDD,46,top20,balanced,SVM,ML,20,97110,97110,10346,100000.0,,200,2.4610371589660645,2.428123712539673,0.7117924690246582,4.889160871505737,2026-09-02T03:54:02.392048+00:00,gpu1.nitsri.ac.in,0.9692130726030178,0.9691861405597333,0.9671467570366187,0.968559981145416,0.9678528532064719,0.9691305219941224,0.9691861405597333,0.9691578549891879,0.9383166609054652,0.9944625841148418,0.99395668195489,22424,698,667,20548,44337,0.47849425987324357,0.0
NSL-KDD__balanced__top20__SimpleRNN__seed42,NSL-KDD,42,top20,balanced,SimpleRNN,DL,20,97110,97110,10346,,200.0,200,26.80122971534729,0.1687777042388916,0.6004230976104736,26.97000741958618,2026-09-02T02:47:54.800550+00:00,gpu1.nitsri.ac.in,0.9856327672147417,0.985525470924773,0.9868919174711338,0.983030874381334,0.9849576121094765,0.9856890098021474,0.985525470924773,0.9856037655815801,0.9712144669580953,0.9990368899167138,0.9989597975877663,22845,277,360,20855,44337,0.47849425987324357,0.0
NSL-KDD__balanced__top20__SimpleRNN__seed43,NSL-KDD,43,top20,balanced,SimpleRNN,DL,20,97110,97110,10346,,200.0,200,26.528735399246216,0.16683340072631836,0.7668318748474121,26.695568799972534,2026-09-02T03:05:15.511776+00:00,gpu1.nitsri.ac.in,0.9880912105013872,0.9880535881330608,0.9879239586772961,0.9871788828658967,0.9875512802376574,0.9880842025212913,0.9880535881330608,0.9880687659294642,0.9761377901742762,0.9990944436119038,0.9989821664216256,22866,256,272,20943,44337,0.47849425987324357,0.0
NSL-KDD__balanced__top20__SimpleRNN__seed44,NSL-KDD,44,top20,balanced,SimpleRNN,DL,20,97110,97110,10346,,200.0,200,26.714071035385132,0.1637401580810547,0.7316477298736572,26.877811193466187,2026-09-02T03:21:13.474571+00:00,gpu1.nitsri.ac.in,0.9889933915240093,0.9888835767558499,0.9906263314870047,0.9863304265849635,0.9884737115593557,0.9890669350206627,0.9888835767558499,0.9889709718017773,0.9779504945873742,0.9991274882641488,0.9991044486191272,22924,198,290,20925,44337,0.47849425987324357,0.0
NSL-KDD__balanced__top20__SimpleRNN__seed45,NSL-KDD,45,top20,balanced,SimpleRNN,DL,20,97110,97110,10346,,174.0,200,23.26849865913391,0.16472363471984863,0.6608800888061523,23.43322229385376,2026-09-02T03:38:44.077775+00:00,gpu1.nitsri.ac.in,0.988858064370616,0.9888140880894043,0.9889103864848284,0.9877916568465708,0.9883507050889025,0.9888602740339116,0.9888140880894043,0.9888368896759461,0.9776743610323896,0.9992441806643764,0.9992263843341089,22887,235,259,20956,44337,0.47849425987324357,1.1102230246251565e-16
NSL-KDD__balanced__top20__SimpleRNN__seed46,NSL-KDD,46,top20,balanced,SimpleRNN,DL,20,97110,97110,10346,,185.0,200,24.783549308776855,0.16486406326293945,0.7117924690246582,24.948413372039795,2026-09-02T03:56:01.805271+00:00,gpu1.nitsri.ac.in,0.9879107742968627,0.9879564010372957,0.9857646229739253,0.9890172048079189,0.9873882352941177,0.987828520058887,0.9879564010372957,0.9878899854514509,0.9757849127164955,0.9990275500805519,0.9989929515336818,22819,303,233,20982,44337,0.47849425987324357,1.1102230246251565e-16
NSL-KDD__imbalanced__all__CNN__seed42,NSL-KDD,42,all,imbalanced,CNN,DL,109,93105,93105,10346,,46.0,200,39.15171146392822,0.23219823837280273,0.6187822818756104,39.383909702301025,2026-09-02T02:37:09.001076+00:00,gpu1.nitsri.ac.in,0.9909556352482125,0.9908543168421027,0.9925691026126467,0.9884987037473486,0.9905297215596438,0.9910279698077669,0.9908543168421027,0.9909373047158474,0.9818822712939794,0.9994797335136705,0.9994407658353665,22965,157,244,20971,44337,0.47849425987324357,1.1102230246251565e-16
NSL-KDD__imbalanced__all__CNN__seed43,NSL-KDD,43,all,imbalanced,CNN,DL,110,93105,93105,10346,,94.0,200,78.96128821372986,0.2282869815826416,0.48021864891052246,79.1895751953125,2026-09-02T02:54:27.596623+00:00,gpu1.nitsri.ac.in,0.9915194983873514,0.9914765672449959,0.9917874168121962,0.9904784350695263,0.9911324937502948,0.9915308574341759,0.9914765672449959,0.9915033146483148,0.9830074231799844,0.9996012747189421,0.9996025490936321,22948,174,202,21013,44337,0.47849425987324357,0.0
NSL-KDD__imbalanced__all__CNN__seed44,NSL-KDD,44,all,imbalanced,CNN,DL,111,93105,93105,10346,,48.0,200,39.192850828170776,0.2322683334350586,0.48261141777038574,39.425119161605835,2026-09-02T03:11:11.599660+00:00,gpu1.nitsri.ac.in,0.9902338904301148,0.9900884706628336,0.9928381711250237,0.9867075182653783,0.9897633513794653,0.9903553518507326,0.9900884706628336,0.9902132120778728,0.9804437861904399,0.9993789707172336,0.9993174341351299,22971,151,282,20933,44337,0.47849425987324357,0.0
NSL-KDD__imbalanced__all__CNN__seed45,NSL-KDD,45,all,imbalanced,CNN,DL,110,93105,93105,10346,,80.0,200,64.18853092193604,0.2289893627166748,0.470320463180542,64.41752028465271,2026-09-02T03:27:24.858952+00:00,gpu1.nitsri.ac.in,0.9916097164896136,0.9916505360911023,0.9898932919663423,0.9925995757718595,0.9912445867068349,0.9915430733158108,0.9916505360911023,0.9915950989655077,0.9831936035340881,0.9996334743723683,0.9996343358223058,22907,215,157,21058,44337,0.47849425987324357,0.0
NSL-KDD__imbalanced__all__CNN__seed46,NSL-KDD,46,all,imbalanced,CNN,DL,110,93105,93105,10346,,77.0,200,64.3013322353363,0.23017621040344238,0.4650447368621826,64.53150844573975,2026-09-02T03:45:02.167520+00:00,gpu1.nitsri.ac.in,0.9917675981685725,0.9917455367906471,0.9915597887589589,0.9912326184303559,0.9913961766023148,0.9917589682694012,0.9917455367906471,0.991752227671117,0.9835045049683332,0.9995307901974348,0.999418540822247,22943,179,186,21029,44337,0.47849425987324357,0.0
NSL-KDD__imbalanced__all__DT__seed42,NSL-KDD,42,all,imbalanced,DT,ML,109,93105,93105,10346,,,200,0.720827579498291,0.0041828155517578125,0.6187822818756104,0.7250103950500488,2026-09-02T02:34:58.282111+00:00,gpu1.nitsri.ac.in,0.9947899045943569,0.9947967704450931,0.9941597588545592,0.9949563987744521,0.9945579192875822,0.9947643633052281,0.9947967704450931,0.9947804198293969,0.9895611332196702,0.9947967704450931,0.9915589477119243,22998,124,107,21108,44337,0.47849425987324357,0.0
NSL-KDD__imbalanced__all__DT__seed43,NSL-KDD,43,all,imbalanced,DT,ML,110,93105,93105,10346,,,200,0.7318375110626221,0.004233121871948242,0.48021864891052246,0.7360706329345703,2026-09-02T02:51:19.468856+00:00,gpu1.nitsri.ac.in,0.9955793129891513,0.9955555691915102,0.9957545167224869,0.9950035352345039,0.9953788843306456,0.9955866541603617,0.9955555691915102,0.9955709812919982,0.9911422228644167,0.9956025221777534,0.9932188077471711,23032,90,106,21109,44337,0.47849425987324357,0.0
NSL-KDD__imbalanced__all__DT__seed44,NSL-KDD,44,all,imbalanced,DT,ML,111,93105,93105,10346,,,200,0.7092406749725342,0.0038611888885498047,0.48261141777038574,0.713101863861084,2026-09-02T03:09:12.641922+00:00,gpu1.nitsri.ac.in,0.9951733315289713,0.9951235658387506,0.9959382232088037,0.9939665331133631,0.9949514013400019,0.9952062036437732,0.9951235658387506,0.9951639865447794,0.990329766034679,0.9951235658387507,0.9928162421903284,23036,86,128,21087,44337,0.47849425987324357,1.1102230246251565e-16
NSL-KDD__imbalanced__all__DT__seed45,NSL-KDD,45,all,imbalanced,DT,ML,110,93105,93105,10346,,,200,0.7162637710571289,0.0041942596435546875,0.470320463180542,0.7204580307006836,2026-09-02T03:24:39.639497+00:00,gpu1.nitsri.ac.in,0.9954665403613235,0.9954610536782595,0.9951927608634179,0.9953334904548669,0.9952631206843731,0.9954552843635399,0.9954610536782595,0.9954581644381186,0.9909163380250043,0.9954845179397939,0.992805937725521,23020,102,99,21116,44337,0.47849425987324357,0.0
NSL-KDD__imbalanced__all__DT__seed46,NSL-KDD,46,all,imbalanced,DT,ML,110,93105,93105,10346,,,200,0.6884534358978271,0.0040628910064697266,0.4650447368621826,0.6925163269042969,2026-09-02T03:42:13.265042+00:00,gpu1.nitsri.ac.in,0.995443985835758,0.9954608110851124,0.9946330210442069,0.9958519915154372,0.9952421330318447,0.9954114187313172,0.9954608110851124,0.9954357707437125,0.9908722285853907,0.9954608110851124,0.992492073083658,23008,114,88,21127,44337,0.47849425987324357,0.0
NSL-KDD__imbalanced__all__GNB__seed42,NSL-KDD,42,all,imbalanced,GNB,ML,109,93105,93105,10346,,,200,0.049054622650146484,0.007988214492797852,0.6187822818756104,0.057042837142944336,2026-09-02T02:34:58.938035+00:00,gpu1.nitsri.ac.in,0.6827931524460383,0.6686258278567591,0.9936490404528511,0.33924110299316523,0.505798018131984,0.8078721290041254,0.6686258278567591,0.6361194156024608,0.45569811334849114,0.6713447924822545,0.656374624766771,23076,46,14018,7197,44337,0.47849425987324357,0.0
NSL-KDD__imbalanced__all__GNB__seed43,NSL-KDD,43,all,imbalanced,GNB,ML,110,93105,93105,10346,,,200,0.04497551918029785,0.008184194564819336,0.48021864891052246,0.05315971374511719,2026-09-02T02:51:20.144386+00:00,gpu1.nitsri.ac.in,0.6813045537587117,0.6671092007365128,0.9908549258694749,0.33707282583078013,0.5030247608328644,0.8059878077623237,0.6671092007365128,0.634235397580537,0.45225381365016537,0.6714512134070917,0.6564032092870247,23056,66,14064,7151,44337,0.47849425987324357,0.0
NSL-KDD__imbalanced__all__GNB__seed44,NSL-KDD,44,all,imbalanced,GNB,ML,111,93105,93105,10346,,,200,0.045068979263305664,0.00836491584777832,0.48261141777038574,0.053433895111083984,2026-09-02T03:09:13.337181+00:00,gpu1.nitsri.ac.in,0.6805151453639172,0.6662629308517998,0.99231843575419,0.33490454866839503,0.5007929515418502,0.8063913506473561,0.6662629308517998,0.632940133211347,0.45140458104131337,0.6699296141466298,0.654717201222264,23067,55,14110,7105,44337,0.47849425987324357,0.0
NSL-KDD__imbalanced__all__GNB__seed45,NSL-KDD,45,all,imbalanced,GNB,ML,110,93105,93105,10346,,,200,0.04661083221435547,0.008219003677368164,0.470320463180542,0.05482983589172363,2026-09-02T03:24:40.394362+00:00,gpu1.nitsri.ac.in,0.6849132778492004,0.6708529042976354,0.9929242073751531,0.3439547489983502,0.5109228399383839,0.8083200035469904,0.6708529042976354,0.63925779328478,0.45903101446007144,0.6733568671790086,0.6583748109922193,23070,52,13918,7297,44337,0.47849425987324357,0.0
NSL-KDD__imbalanced__all__GNB__seed46,NSL-KDD,46,all,imbalanced,GNB,ML,110,93105,93105,10346,,,200,0.046913862228393555,0.008392333984375,0.4650447368621826,0.055306196212768555,2026-09-02T03:42:13.938253+00:00,gpu1.nitsri.ac.in,0.6811015630286217,0.6669320751215977,0.988404196576477,0.33749705397124674,0.5031800133525423,0.8047458666542375,0.6669320751215977,0.6341857054224307,0.45109582088652334,0.6696903958983573,0.653456084416988,23038,84,14055,7160,44337,0.47849425987324357,0.0
NSL-KDD__imbalanced__all__GRU__seed42,NSL-KDD,42,all,imbalanced,GRU,DL,109,93105,93105,10346,,100.0,200,21.30243444442749,0.3445298671722412,0.6187822818756104,21.64696431159973,2026-09-02T02:35:44.450746+00:00,gpu1.nitsri.ac.in,0.9903241085323771,0.9903382478287964,0.9891283885542169,0.9906669809097337,0.9898970868756329,0.9902764382027873,0.9903382478287964,0.9903067914739982,0.9806146840836066,0.9992923802532196,0.99929626258843,22891,231,198,21017,44337,0.47849425987324357,0.0
NSL-KDD__imbalanced__all__GRU__seed43,NSL-KDD,43,all,imbalanced,GRU,DL,110,93105,93105,10346,,122.0,200,25.45663833618164,0.33939623832702637,0.48021864891052246,25.796034574508667,2026-09-02T02:52:10.254644+00:00,gpu1.nitsri.ac.in,0.9909105261970814,0.9908480002465888,0.9915910808767952,0.9893942964883338,0.990491470636812,0.9909399143863453,0.9908480002465888,0.990892837346878,0.9817879103304727,0.9993926476703728,0.9993820378222951,22944,178,225,20990,44337,0.47849425987324357,0.0
NSL-KDD__imbalanced__all__GRU__seed44,NSL-KDD,44,all,imbalanced,GRU,DL,111,93105,93105,10346,,87.0,200,18.590561866760254,0.3413252830505371,0.48261141777038574,18.93188714981079,2026-09-02T03:09:56.842711+00:00,gpu1.nitsri.ac.in,0.9895347001375826,0.9895036407625228,0.9893411309720322,0.9887815225076597,0.989061247583573,0.9895266215074564,0.9895036407625228,0.9895150582435333,0.9790302620002661,0.9992691810094088,0.9992392166315456,22896,226,238,20977,44337,0.47849425987324357,0.0
NSL-KDD__imbalanced__all__GRU__seed45,NSL-KDD,45,all,imbalanced,GRU,DL,110,93105,93105,10346,,122.0,200,25.896016120910645,0.3418996334075928,0.470320463180542,26.237915754318237,2026-09-02T03:25:31.292083+00:00,gpu1.nitsri.ac.in,0.9900534542255903,0.9900904175238037,0.9882944716058669,0.9909497996700448,0.9896203544613646,0.9899850853585372,0.9900904175238037,0.9900361066047486,0.9800754972221315,0.9994052900350912,0.999401503415945,22873,249,192,21023,44337,0.47849425987324357,0.0
NSL-KDD__imbalanced__all__GRU__seed46,NSL-KDD,46,all,imbalanced,GRU,DL,110,93105,93105,10346,,119.0,200,25.407703638076782,0.3461933135986328,0.4650447368621826,25.753896951675415,2026-09-02T03:43:04.592453+00:00,gpu1.nitsri.ac.in,0.9915646074384825,0.9915878492064645,0.9902611150317573,0.992128211171341,0.9911937838474217,0.9915130200407898,0.9915878492064645,0.9915496232889607,0.9831008663994265,0.999393069660133,0.9992874513388749,22915,207,167,21048,44337,0.47849425987324357,0.0
NSL-KDD__imbalanced__all__KNN__seed42,NSL-KDD,42,all,imbalanced,KNN,ML,109,93105,93105,10346,,,200,0.021590471267700195,1.812312364578247,0.6187822818756104,1.8339028358459473,2026-09-02T02:35:02.701636+00:00,gpu1.nitsri.ac.in,0.9925795610889325,0.9925434541916762,0.9927802944507361,0.9917039830308744,0.9922418468649044,0.9925880301374441,0.9925434541916762,0.9925654735437626,0.985131483320618,0.997480716036302,0.9960296886672925,22969,153,176,21039,44337,0.47849425987324357,0.0
NSL-KDD__imbalanced__all__KNN__seed43,NSL-KDD,43,all,imbalanced,KNN,ML,110,93105,93105,10346,,,200,0.018536806106567383,1.7540018558502197,0.48021864891052246,1.772538661956787,2026-09-02T02:51:23.630745+00:00,gpu1.nitsri.ac.in,0.9925344520378014,0.9925196433685033,0.9922221174695955,0.9921753476313929,0.9921987319993401,0.9925215591023971,0.9925196433685033,0.9925206007277487,0.9850412024690376,0.9969318205007233,0.9954493809315471,22957,165,166,21049,44337,0.47849425987324357,1.1102230246251565e-16
NSL-KDD__imbalanced__all__KNN__seed44,NSL-KDD,44,all,imbalanced,KNN,ML,111,93105,93105,10346,,,200,0.0203094482421875,1.7651479244232178,0.48261141777038574,1.7854573726654053,2026-09-02T03:09:16.853635+00:00,gpu1.nitsri.ac.in,0.9931208697025058,0.9930507776201013,0.9941860465116279,0.9914211642705633,0.9928016803946095,0.9931673945081327,0.9930507776201013,0.9931073170994493,0.9862181652334622,0.9967273307865402,0.995164234776536,22999,123,182,21033,44337,0.47849425987324357,1.1102230246251565e-16
NSL-KDD__imbalanced__all__KNN__seed45,NSL-KDD,45,all,imbalanced,KNN,ML,110,93105,93105,10346,,,200,0.02027440071105957,1.8877112865447998,0.470320463180542,1.9079856872558594,2026-09-02T03:24:44.016917+00:00,gpu1.nitsri.ac.in,0.9924216794099736,0.9923668137630554,0.9930571954848155,0.9910912090502003,0.9920732282721525,0.9924489914567922,0.9923668137630554,0.9924070069114295,0.9848158017911995,0.996911244932377,0.9955222884373752,22975,147,189,21026,44337,0.47849425987324357,1.1102230246251565e-16
NSL-KDD__imbalanced__all__KNN__seed46,NSL-KDD,46,all,imbalanced,KNN,ML,110,93105,93105,10346,,,200,0.018281936645507812,2.1359946727752686,0.4650447368621826,2.1542766094207764,2026-09-02T03:42:17.812833+00:00,gpu1.nitsri.ac.in,0.9926021156144981,0.9925806290432149,0.992455321356156,0.9920810747112891,0.9922681627457451,0.9925960134666643,0.9925806290432149,0.9925882887584991,0.9851766423897583,0.997256730191347,0.9957290030455107,22962,160,168,21047,44337,0.47849425987324357,0.0
NSL-KDD__imbalanced__all__LSTM__seed42,NSL-KDD,42,all,imbalanced,LSTM,DL,109,93105,93105,10346,,117.0,200,22.220560789108276,0.299668550491333,0.6187822818756104,22.52022933959961,2026-09-02T02:36:07.367852+00:00,gpu1.nitsri.ac.in,0.9908879716715159,0.9908380386380755,0.9912657570464095,0.9896771152486449,0.9904707991319935,0.9909040825308053,0.9908380386380755,0.9908704745476296,0.9817421189474239,0.9994430010378708,0.9994368657961159,22937,185,219,20996,44337,0.47849425987324357,0.0
NSL-KDD__imbalanced__all__LSTM__seed43,NSL-KDD,43,all,imbalanced,LSTM,DL,110,93105,93105,10346,,127.0,200,23.673519611358643,0.29401493072509766,0.48021864891052246,23.96753454208374,2026-09-02T02:52:34.599715+00:00,gpu1.nitsri.ac.in,0.9914067257595236,0.9913878831409648,0.9910899490854234,0.9909497996700448,0.9910198694227732,0.9913936231913603,0.9913878831409648,0.9913907486020174,0.9827815063155624,0.9995354769339478,0.999524362002194,22933,189,192,21023,44337,0.47849425987324357,0.0
NSL-KDD__imbalanced__all__LSTM__seed44,NSL-KDD,44,all,imbalanced,LSTM,DL,111,93105,93105,10346,,107.0,200,20.01672387123108,0.2970743179321289,0.48261141777038574,20.313798189163208,2026-09-02T03:10:17.539331+00:00,gpu1.nitsri.ac.in,0.9905045447369014,0.9904509853491474,0.9909339881008594,0.9892057506481263,0.9900691151841106,0.9905229118361718,0.9904509853491474,0.9904862548328237,0.9809738945484399,0.9994532490693853,0.9994273553327031,22930,192,229,20986,44337,0.47849425987324357,0.0
NSL-KDD__imbalanced__all__LSTM__seed45,NSL-KDD,45,all,imbalanced,LSTM,DL,110,93105,93105,10346,,121.0,200,23.23206877708435,0.29626011848449707,0.470320463180542,23.528328895568848,2026-09-02T03:25:55.205433+00:00,gpu1.nitsri.ac.in,0.991136071452737,0.9911711536851437,0.9895147639646417,0.9919868017911855,0.9907492408728197,0.9910727836035441,0.9911711536851437,0.9911205449671625,0.9822439323628886,0.9994565791190131,0.9994433561230871,22899,223,170,21045,44337,0.47849425987324357,1.1102230246251565e-16
NSL-KDD__imbalanced__all__LSTM__seed46,NSL-KDD,46,all,imbalanced,LSTM,DL,110,93105,93105,10346,,90.0,200,17.735418796539307,0.29529857635498047,0.4650447368621826,18.030717372894287,2026-09-02T03:43:23.011835+00:00,gpu1.nitsri.ac.in,0.9910684078760403,0.9910654605397478,0.9903433981817326,0.9909969361300967,0.9906700593723494,0.991038931218268,0.9910654605397478,0.9910520965258891,0.9821043913997011,0.9993643070827232,0.9993458069422959,22917,205,191,21024,44337,0.47849425987324357,1.1102230246251565e-16
NSL-KDD__imbalanced__all__MLP__seed42,NSL-KDD,42,all,imbalanced,MLP,DL,109,93105,93105,10346,,86.0,200,8.366098165512085,0.09682846069335938,0.6187822818756104,8.462926626205444,2026-09-02T02:36:16.221719+00:00,gpu1.nitsri.ac.in,0.9896023637142792,0.9895374131942091,0.9902210884353742,0.98802733914683,0.9891229974282142,0.9896290819189257,0.9895374131942091,0.9895821290742203,0.9791664908221613,0.9990614988509545,0.9989634314462604,22915,207,254,20961,44337,0.47849425987324357,0.0
NSL-KDD__imbalanced__all__MLP__seed43,NSL-KDD,43,all,imbalanced,MLP,DL,110,93105,93105,10346,,139.0,200,13.041136980056763,0.09314489364624023,0.48021864891052246,13.134281873703003,2026-09-02T02:52:48.108647+00:00,gpu1.nitsri.ac.in,0.9901436723278526,0.9901477581855158,0.9891703550240135,0.990242752769267,0.9897062633971686,0.990104464061208,0.9901477581855158,0.9901258432366298,0.9802522212906529,0.9990311441286047,0.9990660299565104,22892,230,207,21008,44337,0.47849425987324357,1.1102230246251565e-16
NSL-KDD__imbalanced__all__MLP__seed44,NSL-KDD,44,all,imbalanced,MLP,DL,111,93105,93105,10346,,41.0,200,4.268762826919556,0.09620022773742676,0.48261141777038574,4.364963054656982,2026-09-02T03:10:22.278547+00:00,gpu1.nitsri.ac.in,0.985610212689176,0.9854630266332823,0.9878147076952255,0.9820410087202451,0.984919396775871,0.9857123955752218,0.9854630266332823,0.9855799537364518,0.9711753901932426,0.9988524844687893,0.9987853709966674,22865,257,381,20834,44337,0.47849425987324357,1.1102230246251565e-16
NSL-KDD__imbalanced__all__MLP__seed45,NSL-KDD,45,all,imbalanced,MLP,DL,110,93105,93105,10346,,114.0,200,10.976541757583618,0.09693741798400879,0.470320463180542,11.073479175567627,2026-09-02T03:26:06.659966+00:00,gpu1.nitsri.ac.in,0.990730089992557,0.9907508131508237,0.9894137574103699,0.9912326184303559,0.9903223527749653,0.9906779396591336,0.9907508131508237,0.9907136057782412,0.9814287501044395,0.9993500511677873,0.999285152875073,22897,225,186,21029,44337,0.47849425987324357,1.1102230246251565e-16
NSL-KDD__imbalanced__all__MLP__seed46,NSL-KDD,46,all,imbalanced,MLP,DL,110,93105,93105,10346,,139.0,200,13.182937860488892,0.09576177597045898,0.4650447368621826,13.27869963645935,2026-09-02T03:43:36.668692+00:00,gpu1.nitsri.ac.in,0.991542052912917,0.9915467867487795,0.9906762102090789,0.9916568465708225,0.9911662858354338,0.9915071021176558,0.9915467867487795,0.9915267207902045,0.9830538880654263,0.9991517852929149,0.9988918801564923,22924,198,177,21038,44337,0.47849425987324357,1.1102230246251565e-16
NSL-KDD__imbalanced__all__RF__seed42,NSL-KDD,42,all,imbalanced,RF,ML,109,93105,93105,10346,,,200,0.40049052238464355,0.04520702362060547,0.6187822818756104,0.445697546005249,2026-09-02T02:34:58.823040+00:00,gpu1.nitsri.ac.in,0.9968198118952568,0.996777957326153,0.9975446217773161,0.9958048550553853,0.9966739791946784,0.9968508116874835,0.996777957326153,0.9968136862979291,0.9936287663427407,0.9998902857202967,0.999856975806015,23070,52,89,21126,44337,0.47849425987324357,0.0
NSL-KDD__imbalanced__all__RF__seed43,NSL-KDD,43,all,imbalanced,RF,ML,110,93105,93105,10346,,,200,0.42533087730407715,0.034696340560913086,0.48021864891052246,0.46002721786499023,2026-09-02T02:51:20.033074+00:00,gpu1.nitsri.ac.in,0.9964363849606424,0.9963772974157123,0.9975426492131751,0.9950035352345039,0.9962714744194827,0.9964844761426594,0.9963772974157123,0.9964294000029505,0.9928617677734377,0.9998461551728107,0.9997797020821126,23070,52,106,21109,44337,0.47849425987324357,0.0
NSL-KDD__imbalanced__all__RF__seed44,NSL-KDD,44,all,imbalanced,RF,ML,111,93105,93105,10346,,,200,0.4225747585296631,0.05524134635925293,0.48261141777038574,0.477816104888916,2026-09-02T03:09:13.225528+00:00,gpu1.nitsri.ac.in,0.996301057807249,0.9962339442324835,0.9975889944688696,0.994673580014141,0.9961291540785498,0.9963574716995831,0.9962339442324835,0.9962937482049986,0.9925914082456033,0.9998751236486059,0.9998148094289027,23071,51,113,21102,44337,0.47849425987324357,0.0
NSL-KDD__imbalanced__all__RF__seed45,NSL-KDD,45,all,imbalanced,RF,ML,110,93105,93105,10346,,,200,0.501312255859375,0.045243024826049805,0.470320463180542,0.5465552806854248,2026-09-02T03:24:40.281225+00:00,gpu1.nitsri.ac.in,0.9965491575884702,0.9965009699750615,0.9974022293595315,0.9953806269149187,0.9963904027178144,0.9965858545891118,0.9965009699750615,0.996542469490348,0.993086820936395,0.9998619186308744,0.9998595250516341,23067,55,98,21117,44337,0.47849425987324357,1.1102230246251565e-16
NSL-KDD__imbalanced__all__RF__seed46,NSL-KDD,46,all,imbalanced,RF,ML,110,93105,93105,10346,,,200,0.4304018020629883,0.03521275520324707,0.4650447368621826,0.46561455726623535,2026-09-02T03:42:13.825065+00:00,gpu1.nitsri.ac.in,0.9964138304350768,0.9963809424287118,0.9968850292618463,0.995616309215178,0.9962502653114167,0.9964337885520429,0.9963809424287118,0.9964069938646729,0.9928147295742924,0.9998672251011415,0.9998354714989248,23056,66,93,21122,44337,0.47849425987324357,1.1102230246251565e-16
NSL-KDD__imbalanced__all__SVM__seed42,NSL-KDD,42,all,imbalanced,SVM,ML,109,93105,93105,10346,100000.0,,200,8.857792139053345,4.342985153198242,0.6187822818756104,13.200777292251587,2026-09-02T02:35:20.321552+00:00,gpu1.nitsri.ac.in,0.9700701445745089,0.9697998818550988,0.9736591407068687,0.963516379919868,0.9685612073254519,0.9702507244467385,0.9697998818550988,0.9700010383985487,0.9400504981911394,0.9957137073058232,0.9952441156743588,22569,553,774,20441,44337,0.47849425987324357,0.0
NSL-KDD__imbalanced__all__SVM__seed43,NSL-KDD,43,all,imbalanced,SVM,ML,110,93105,93105,10346,100000.0,,200,9.525786638259888,4.404233455657959,0.48021864891052246,13.930020093917847,2026-09-02T02:51:41.926958+00:00,gpu1.nitsri.ac.in,0.9746261587387509,0.9745412262896033,0.9743577635058557,0.9725665802498232,0.9734613479276262,0.9746146574102829,0.9745412262896033,0.9745771834813466,0.9491558808593993,0.9959101241724235,0.9956675994885525,22579,543,582,20633,44337,0.47849425987324357,0.0
NSL-KDD__imbalanced__all__SVM__seed44,NSL-KDD,44,all,imbalanced,SVM,ML,111,93105,93105,10346,100000.0,,200,9.937411308288574,4.262595176696777,0.48261141777038574,14.200006484985352,2026-09-02T03:09:35.331515+00:00,gpu1.nitsri.ac.in,0.9726413604889821,0.9724691658503951,0.9742057847321005,0.9684657082253123,0.9713272662805815,0.9727139389527066,0.9724691658503951,0.972583773751475,0.9451830731087811,0.9955485686464096,0.9952654076803688,22578,544,669,20546,44337,0.47849425987324357,0.0
NSL-KDD__imbalanced__all__SVM__seed45,NSL-KDD,45,all,imbalanced,SVM,ML,110,93105,93105,10346,100000.0,,200,9.671351194381714,4.440218687057495,0.470320463180542,14.111569881439209,2026-09-02T03:25:02.577139+00:00,gpu1.nitsri.ac.in,0.9751674673523243,0.9750504935211015,0.9756882035758206,0.972330897949564,0.9740066576953041,0.9751905126523208,0.9750504935211015,0.9751178440364596,0.9502409958574303,0.9960866320921826,0.9959296072810385,22608,514,587,20628,44337,0.47849425987324357,1.1102230246251565e-16
NSL-KDD__imbalanced__all__SVM__seed46,NSL-KDD,46,all,imbalanced,SVM,ML,110,93105,93105,10346,100000.0,,200,9.695796966552734,4.385250806808472,0.4650447368621826,14.081047773361206,2026-09-02T03:42:36.403752+00:00,gpu1.nitsri.ac.in,0.9755057852358076,0.9754564996544679,0.9744943661307812,0.9743106292717417,0.9744024890397398,0.9754639088286008,0.9754564996544679,0.9754601962583235,0.9509204084542041,0.995528190822057,0.9951041297158003,22581,541,545,20670,44337,0.47849425987324357,0.0
NSL-KDD__imbalanced__all__SimpleRNN__seed42,NSL-KDD,42,all,imbalanced,SimpleRNN,DL,109,93105,93105,10346,,88.0,200,12.408888339996338,0.1766960620880127,0.6187822818756104,12.58558440208435,2026-09-02T02:36:29.200865+00:00,gpu1.nitsri.ac.in,0.9910232988249092,0.9910319307012085,0.9900193022927357,0.9912326184303559,0.9906255888449218,0.9909829798612968,0.9910319307012085,0.9910071126534532,0.9820149093424706,0.9993143634733982,0.9992696893321974,22910,212,186,21029,44337,0.47849425987324357,0.0
NSL-KDD__imbalanced__all__SimpleRNN__seed43,NSL-KDD,43,all,imbalanced,SimpleRNN,DL,110,93105,93105,10346,,141.0,200,19.325318574905396,0.17539405822753906,0.48021864891052246,19.500712633132935,2026-09-02T02:53:07.993059+00:00,gpu1.nitsri.ac.in,0.9923765703588425,0.9924032608351527,0.9910617678882251,0.9930238039123261,0.9920418157845169,0.9923246447760017,0.9924032608351527,0.992363057582748,0.9847279024729856,0.999289547621473,0.9993659198300768,22932,190,148,21067,44337,0.47849425987324357,0.0
NSL-KDD__imbalanced__all__SimpleRNN__seed44,NSL-KDD,44,all,imbalanced,SimpleRNN,DL,111,93105,93105,10346,,61.0,200,8.926664352416992,0.1755828857421875,0.48261141777038574,9.10224723815918,2026-09-02T03:10:31.764100+00:00,gpu1.nitsri.ac.in,0.9904594356857703,0.9903571976153379,0.9920484664899659,0.9879802026867782,0.9900101551614199,0.9905306747116553,0.9903571976153379,0.990440099488288,0.9808878569866551,0.9994083112371409,0.9993533535967432,22954,168,255,20960,44337,0.47849425987324357,1.1102230246251565e-16
NSL-KDD__imbalanced__all__SimpleRNN__seed45,NSL-KDD,45,all,imbalanced,SimpleRNN,DL,110,93105,93105,10346,,88.0,200,12.804138422012329,0.17504024505615234,0.470320463180542,12.979178667068481,2026-09-02T03:26:20.027830+00:00,gpu1.nitsri.ac.in,0.9909781897737782,0.9910295017118412,0.9889593610523844,0.9922224840914448,0.9905882352941177,0.9909008153518039,0.9910295017118412,0.990962675710038,0.9819303086311835,0.9993353182209491,0.9993964793597037,22887,235,165,21050,44337,0.47849425987324357,1.1102230246251565e-16
NSL-KDD__imbalanced__all__SimpleRNN__seed46,NSL-KDD,46,all,imbalanced,SimpleRNN,DL,110,93105,93105,10346,,142.0,200,19.94875979423523,0.1841585636138916,0.4650447368621826,20.13291835784912,2026-09-02T03:43:57.223208+00:00,gpu1.nitsri.ac.in,0.9926697791911947,0.9926610527486588,0.9922243166823751,0.992458166391704,0.9923412277601037,0.9926515016815864,0.9926610527486588,0.9926562645212854,0.9853125543839538,0.9994077057735722,0.9993106781566198,22957,165,160,21055,44337,0.47849425987324357,1.1102230246251565e-16
NSL-KDD__imbalanced__top10__CNN__seed42,NSL-KDD,42,top10,imbalanced,CNN,DL,10,93105,93105,10346,,140.0,200,31.156174659729004,0.13234710693359375,0.25843071937561035,31.288521766662598,2026-09-02T02:42:44.971788+00:00,gpu1.nitsri.ac.in,0.9633488959559736,0.9629981428577225,0.9681227298795642,0.9548432712703276,0.9614371484847766,0.9636026454249826,0.9629981428577225,0.9632585978805102,0.9266005910977915,0.9938417413637808,0.9939758778421334,22455,667,958,20257,44337,0.47849425987324357,0.0
NSL-KDD__imbalanced__top10__CNN__seed43,NSL-KDD,43,top10,imbalanced,CNN,DL,10,93105,93105,10346,,136.0,200,31.33356809616089,0.13203835487365723,0.25190210342407227,31.465606451034546,2026-09-02T02:59:56.160978+00:00,gpu1.nitsri.ac.in,0.9635518866860635,0.9632880090508853,0.966354161709418,0.9571529578128682,0.9617315525243914,0.9636907148797476,0.9632880090508853,0.9634692297350459,0.9269786364572162,0.9938880053039423,0.9940530714907343,22415,707,909,20306,44337,0.47849425987324357,1.1102230246251565e-16
NSL-KDD__imbalanced__top10__CNN__seed44,NSL-KDD,44,top10,imbalanced,CNN,DL,10,93105,93105,10346,,137.0,200,31.775819301605225,0.13294434547424316,0.2542400360107422,31.908763647079468,2026-09-02T03:16:36.757060+00:00,gpu1.nitsri.ac.in,0.9630105780724902,0.9626426756042603,0.9681446405510116,0.954089087909498,0.9610654764731019,0.9632870023070892,0.9626426756042603,0.9629180278052054,0.9259294537275048,0.9938965133921712,0.9940774880481835,22456,666,974,20241,44337,0.47849425987324357,0.0
NSL-KDD__imbalanced__top10__CNN__seed45,NSL-KDD,45,top10,imbalanced,CNN,DL,10,93105,93105,10346,,196.0,200,43.832927942276,0.12933635711669922,0.25415778160095215,43.9622642993927,2026-09-02T03:33:17.356592+00:00,gpu1.nitsri.ac.in,0.956740419965266,0.9561004266724193,0.9674887349193275,0.9412208343153429,0.9541740335451808,0.9574341303088494,0.9561004266724193,0.9566043170716079,0.9135335834185698,0.9930039500076274,0.993129402588654,22451,671,1247,19968,44337,0.47849425987324357,0.0
NSL-KDD__imbalanced__top10__CNN__seed46,NSL-KDD,46,top10,imbalanced,CNN,DL,10,93105,93105,10346,,96.0,200,21.794027090072632,0.13321685791015625,0.25084567070007324,21.927243947982788,2026-09-02T03:50:09.195694+00:00,gpu1.nitsri.ac.in,0.9604168076324514,0.9600858895940648,0.9644391408114559,0.9523921753476314,0.9583778014941302,0.9606263776063095,0.9600858895940648,0.960321584743711,0.9207121085583495,0.9929368465006948,0.993116767766912,22377,745,1010,20205,44337,0.47849425987324357,0.0
NSL-KDD__imbalanced__top10__DT__seed42,NSL-KDD,42,top10,imbalanced,DT,ML,10,93105,93105,10346,,,200,0.16200613975524902,0.0021386146545410156,0.25843071937561035,0.16414475440979004,2026-09-02T02:40:00.977949+00:00,gpu1.nitsri.ac.in,0.9930080970746781,0.9929970819713885,0.9926474053824763,0.992740985152015,0.9926941930618401,0.9929932528642486,0.9929970819713885,0.9929951653860734,0.985990334828202,0.9932479120731535,0.9891956585298057,22966,156,154,21061,44337,0.47849425987324357,1.1102230246251565e-16
NSL-KDD__imbalanced__top10__DT__seed43,NSL-KDD,43,top10,imbalanced,DT,ML,10,93105,93105,10346,,,200,0.16997528076171875,0.0021715164184570312,0.25190210342407227,0.17214679718017578,2026-09-02T02:57:12.117741+00:00,gpu1.nitsri.ac.in,0.9923089067821458,0.9922975676897567,0.9918936751814497,0.9920339382512373,0.9919638017580656,0.9922918352117291,0.9922975676897567,0.9922946968825794,0.9845894028847981,0.9926657629290476,0.9882063605682333,22950,172,169,21046,44337,0.47849425987324357,1.1102230246251565e-16
NSL-KDD__imbalanced__top10__DT__seed44,NSL-KDD,44,top10,imbalanced,DT,ML,10,93105,93105,10346,,,200,0.1663970947265625,0.002145051956176758,0.2542400360107422,0.16854214668273926,2026-09-02T03:13:50.602672+00:00,gpu1.nitsri.ac.in,0.9928727699212847,0.9928401221666471,0.9930172210426987,0.9920810747112891,0.9925489271398256,0.9928788464560137,0.9928401221666471,0.9928592811386487,0.9857189678620126,0.9930880768261102,0.9892463173263496,22974,148,168,21047,44337,0.47849425987324357,0.0
NSL-KDD__imbalanced__top10__DT__seed45,NSL-KDD,45,top10,imbalanced,DT,ML,10,93105,93105,10346,,,200,0.20244979858398438,0.0022749900817871094,0.25415778160095215,0.20472478866577148,2026-09-02T03:30:20.439655+00:00,gpu1.nitsri.ac.in,0.9920833615264902,0.9921027052540354,0.9909176470588236,0.9925524393118077,0.9917343694807489,0.9920369843991653,0.9921027052540354,0.9920692233042906,0.9841396874587812,0.9924466167154467,0.9875040201891734,22929,193,158,21057,44337,0.47849425987324357,1.1102230246251565e-16
NSL-KDD__imbalanced__top10__DT__seed46,NSL-KDD,46,top10,imbalanced,DT,ML,10,93105,93105,10346,,,200,0.16522955894470215,0.002159595489501953,0.25084567070007324,0.1673891544342041,2026-09-02T03:47:34.577222+00:00,gpu1.nitsri.ac.in,0.9928727699212847,0.9928926048496245,0.9917643183208622,0.9933537591326891,0.9925584024114544,0.9928286248568968,0.9928926048496245,0.9928600278666231,0.9857212276301537,0.9931617588883837,0.9886994386991763,22947,175,141,21074,44337,0.47849425987324357,0.0
NSL-KDD__imbalanced__top10__GNB__seed42,NSL-KDD,42,top10,imbalanced,GNB,ML,10,93105,93105,10346,,,200,0.008872270584106445,0.0012278556823730469,0.25843071937561035,0.010100126266479492,2026-09-02T02:40:01.526841+00:00,gpu1.nitsri.ac.in,0.8632068024449105,0.8602270839021446,0.9114611624117328,0.7909497996700448,0.8469400630914826,0.8702019816764184,0.8602270839021446,0.8616441023728734,0.7303609527188356,0.9369319811422357,0.9359423038972687,21492,1630,4435,16780,44337,0.47849425987324357,0.0
NSL-KDD__imbalanced__top10__GNB__seed43,NSL-KDD,43,top10,imbalanced,GNB,ML,10,93105,93105,10346,,,200,0.008908748626708984,0.001199483871459961,0.25190210342407227,0.010108232498168945,2026-09-02T02:57:12.654545+00:00,gpu1.nitsri.ac.in,0.8619211944876739,0.8590625246734049,0.9071047094999191,0.7925995757718596,0.8459951700543369,0.8682810369205022,0.8590625246734049,0.8604285976595221,0.7272851405219687,0.9362789428149444,0.9324191925701625,21400,1722,4400,16815,44337,0.47849425987324357,0.0
NSL-KDD__imbalanced__top10__GNB__seed44,NSL-KDD,44,top10,imbalanced,GNB,ML,10,93105,93105,10346,,,200,0.008896350860595703,0.001194000244140625,0.2542400360107422,0.010090351104736328,2026-09-02T03:13:51.186607+00:00,gpu1.nitsri.ac.in,0.8684168978505538,0.8653000786511446,0.9211895503587272,0.7928352580721187,0.8522065156812079,0.8763283437045573,0.8653000786511446,0.8668146399544251,0.7415464208097285,0.9388095909424934,0.9391969985699004,21683,1439,4395,16820,44337,0.47849425987324357,0.0
NSL-KDD__imbalanced__top10__GNB__seed45,NSL-KDD,45,top10,imbalanced,GNB,ML,10,93105,93105,10346,,,200,0.00894021987915039,0.0012581348419189453,0.25415778160095215,0.010198354721069336,2026-09-02T03:30:21.095005+00:00,gpu1.nitsri.ac.in,0.8692288607709137,0.8661640853566638,0.9209764622358145,0.7949092623144002,0.8533117441683955,0.876898743682266,0.8661640853566638,0.8676707658743825,0.7429852858637043,0.9359050802735627,0.9319611322756556,21675,1447,4351,16864,44337,0.47849425987324357,0.0
NSL-KDD__imbalanced__top10__GNB__seed46,NSL-KDD,46,top10,imbalanced,GNB,ML,10,93105,93105,10346,,,200,0.009148120880126953,0.0012946128845214844,0.25084567070007324,0.010442733764648438,2026-09-02T03:47:35.154322+00:00,gpu1.nitsri.ac.in,0.8672215079955793,0.8639304466692297,0.923846919588541,0.787414565166156,0.8501921266254422,0.8760350575851674,0.8639304466692297,0.8654832881339942,0.7398664919301577,0.9380646414107359,0.9381420389125242,21745,1377,4510,16705,44337,0.47849425987324357,0.0
NSL-KDD__imbalanced__top10__GRU__seed42,NSL-KDD,42,top10,imbalanced,GRU,DL,10,93105,93105,10346,,200.0,200,39.49970459938049,0.3206014633178711,0.25843071937561035,39.820306062698364,2026-09-02T02:40:52.966733+00:00,gpu1.nitsri.ac.in,0.9535151228093917,0.9529984146028191,0.96105334103601,0.9409851520150837,0.9509133779503179,0.953961849809327,0.9529984146028191,0.9533841634327167,0.9069597526986258,0.9911080060773865,0.9914223709248828,22313,809,1252,19963,44337,0.47849425987324357,0.0
NSL-KDD__imbalanced__top10__GRU__seed43,NSL-KDD,43,top10,imbalanced,GRU,DL,10,93105,93105,10346,,200.0,200,39.72552227973938,0.3222508430480957,0.25190210342407227,40.047773122787476,2026-09-02T02:58:04.093787+00:00,gpu1.nitsri.ac.in,0.9558382389426439,0.955503694418419,0.9594846098783106,0.9477256658024983,0.9535688878349537,0.9560274815707523,0.955503694418419,0.9557324913972636,0.9115310254989791,0.9917135725952756,0.9919756716164899,22273,849,1109,20106,44337,0.47849425987324357,0.0
NSL-KDD__imbalanced__top10__GRU__seed44,NSL-KDD,44,top10,imbalanced,GRU,DL,10,93105,93105,10346,,200.0,200,39.865766525268555,0.3168160915374756,0.2542400360107422,40.18258261680603,2026-09-02T03:14:42.948260+00:00,gpu1.nitsri.ac.in,0.9554773665335949,0.9552743317715704,0.9561424304205586,0.9505538534056093,0.9533399517798894,0.9555081936151661,0.9552743317715704,0.9553837440058868,0.9107824953623556,0.9912198038041173,0.9916596546770275,22197,925,1049,20166,44337,0.47849425987324357,0.0
NSL-KDD__imbalanced__top10__GRU__seed45,NSL-KDD,45,top10,imbalanced,GRU,DL,10,93105,93105,10346,,200.0,200,40.00256562232971,0.3219172954559326,0.25415778160095215,40.324482917785645,2026-09-02T03:31:12.150733+00:00,gpu1.nitsri.ac.in,0.9483501364548796,0.9473758087703865,0.9658805573334647,0.9247230732971954,0.9448538265183258,0.9497054497314122,0.9473758087703865,0.9481416837690466,0.8970782335605761,0.9893441765402927,0.9898082507990873,22429,693,1597,19618,44337,0.47849425987324357,0.0
NSL-KDD__imbalanced__top10__GRU__seed46,NSL-KDD,46,top10,imbalanced,GRU,DL,10,93105,93105,10346,,200.0,200,39.66427707672119,0.3261561393737793,0.25084567070007324,39.99043321609497,2026-09-02T03:48:26.506980+00:00,gpu1.nitsri.ac.in,0.9564021020817827,0.9562386853995599,0.9562707051585424,0.9524393118076833,0.954351163065297,0.9563962221444886,0.9562386853995599,0.9563139182116185,0.9126348939472498,0.9913050284075555,0.9916885016456406,22198,924,1009,20206,44337,0.47849425987324357,0.0
NSL-KDD__imbalanced__top10__KNN__seed42,NSL-KDD,42,top10,imbalanced,KNN,ML,10,93105,93105,10346,,,200,0.08820605278015137,1.4927759170532227,0.25843071937561035,1.580981969833374,2026-09-02T02:40:04.648079+00:00,gpu1.nitsri.ac.in,0.9735886505627354,0.9736456366065149,0.9699868692552992,0.9749705397124676,0.9724723195185594,0.9734564772557294,0.9736456366065149,0.9735451442612847,0.9471020949723803,0.9875312677593728,0.9803360994616328,22482,640,531,20684,44337,0.47849425987324357,1.1102230246251565e-16
NSL-KDD__imbalanced__top10__KNN__seed43,NSL-KDD,43,top10,imbalanced,KNN,ML,10,93105,93105,10346,,,200,0.08699798583984375,1.3424527645111084,0.25190210342407227,1.4294507503509521,2026-09-02T02:57:15.585648+00:00,gpu1.nitsri.ac.in,0.9724834788100233,0.9725821520796869,0.9678506247367682,0.9748762667923639,0.9713507420627465,0.9723222124032151,0.9725821520796869,0.9724403959825557,0.9449043287286822,0.9877798686543621,0.9802807958207359,22435,687,533,20682,44337,0.47849425987324357,0.0
NSL-KDD__imbalanced__top10__KNN__seed44,NSL-KDD,44,top10,imbalanced,KNN,ML,10,93105,93105,10346,,,200,0.08844184875488281,1.3384644985198975,0.2542400360107422,1.4269063472747803,2026-09-02T03:13:54.105039+00:00,gpu1.nitsri.ac.in,0.9741299591763087,0.9741549038380132,0.9713010803193988,0.9747348574122083,0.9730149394188919,0.9740221286527788,0.9741549038380132,0.9740857148522908,0.9481770231944003,0.9880338412547505,0.9809752458022291,22511,611,536,20679,44337,0.47849425987324357,1.1102230246251565e-16
NSL-KDD__imbalanced__top10__KNN__seed45,NSL-KDD,45,top10,imbalanced,KNN,ML,10,93105,93105,10346,,,200,0.08823204040527344,0.7648932933807373,0.25415778160095215,0.8531253337860107,2026-09-02T03:30:22.763113+00:00,gpu1.nitsri.ac.in,0.9690100818729278,0.969201451449069,0.9620418238554329,0.9736507188310158,0.9678114604319917,0.9687975234907358,0.969201451449069,0.9689670505604335,0.9379988879685994,0.9876479713718884,0.9797560679632215,22307,815,559,20656,44337,0.47849425987324357,0.0
NSL-KDD__imbalanced__top10__KNN__seed46,NSL-KDD,46,top10,imbalanced,KNN,ML,10,93105,93105,10346,,,200,0.08928871154785156,1.3616540431976318,0.25084567070007324,1.4509427547454834,2026-09-02T03:47:37.992591+00:00,gpu1.nitsri.ac.in,0.9731601145769899,0.9733125246173435,0.9673715165943145,0.9768559981145416,0.9720906233875886,0.9729717843074566,0.9733125246173435,0.973120644042391,0.9462842475775065,0.9881378036305513,0.9806821117805867,22423,699,491,20724,44337,0.47849425987324357,0.0
NSL-KDD__imbalanced__top10__LSTM__seed42,NSL-KDD,42,top10,imbalanced,LSTM,DL,10,93105,93105,10346,,200.0,200,36.386504888534546,0.29390883445739746,0.25843071937561035,36.68041372299194,2026-09-02T02:41:30.204617+00:00,gpu1.nitsri.ac.in,0.9530865868236461,0.9528188630564336,0.954966950401826,0.9465943907612538,0.9507622384243917,0.9531785155304136,0.9528188630564336,0.9529818084217586,0.9059973072014822,0.9903657923439764,0.990746928360756,22175,947,1133,20082,44337,0.47849425987324357,1.1102230246251565e-16
NSL-KDD__imbalanced__top10__LSTM__seed43,NSL-KDD,43,top10,imbalanced,LSTM,DL,10,93105,93105,10346,,200.0,200,36.31472444534302,0.29003071784973145,0.25190210342407227,36.60475516319275,2026-09-02T02:58:41.266377+00:00,gpu1.nitsri.ac.in,0.9553194848546361,0.9548469407465014,0.9620447775535698,0.9438604760782465,0.9528658783221109,0.9557067402625647,0.9548469407465014,0.9551980801193576,0.9105532750717844,0.9916471071694777,0.9919055975096146,22332,790,1191,20024,44337,0.47849425987324357,1.1102230246251565e-16
NSL-KDD__imbalanced__top10__LSTM__seed44,NSL-KDD,44,top10,imbalanced,LSTM,DL,10,93105,93105,10346,,200.0,200,36.5698561668396,0.2923448085784912,0.2542400360107422,36.86220097541809,2026-09-02T03:15:20.377240+00:00,gpu1.nitsri.ac.in,0.9545751855109728,0.9542577380537502,0.9577115613825984,0.946877209521565,0.9522635695662479,0.9547354142843134,0.9542577380537502,0.9544684167425078,0.908993026828539,0.9912790709408209,0.9915719901726131,22235,887,1127,20088,44337,0.47849425987324357,0.0
NSL-KDD__imbalanced__top10__LSTM__seed45,NSL-KDD,45,top10,imbalanced,LSTM,DL,10,93105,93105,10346,,200.0,200,36.70401382446289,0.2942924499511719,0.25415778160095215,36.99830627441406,2026-09-02T03:31:49.725360+00:00,gpu1.nitsri.ac.in,0.9445158671087354,0.9435363767302778,0.9616501747649289,0.92076361065284,0.9407628587940666,0.9458392398966169,0.9435363767302778,0.9442922595841117,0.8893726352163678,0.9890501923794234,0.9894039191331798,22343,779,1681,19534,44337,0.47849425987324357,1.1102230246251565e-16
NSL-KDD__imbalanced__top10__LSTM__seed46,NSL-KDD,46,top10,imbalanced,LSTM,DL,10,93105,93105,10346,,200.0,200,36.21137523651123,0.29364919662475586,0.25084567070007324,36.505024433135986,2026-09-02T03:49:03.583048+00:00,gpu1.nitsri.ac.in,0.9544849674087106,0.9543034189549198,0.9545820506748757,0.9500824888050907,0.9523269548783369,0.9544893717330971,0.9543034189549198,0.954391511273106,0.9087927716636383,0.990848581246983,0.9911597013965315,22163,959,1059,20156,44337,0.47849425987324357,0.0
NSL-KDD__imbalanced__top10__MLP__seed42,NSL-KDD,42,top10,imbalanced,MLP,DL,10,93105,93105,10346,,200.0,200,15.920302391052246,0.08109903335571289,0.25843071937561035,16.00140142440796,2026-09-02T02:41:46.772923+00:00,gpu1.nitsri.ac.in,0.9565599837607416,0.9563550679329105,0.9573670982121686,0.9515908555267499,0.9544702378138149,0.9565975276007079,0.9563550679329105,0.9564682768470437,0.9129525633377017,0.9915227792009117,0.991801468027075,22223,899,1027,20188,44337,0.47849425987324357,0.0
NSL-KDD__imbalanced__top10__MLP__seed43,NSL-KDD,43,top10,imbalanced,MLP,DL,10,93105,93105,10346,,200.0,200,15.79880142211914,0.07878875732421875,0.25190210342407227,15.87759017944336,2026-09-02T02:58:57.712058+00:00,gpu1.nitsri.ac.in,0.954259422153055,0.9539219514241675,0.9578143641135767,0.9460758897006835,0.9519089400047427,0.9544439197182373,0.9539219514241675,0.9541498940519155,0.9083657211747921,0.991180611759982,0.9913174608564265,22238,884,1144,20071,44337,0.47849425987324357,0.0
NSL-KDD__imbalanced__top10__MLP__seed44,NSL-KDD,44,top10,imbalanced,MLP,DL,10,93105,93105,10346,,200.0,200,16.46667790412903,0.08223795890808105,0.2542400360107422,16.54891586303711,2026-09-02T03:15:37.534858+00:00,gpu1.nitsri.ac.in,0.9580260279225027,0.9575040736791675,0.9661817130744773,0.9453688427999057,0.9556619731732304,0.9585139024679397,0.9575040736791675,0.9579063597049639,0.9160174195234825,0.99177178373828,0.9920830827045389,22420,702,1159,20056,44337,0.47849425987324357,0.0
NSL-KDD__imbalanced__top10__MLP__seed45,NSL-KDD,45,top10,imbalanced,MLP,DL,10,93105,93105,10346,,200.0,200,15.924269437789917,0.08043074607849121,0.25415778160095215,16.004700183868408,2026-09-02T03:32:06.299807+00:00,gpu1.nitsri.ac.in,0.9474479554322575,0.9464583490093016,0.9652165344632212,0.9234503888757954,0.9438716515706301,0.9488312289620598,0.9464583490093016,0.9472337351191007,0.8952864334194214,0.989182531018337,0.9896080733233429,22416,706,1624,19591,44337,0.47849425987324357,1.1102230246251565e-16
NSL-KDD__imbalanced__top10__MLP__seed46,NSL-KDD,46,top10,imbalanced,MLP,DL,10,93105,93105,10346,,200.0,200,15.94856572151184,0.08095812797546387,0.25084567070007324,16.029523849487305,2026-09-02T03:49:20.178216+00:00,gpu1.nitsri.ac.in,0.9550713850734149,0.9546926555821713,0.9596384677920712,0.9458873438604761,0.9527132887053127,0.9553165445764762,0.9546926555821713,0.9549593770157139,0.9100089862940387,0.9912318162420921,0.9914204464452776,22278,844,1148,20067,44337,0.47849425987324357,0.0
NSL-KDD__imbalanced__top10__RF__seed42,NSL-KDD,42,top10,imbalanced,RF,ML,10,93105,93105,10346,,,200,0.3641011714935303,0.03476881980895996,0.25843071937561035,0.39886999130249023,2026-09-02T02:40:01.460796+00:00,gpu1.nitsri.ac.in,0.9940004961995624,0.9939252311204279,0.9952716440493641,0.9921753476313929,0.9937210839391937,0.9940563843845234,0.9939252311204279,0.9939885920667682,0.9879816067997391,0.9995413745975987,0.99930214611431,23022,100,166,21049,44337,0.47849425987324357,0.0
NSL-KDD__imbalanced__top10__RF__seed43,NSL-KDD,43,top10,imbalanced,RF,ML,10,93105,93105,10346,,,200,0.35321879386901855,0.0345766544342041,0.25190210342407227,0.38779544830322266,2026-09-02T02:57:12.589210+00:00,gpu1.nitsri.ac.in,0.9943613686086114,0.994296491391623,0.9954156623658963,0.992788121612067,0.9941001557558881,0.9944072875639991,0.994296491391623,0.9943502938606654,0.9887037727475989,0.9994270734726779,0.999229530559689,23025,97,153,21062,44337,0.47849425987324357,0.0
NSL-KDD__imbalanced__top10__RF__seed44,NSL-KDD,44,top10,imbalanced,RF,ML,10,93105,93105,10346,,,200,0.3894846439361572,0.03458452224731445,0.2542400360107422,0.4240691661834717,2026-09-02T03:13:51.120721+00:00,gpu1.nitsri.ac.in,0.9940907143018246,0.9939767403729203,0.9963048936472595,0.9913268913504596,0.9938096588224176,0.9941917097821281,0.9939767403729203,0.9940785079441106,0.9881684267724725,0.9995476361509699,0.9993700975089242,23044,78,184,21031,44337,0.47849425987324357,1.1102230246251565e-16
NSL-KDD__imbalanced__top10__RF__seed45,NSL-KDD,45,top10,imbalanced,RF,ML,10,93105,93105,10346,,,200,0.4507467746734619,0.05485081672668457,0.25415778160095215,0.5055975914001465,2026-09-02T03:30:21.029007+00:00,gpu1.nitsri.ac.in,0.9941358233529558,0.9940841347282425,0.994851934066972,0.9928823945321706,0.9938661885439275,0.994166599048682,0.9940841347282425,0.9941244696338443,0.9882507303363179,0.9995522066874042,0.9994368062156028,23013,109,151,21064,44337,0.47849425987324357,0.0
NSL-KDD__imbalanced__top10__RF__seed46,NSL-KDD,46,top10,imbalanced,RF,ML,10,93105,93105,10346,,,200,0.369060754776001,0.034651994705200195,0.25084567070007324,0.40371274948120117,2026-09-02T03:47:35.064965+00:00,gpu1.nitsri.ac.in,0.9944515867108735,0.9944238089639716,0.9946218804547813,0.9937779872731558,0.9941997547863812,0.9944587362515911,0.9944238089639716,0.9944411077766586,0.9888825445987478,0.9995217744983351,0.9992930886347918,23008,114,132,21083,44337,0.47849425987324357,0.0
NSL-KDD__imbalanced__top10__SVM__seed42,NSL-KDD,42,top10,imbalanced,SVM,ML,10,93105,93105,10346,100000.0,,200,3.1525986194610596,2.3793370723724365,0.25843071937561035,5.531935691833496,2026-09-02T02:40:12.624385+00:00,gpu1.nitsri.ac.in,0.9280961724970115,0.9274905606292971,0.9348256066380434,0.9134103228847513,0.9239938966240702,0.9285065003708686,0.9274905606292971,0.9278860987507254,0.855996458116132,0.9805662625547305,0.9782729594921787,21771,1351,1837,19378,44337,0.47849425987324357,1.1102230246251565e-16
NSL-KDD__imbalanced__top10__SVM__seed43,NSL-KDD,43,top10,imbalanced,SVM,ML,10,93105,93105,10346,100000.0,,200,3.124811887741089,2.3790905475616455,0.25190210342407227,5.503902435302734,2026-09-02T02:57:23.513762+00:00,gpu1.nitsri.ac.in,0.9302388524257392,0.9295623754174616,0.9387468526050746,0.913834551025218,0.9261231996560537,0.930783601518919,0.9295623754174616,0.9300216699030157,0.860345110195568,0.9818949564334306,0.9816331072399377,21857,1265,1828,19387,44337,0.47849425987324357,1.1102230246251565e-16
NSL-KDD__imbalanced__top10__SVM__seed44,NSL-KDD,44,top10,imbalanced,SVM,ML,10,93105,93105,10346,100000.0,,200,3.209735870361328,2.409583806991577,0.2542400360107422,5.619319677352905,2026-09-02T03:14:02.199692+00:00,gpu1.nitsri.ac.in,0.9296524347610348,0.9290137469382044,0.9372704426831626,0.914164506245581,0.9255732932445654,0.9301281373914861,0.9290137469382044,0.9294404837296447,0.8591411615930695,0.9814672025379403,0.9810234825932042,21824,1298,1821,19394,44337,0.47849425987324357,1.1102230246251565e-16
NSL-KDD__imbalanced__top10__SVM__seed45,NSL-KDD,45,top10,imbalanced,SVM,ML,10,93105,93105,10346,100000.0,,200,3.377340793609619,2.5761210918426514,0.25415778160095215,5.9534618854522705,2026-09-02T03:30:31.295033+00:00,gpu1.nitsri.ac.in,0.9268331190653405,0.9257586534963187,0.9437503086572177,0.9007777515908555,0.9217634574570712,0.928181198832096,0.9257586534963187,0.9265246010013591,0.8539364160572911,0.9762703028294331,0.9790774603922692,21983,1139,2105,19110,44337,0.47849425987324357,1.1102230246251565e-16
NSL-KDD__imbalanced__top10__SVM__seed46,NSL-KDD,46,top10,imbalanced,SVM,ML,10,93105,93105,10346,100000.0,,200,3.1444602012634277,2.3950388431549072,0.25084567070007324,5.539499044418335,2026-09-02T03:47:45.989860+00:00,gpu1.nitsri.ac.in,0.9296524347610348,0.9291187123041593,0.935,0.9167098750883809,0.9257646078781387,0.9299633555678294,0.9291187123041593,0.9294589558175923,0.8590816526483203,0.9809823393615963,0.9788364216346604,21770,1352,1767,19448,44337,0.47849425987324357,0.0
NSL-KDD__imbalanced__top10__SimpleRNN__seed42,NSL-KDD,42,top10,imbalanced,SimpleRNN,DL,10,93105,93105,10346,,200.0,200,25.560379028320312,0.16873621940612793,0.25843071937561035,25.72911524772644,2026-09-02T02:42:13.076070+00:00,gpu1.nitsri.ac.in,0.958409454857117,0.9580680130477603,0.9624695602349234,0.9501296252651426,0.9562597846197638,0.9586221443989014,0.9580680130477603,0.9583087554967423,0.9166899899628178,0.9922197941615494,0.9925354845307026,22336,786,1058,20157,44337,0.47849425987324357,1.1102230246251565e-16
NSL-KDD__imbalanced__top10__SimpleRNN__seed43,NSL-KDD,43,top10,imbalanced,SimpleRNN,DL,10,93105,93105,10346,,200.0,200,25.652647495269775,0.166367769241333,0.25190210342407227,25.81901526451111,2026-09-02T02:59:24.101022+00:00,gpu1.nitsri.ac.in,0.9594920720842637,0.959047671449292,0.9660187185025197,0.9487155314635871,0.9572889417360285,0.9598623930356187,0.959047671449292,0.9593840041555914,0.9189097033117016,0.9930246968181952,0.9932038651223998,22414,708,1088,20127,44337,0.47849425987324357,0.0
NSL-KDD__imbalanced__top10__SimpleRNN__seed44,NSL-KDD,44,top10,imbalanced,SimpleRNN,DL,10,93105,93105,10346,,200.0,200,25.925116062164307,0.16741108894348145,0.2542400360107422,26.092527151107788,2026-09-02T03:16:04.248321+00:00,gpu1.nitsri.ac.in,0.960439362158017,0.9600064362612091,0.9668025905492924,0.9499410794249352,0.9582976699952449,0.9607978558058909,0.9600064362612091,0.9603347448101252,0.9208039519595348,0.9926049627667427,0.9929111957239529,22430,692,1062,20153,44337,0.47849425987324357,0.0
NSL-KDD__imbalanced__top10__SimpleRNN__seed45,NSL-KDD,45,top10,imbalanced,SimpleRNN,DL,10,93105,93105,10346,,200.0,200,25.75433588027954,0.16740822792053223,0.25415778160095215,25.921744108200073,2026-09-02T03:32:32.795363+00:00,gpu1.nitsri.ac.in,0.9563795475562171,0.9556261448383425,0.9697412658967988,0.9381098279519208,0.9536633283818103,0.9573028156980424,0.9556261448383425,0.956229141606961,0.9129274208615231,0.9917385270718561,0.9920543765744527,22501,621,1313,19902,44337,0.47849425987324357,1.1102230246251565e-16
NSL-KDD__imbalanced__top10__SimpleRNN__seed46,NSL-KDD,46,top10,imbalanced,SimpleRNN,DL,10,93105,93105,10346,,200.0,200,25.742348432540894,0.1670081615447998,0.25084567070007324,25.909356594085693,2026-09-02T03:49:46.667782+00:00,gpu1.nitsri.ac.in,0.958206464127027,0.9578461799621607,0.9626744408334926,0.9494697148244167,0.9560264837798714,0.9584439559909999,0.9578461799621607,0.9581034965369756,0.9162899409624015,0.992213925038269,0.9924932904757539,22341,781,1072,20143,44337,0.47849425987324357,1.1102230246251565e-16
NSL-KDD__imbalanced__top20__CNN__seed42,NSL-KDD,42,top20,imbalanced,CNN,DL,20,93105,93105,10346,,148.0,200,42.078035831451416,0.14205145835876465,0.2602803707122803,42.22008728981018,2026-09-02T02:40:00.500227+00:00,gpu1.nitsri.ac.in,0.984347159257505,0.9842306768901263,0.9857041420118343,0.9815225076596747,0.9836088804912613,0.9844081626826361,0.9842306768901263,0.9843153393693842,0.9686388233122092,0.9990691099561185,0.9990106294375946,22820,302,392,20823,44337,0.47849425987324357,1.1102230246251565e-16
NSL-KDD__imbalanced__top20__CNN__seed43,NSL-KDD,43,top20,imbalanced,CNN,DL,20,93105,93105,10346,,127.0,200,36.2438588142395,0.1447157859802246,0.2559962272644043,36.38857460021973,2026-09-02T02:57:11.637804+00:00,gpu1.nitsri.ac.in,0.988903173421747,0.9888281798972111,0.9896970556264474,0.9870846099457931,0.9883891065275877,0.988937750351838,0.9888281798972111,0.9888813783177896,0.977765924109704,0.9994298174254168,0.999394161254935,22904,218,274,20941,44337,0.47849425987324357,0.0
NSL-KDD__imbalanced__top20__CNN__seed44,NSL-KDD,44,top20,imbalanced,CNN,DL,20,93105,93105,10346,,91.0,200,26.57448983192444,0.1411287784576416,0.25653505325317383,26.71561861038208,2026-09-02T03:13:50.123731+00:00,gpu1.nitsri.ac.in,0.9881363195525182,0.9879355013318873,0.9918691455470496,0.9832665566815932,0.9875491170761729,0.9883185082407865,0.9879355013318873,0.9881098734342697,0.9762539344414598,0.9992356746147452,0.9992243067432152,22951,171,355,20860,44337,0.47849425987324357,0.0
NSL-KDD__imbalanced__top20__CNN__seed45,NSL-KDD,45,top20,imbalanced,CNN,DL,20,93105,93105,10346,,145.0,200,43.25416111946106,0.1425013542175293,0.2604832649230957,43.39666247367859,2026-09-02T03:30:19.925268+00:00,gpu1.nitsri.ac.in,0.9897602453932381,0.989706278410537,0.990131734265074,0.9884515672872968,0.9892909373968014,0.9897761184495765,0.989706278410537,0.9897405421642607,0.979482394370211,0.9994524122249576,0.9994448180502082,22913,209,245,20970,44337,0.47849425987324357,1.1102230246251565e-16
NSL-KDD__imbalanced__top20__CNN__seed46,NSL-KDD,46,top20,imbalanced,CNN,DL,20,93105,93105,10346,,74.0,200,22.189078330993652,0.1419389247894287,0.2534799575805664,22.33101725578308,2026-09-02T03:47:34.101958+00:00,gpu1.nitsri.ac.in,0.9866026118140605,0.9864864221329104,0.9881634392310971,0.9837850577421635,0.985969387755102,0.9866730359491116,0.9864864221329104,0.986575267488842,0.9731594401894164,0.9990915426871285,0.999033313159307,22872,250,344,20871,44337,0.47849425987324357,0.0
NSL-KDD__imbalanced__top20__DT__seed42,NSL-KDD,42,top20,imbalanced,DT,ML,20,93105,93105,10346,,,200,0.3116154670715332,0.0022649765014648438,0.2602803707122803,0.31388044357299805,2026-09-02T02:37:09.632651+00:00,gpu1.nitsri.ac.in,0.9937523964183413,0.9937417889099991,0.9934483408748115,0.9934951685128447,0.9934717541420188,0.993739870450381,0.9937417889099991,0.9937408291718679,0.9874816593585164,0.9937417889099991,0.9900986513542733,22983,139,138,21077,44337,0.47849425987324357,0.0
NSL-KDD__imbalanced__top20__DT__seed43,NSL-KDD,43,top20,imbalanced,DT,ML,20,93105,93105,10346,,,200,0.31650424003601074,0.002115011215209961,0.2559962272644043,0.3186192512512207,2026-09-02T02:54:28.226748+00:00,gpu1.nitsri.ac.in,0.9943388140830458,0.9943098554199885,0.9945272692960936,0.9936365778930002,0.9940817240810167,0.9943467339090986,0.9943098554199885,0.9943281110299815,0.9886565886412736,0.994356755402687,0.9912921814233361,23006,116,135,21080,44337,0.47849425987324357,0.0
NSL-KDD__imbalanced__top20__DT__seed44,NSL-KDD,44,top20,imbalanced,DT,ML,20,93105,93105,10346,,,200,0.3626523017883301,0.0022716522216796875,0.25653505325317383,0.36492395401000977,2026-09-02T03:11:12.277599+00:00,gpu1.nitsri.ac.in,0.9942485959807835,0.9942058634845187,0.9947597016334624,0.9932123497525336,0.9939854234969455,0.994270371222691,0.9942058634845187,0.9942375634026422,0.9884762326023294,0.9942288802738196,0.9912798051035351,23011,111,144,21071,44337,0.47849425987324357,1.1102230246251565e-16
NSL-KDD__imbalanced__top20__DT__seed45,NSL-KDD,45,top20,imbalanced,DT,ML,20,93105,93105,10346,,,200,0.3259141445159912,0.0021593570709228516,0.2604832649230957,0.32807350158691406,2026-09-02T03:27:25.502956+00:00,gpu1.nitsri.ac.in,0.9945418048131358,0.9945491827332473,0.9938774549051006,0.9947207164741928,0.9942989068978515,0.9945149047378689,0.9945491827332473,0.9945318789237667,0.9890640868771299,0.9945957178069261,0.9912051876272212,22992,130,112,21103,44337,0.47849425987324357,1.1102230246251565e-16
NSL-KDD__imbalanced__top20__DT__seed46,NSL-KDD,46,top20,imbalanced,DT,ML,20,93105,93105,10346,,,200,0.34536266326904297,0.0023691654205322266,0.2534799575805664,0.3477318286895752,2026-09-02T03:45:02.824593+00:00,gpu1.nitsri.ac.in,0.9936621783160792,0.9936825044452136,0.9926110692771084,0.9941550789535706,0.9933824741539693,0.9936202732586763,0.9936825044452136,0.9936508354410105,0.9873027757426271,0.9938695172598195,0.9897999321221714,22965,157,124,21091,44337,0.47849425987324357,0.0
NSL-KDD__imbalanced__top20__GNB__seed42,NSL-KDD,42,top20,imbalanced,GNB,ML,20,93105,93105,10346,,,200,0.010869503021240234,0.0016660690307617188,0.2602803707122803,0.012535572052001953,2026-09-02T02:37:10.195781+00:00,gpu1.nitsri.ac.in,0.9036470667839502,0.9030913868974789,0.9067556537187305,0.8901720480791893,0.8983873269587556,0.9038244453195949,0.9030913868974789,0.9033882079981632,0.8069154992363963,0.9556037437055996,0.9346203100120444,21180,1942,2330,18885,44337,0.47849425987324357,1.1102230246251565e-16
NSL-KDD__imbalanced__top20__GNB__seed43,NSL-KDD,43,top20,imbalanced,GNB,ML,20,93105,93105,10346,,,200,0.01112508773803711,0.0017421245574951172,0.2559962272644043,0.012867212295532227,2026-09-02T02:54:28.815072+00:00,gpu1.nitsri.ac.in,0.9059701829172023,0.9050154695941801,0.9175485008818343,0.8828187603111006,0.8998486559204363,0.9068202274524113,0.9050154695941801,0.9056175708875036,0.8118336910033966,0.946411453103799,0.9334099156477679,21439,1683,2486,18729,44337,0.47849425987324357,0.0
NSL-KDD__imbalanced__top20__GNB__seed44,NSL-KDD,44,top20,imbalanced,GNB,ML,20,93105,93105,10346,,,200,0.011153936386108398,0.0018565654754638672,0.25653505325317383,0.013010501861572266,2026-09-02T03:11:12.883332+00:00,gpu1.nitsri.ac.in,0.9084737352549789,0.907145592358748,0.9284323028517205,0.8762667923638935,0.9015956156942626,0.9102349060528241,0.907145592358748,0.9080243868166903,0.8173746603146257,0.947891095981408,0.9362106753544897,21689,1433,2625,18590,44337,0.47849425987324357,0.0
NSL-KDD__imbalanced__top20__GNB__seed45,NSL-KDD,45,top20,imbalanced,GNB,ML,20,93105,93105,10346,,,200,0.011323690414428711,0.0019376277923583984,0.2604832649230957,0.01326131820678711,2026-09-02T03:27:26.153298+00:00,gpu1.nitsri.ac.in,0.9095789070076911,0.9085783994694916,0.9225857156891639,0.8853169926938487,0.9035672191085561,0.9105609674404784,0.9085783994694916,0.9092261266982877,0.8191369676958224,0.9477538738812862,0.9349892238079445,21546,1576,2433,18782,44337,0.47849425987324357,1.1102230246251565e-16
NSL-KDD__imbalanced__top20__GNB__seed46,NSL-KDD,46,top20,imbalanced,GNB,ML,20,93105,93105,10346,,,200,0.010977983474731445,0.0017583370208740234,0.2534799575805664,0.012736320495605469,2026-09-02T03:45:03.410104+00:00,gpu1.nitsri.ac.in,0.8932043214470984,0.8919266019959544,0.9098686828491842,0.8622201272684421,0.8854038093855127,0.8946240207874444,0.8919266019959544,0.8927071839663283,0.7865459974679269,0.9491933482263781,0.9272093792389228,21310,1812,2923,18292,44337,0.47849425987324357,0.0
NSL-KDD__imbalanced__top20__GRU__seed42,NSL-KDD,42,top20,imbalanced,GRU,DL,20,93105,93105,10346,,188.0,200,37.48416566848755,0.32892346382141113,0.2602803707122803,37.81308913230896,2026-09-02T02:37:57.494162+00:00,gpu1.nitsri.ac.in,0.9831743239280962,0.9829254330027754,0.9875660997570387,0.9771388168748527,0.982324787944842,0.9833958315113472,0.9829254330027754,0.9831353646188874,0.9663211500207455,0.9987225207963996,0.9986647937782034,22861,261,485,20730,44337,0.47849425987324357,1.1102230246251565e-16
NSL-KDD__imbalanced__top20__GRU__seed43,NSL-KDD,43,top20,imbalanced,GRU,DL,20,93105,93105,10346,,200.0,200,39.193031787872314,0.31873226165771484,0.2559962272644043,39.51176404953003,2026-09-02T02:55:17.027056+00:00,gpu1.nitsri.ac.in,0.9860613032004871,0.9860024243413642,0.9862140597705491,0.9846335140230968,0.9854231531276536,0.9860678175860864,0.9860024243413642,0.9860345377981066,0.9720702397278789,0.999024209837935,0.9989878124646494,22830,292,326,20889,44337,0.47849425987324357,0.0
NSL-KDD__imbalanced__top20__GRU__seed44,NSL-KDD,44,top20,imbalanced,GRU,DL,20,93105,93105,10346,,200.0,200,39.67758584022522,0.32221436500549316,0.25653505325317383,39.99980020523071,2026-09-02T03:12:02.227485+00:00,gpu1.nitsri.ac.in,0.9857004307914383,0.985557299553386,0.9878170182507703,0.9822295545604525,0.9850153627983929,0.9857981915967731,0.985557299553386,0.9856704801223437,0.971355461280056,0.9989108637961184,0.9988900124873115,22865,257,377,20838,44337,0.47849425987324357,1.1102230246251565e-16
NSL-KDD__imbalanced__top20__GRU__seed45,NSL-KDD,45,top20,imbalanced,GRU,DL,20,93105,93105,10346,,200.0,200,39.21342897415161,0.3211541175842285,0.2604832649230957,39.53458309173584,2026-09-02T03:28:14.354885+00:00,gpu1.nitsri.ac.in,0.9859485305726594,0.985937065874212,0.9849740932642487,0.9856705161442376,0.985322181646837,0.9859089534136192,0.985937065874212,0.9859228961836902,0.9718460188812285,0.9989731582506655,0.9989544224996977,22803,319,304,20911,44337,0.47849425987324357,1.1102230246251565e-16
NSL-KDD__imbalanced__top20__GRU__seed46,NSL-KDD,46,top20,imbalanced,GRU,DL,20,93105,93105,10346,,200.0,200,39.48145914077759,0.32835841178894043,0.2534799575805664,39.80981755256653,2026-09-02T03:45:52.347561+00:00,gpu1.nitsri.ac.in,0.9863545120328394,0.9863126989378477,0.9861307670534956,0.9853405609238746,0.9857355056232758,0.9863451276816377,0.9863126989378477,0.986328767489228,0.9726578260788928,0.9987063812170279,0.9986303266238002,22828,294,311,20904,44337,0.47849425987324357,0.0
NSL-KDD__imbalanced__top20__KNN__seed42,NSL-KDD,42,top20,imbalanced,KNN,ML,20,93105,93105,10346,,,200,0.0031807422637939453,0.9429914951324463,0.2602803707122803,0.9461722373962402,2026-09-02T02:37:11.891955+00:00,gpu1.nitsri.ac.in,0.986422175609536,0.9864086730678776,0.985537287416969,0.9860947442847042,0.9858159370434947,0.9863861253181773,0.9864086730678776,0.9863973265421662,0.9727947981247453,0.995043624261704,0.9925366027874724,22815,307,295,20920,44337,0.47849425987324357,1.1102230246251565e-16
NSL-KDD__imbalanced__top20__KNN__seed43,NSL-KDD,43,top20,imbalanced,KNN,ML,20,93105,93105,10346,,,200,0.0031337738037109375,0.7109241485595703,0.2559962272644043,0.7140579223632812,2026-09-02T02:54:30.275966+00:00,gpu1.nitsri.ac.in,0.9896474727654104,0.9896506389587512,0.9886524154816838,0.9897242517086967,0.989188043247827,0.9896073887443486,0.9896506389587512,0.9896287460998011,0.9792580267479983,0.9956624702061468,0.9932628326859415,22881,241,218,20997,44337,0.47849425987324357,0.0
NSL-KDD__imbalanced__top20__KNN__seed44,NSL-KDD,44,top20,imbalanced,KNN,ML,20,93105,93105,10346,,,200,0.0032618045806884766,1.026787281036377,0.25653505325317383,1.0300490856170654,2026-09-02T03:11:14.664571+00:00,gpu1.nitsri.ac.in,0.9902113359045492,0.9901426545557372,0.9909748145348013,0.9885458402074004,0.9897588371324744,0.9902444625880186,0.9901426545557372,0.9901921885679652,0.9803871118576422,0.9959465814375104,0.9942540409842373,22931,191,243,20972,44337,0.47849425987324357,0.0
NSL-KDD__imbalanced__top20__KNN__seed45,NSL-KDD,45,top20,imbalanced,KNN,ML,20,93105,93105,10346,,,200,0.0033016204833984375,0.7538561820983887,0.2604832649230957,0.7571578025817871,2026-09-02T03:27:27.658020+00:00,gpu1.nitsri.ac.in,0.9894444820353204,0.9893996488270529,0.9895700599367596,0.988357294367193,0.988963305348552,0.9894497958228813,0.9893996488270529,0.9894243801434786,0.9788494433654051,0.995900378655285,0.9939286514025458,22901,221,247,20968,44337,0.47849425987324357,1.1102230246251565e-16
NSL-KDD__imbalanced__top20__KNN__seed46,NSL-KDD,46,top20,imbalanced,KNN,ML,20,93105,93105,10346,,,200,0.0032672882080078125,0.730278730392456,0.2534799575805664,0.7335460186004639,2026-09-02T03:45:04.892338+00:00,gpu1.nitsri.ac.in,0.9891738277285337,0.9891790317650855,0.988089073019161,0.98930002356823,0.9886941775014132,0.9891302656401659,0.9891790317650855,0.9891543067177324,0.9783092961898204,0.9959478993910361,0.9937397678842198,22869,253,227,20988,44337,0.47849425987324357,0.0
NSL-KDD__imbalanced__top20__LSTM__seed42,NSL-KDD,42,top20,imbalanced,LSTM,DL,20,93105,93105,10346,,200.0,200,36.62175393104553,0.28651976585388184,0.2602803707122803,36.908273696899414,2026-09-02T02:38:34.875813+00:00,gpu1.nitsri.ac.in,0.983896068746194,0.9836349088929204,0.9886542403584878,0.9775630450153193,0.9830773606370876,0.9841387640148603,0.9836349088929204,0.9838582879085787,0.967773541745915,0.9987970865908512,0.9987525702907923,22884,238,476,20739,44337,0.47849425987324357,1.1102230246251565e-16
NSL-KDD__imbalanced__top20__LSTM__seed43,NSL-KDD,43,top20,imbalanced,LSTM,DL,20,93105,93105,10346,,184.0,200,33.808095932006836,0.2837717533111572,0.2559962272644043,34.09186768531799,2026-09-02T02:55:51.600720+00:00,gpu1.nitsri.ac.in,0.9857004307914383,0.9856350516763156,0.985974025974026,0.9841150129625266,0.9850436423684832,0.9857121662552972,0.9856350516763156,0.9856728020847687,0.9713472148705764,0.9989595536677505,0.9989219059827829,22825,297,337,20878,44337,0.47849425987324357,1.1102230246251565e-16
NSL-KDD__imbalanced__top20__LSTM__seed44,NSL-KDD,44,top20,imbalanced,LSTM,DL,20,93105,93105,10346,,200.0,200,36.96690797805786,0.2853233814239502,0.25653505325317383,37.25223135948181,2026-09-02T03:12:39.952256+00:00,gpu1.nitsri.ac.in,0.986828157069716,0.986749317676195,0.9875230398412024,0.984916332783408,0.9862179638457544,0.986858422155479,0.986749317676195,0.9868022864585144,0.9736077337184381,0.9989505512195372,0.9989474295451032,22858,264,320,20895,44337,0.47849425987324357,1.1102230246251565e-16
NSL-KDD__imbalanced__top20__LSTM__seed45,NSL-KDD,45,top20,imbalanced,LSTM,DL,20,93105,93105,10346,,200.0,200,37.294243812561035,0.2876930236816406,0.2604832649230957,37.581936836242676,2026-09-02T03:28:52.420622+00:00,gpu1.nitsri.ac.in,0.9857004307914383,0.9856078384332903,0.9866174871140114,0.9834551025218006,0.9850337566687125,0.9857408263513137,0.9856078384332903,0.9856720001170476,0.9713486556808767,0.9990228541703484,0.9989967802467391,22839,283,351,20864,44337,0.47849425987324357,1.1102230246251565e-16
NSL-KDD__imbalanced__top20__LSTM__seed46,NSL-KDD,46,top20,imbalanced,LSTM,DL,20,93105,93105,10346,,200.0,200,36.59842371940613,0.2839851379394531,0.2534799575805664,36.88240885734558,2026-09-02T03:46:29.709834+00:00,gpu1.nitsri.ac.in,0.9855876581636105,0.985517210526186,0.9859707132735003,0.9838793306622673,0.9849239117612363,0.9856041678768761,0.985517210526186,0.9855596680800608,0.9711213745098408,0.9987752960181719,0.9986999782028901,22825,297,342,20873,44337,0.47849425987324357,0.0
NSL-KDD__imbalanced__top20__MLP__seed42,NSL-KDD,42,top20,imbalanced,MLP,DL,20,93105,93105,10346,,200.0,200,16.171849012374878,0.0801699161529541,0.2602803707122803,16.252018928527832,2026-09-02T02:38:51.629044+00:00,gpu1.nitsri.ac.in,0.9835577508627106,0.9834057888392189,0.9856804172593646,0.97987273155786,0.9827679943269118,0.9836562279009862,0.9834057888392189,0.9835231418506392,0.9670619843122307,0.9987348563521375,0.998702264755982,22820,302,427,20788,44337,0.47849425987324357,1.1102230246251565e-16
NSL-KDD__imbalanced__top20__MLP__seed43,NSL-KDD,43,top20,imbalanced,MLP,DL,20,93105,93105,10346,,200.0,200,16.0569965839386,0.07838225364685059,0.2559962272644043,16.13537883758545,2026-09-02T02:56:08.230139+00:00,gpu1.nitsri.ac.in,0.9851816767034306,0.9850793757642067,0.9862806320370896,0.982700919160971,0.984487521545109,0.9852304923192474,0.9850793757642067,0.9851519449654691,0.9703098563159692,0.9988696657716747,0.9988196320319515,22832,290,367,20848,44337,0.47849425987324357,0.0
NSL-KDD__imbalanced__top20__MLP__seed44,NSL-KDD,44,top20,imbalanced,MLP,DL,20,93105,93105,10346,,200.0,200,16.30393958091736,0.08108377456665039,0.25653505325317383,16.38502335548401,2026-09-02T03:12:56.800852+00:00,gpu1.nitsri.ac.in,0.9857455398425694,0.9856277616503168,0.9872638606126604,0.9828894650011785,0.985071806500378,0.9858140460885494,0.9856277616503168,0.9857164462170844,0.9714417898778415,0.9988029536755337,0.9987920227931022,22853,269,363,20852,44337,0.47849425987324357,0.0
NSL-KDD__imbalanced__top20__MLP__seed45,NSL-KDD,45,top20,imbalanced,MLP,DL,20,93105,93105,10346,,200.0,200,16.32553005218506,0.09140825271606445,0.2604832649230957,16.416938304901123,2026-09-02T03:29:09.349660+00:00,gpu1.nitsri.ac.in,0.9858357579448316,0.9857103717519811,0.9875432198171743,0.9827951920810747,0.9851634851634852,0.9859133598224694,0.9857103717519811,0.9858066163572572,0.9716237103706881,0.998885517908746,0.998862898816449,22859,263,365,20850,44337,0.47849425987324357,0.0
NSL-KDD__imbalanced__top20__MLP__seed46,NSL-KDD,46,top20,imbalanced,MLP,DL,20,93105,93105,10346,,178.0,200,14.455419778823853,0.08106875419616699,0.2534799575805664,14.53648853302002,2026-09-02T03:46:44.715276+00:00,gpu1.nitsri.ac.in,0.9852944493312583,0.9853060698864377,0.9837214772994589,0.9855762432241338,0.9846479868142218,0.985232196928908,0.9853060698864377,0.9852683272310223,0.970538264003909,0.9985920097604805,0.9985155645866565,22776,346,306,20909,44337,0.47849425987324357,1.1102230246251565e-16
NSL-KDD__imbalanced__top20__RF__seed42,NSL-KDD,42,top20,imbalanced,RF,ML,20,93105,93105,10346,,,200,0.3773620128631592,0.03451871871948242,0.2602803707122803,0.4118807315826416,2026-09-02T02:37:10.128069+00:00,gpu1.nitsri.ac.in,0.9955116494124546,0.9954595950614803,0.996362777515352,0.9942493518736742,0.9953049427863631,0.9955483331181888,0.9954595950614803,0.9955029326258718,0.9910079242067227,0.9998367939313713,0.9998287174801515,23045,77,122,21093,44337,0.47849425987324357,0.0
NSL-KDD__imbalanced__top20__RF__seed43,NSL-KDD,43,top20,imbalanced,RF,ML,20,93105,93105,10346,,,200,0.3802981376647949,0.04577350616455078,0.2559962272644043,0.4260716438293457,2026-09-02T02:54:28.746617+00:00,gpu1.nitsri.ac.in,0.9956920856169791,0.9956364780832483,0.9966455636397997,0.994343624793778,0.9954932634907152,0.9957333381187217,0.9956364780832483,0.9956836848635396,0.9913698114702008,0.9997135138021129,0.9996212911654334,23051,71,120,21095,44337,0.47849425987324357,0.0
NSL-KDD__imbalanced__top20__RF__seed44,NSL-KDD,44,top20,imbalanced,RF,ML,20,93105,93105,10346,,,200,0.4180755615234375,0.03469419479370117,0.25653505325317383,0.45276975631713867,2026-09-02T03:11:12.814276+00:00,gpu1.nitsri.ac.in,0.9956920856169791,0.9956112086432962,0.9972563859981078,0.993730850813104,0.9954904969897297,0.9957614429882766,0.9956112086432962,0.9956834595961408,0.991372640248185,0.9998501620369327,0.9997856088083633,23064,58,133,21082,44337,0.47849425987324357,0.0
NSL-KDD__imbalanced__top20__RF__seed45,NSL-KDD,45,top20,imbalanced,RF,ML,20,93105,93105,10346,,,200,0.460526704788208,0.03506755828857422,0.2604832649230957,0.4955942630767822,2026-09-02T03:27:26.083164+00:00,gpu1.nitsri.ac.in,0.9961206216027246,0.9960628926199353,0.9971648632046496,0.9947207164741928,0.9959412902921327,0.9961659303509224,0.9960628926199353,0.9961130332573502,0.9922288176208951,0.9998348735721736,0.9998298941399806,23062,60,112,21103,44337,0.47849425987324357,1.1102230246251565e-16
NSL-KDD__imbalanced__top20__RF__seed46,NSL-KDD,46,top20,imbalanced,RF,ML,20,93105,93105,10346,,,200,0.3968386650085449,0.03669571876525879,0.2534799575805664,0.4335343837738037,2026-09-02T03:45:03.341827+00:00,gpu1.nitsri.ac.in,0.9957371946681102,0.9957302658170579,0.9955222473604827,0.9955691727551261,0.9955457095048431,0.9957283396311085,0.9957302658170579,0.9957293022147402,0.9914586054462953,0.9997692796469669,0.9996516339297123,23027,95,94,21121,44337,0.47849425987324357,0.0
NSL-KDD__imbalanced__top20__SVM__seed42,NSL-KDD,42,top20,imbalanced,SVM,ML,20,93105,93105,10346,100000.0,,200,2.595641851425171,2.337955951690674,0.2602803707122803,4.933597803115845,2026-09-02T02:37:19.246744+00:00,gpu1.nitsri.ac.in,0.9620407334731714,0.9615145573318244,0.9707413477296828,0.9492811689842093,0.9598913276613998,0.9625653667561982,0.9615145573318244,0.9619314065575639,0.9240793266284445,0.9910251890580378,0.9911635596751717,22515,607,1076,20139,44337,0.47849425987324357,1.1102230246251565e-16
NSL-KDD__imbalanced__top20__SVM__seed43,NSL-KDD,43,top20,imbalanced,SVM,ML,20,93105,93105,10346,100000.0,,200,2.321221351623535,2.2218148708343506,0.2559962272644043,4.543036222457886,2026-09-02T02:54:37.082053+00:00,gpu1.nitsri.ac.in,0.96950628143537,0.9690415652370789,0.9775907670113008,0.9582370963940608,0.9678171863841942,0.9699779508321307,0.9690415652370789,0.9694220511039777,0.9390190491895625,0.99377144235468,0.9930189508977764,22656,466,886,20329,44337,0.47849425987324357,0.0
NSL-KDD__imbalanced__top20__SVM__seed44,NSL-KDD,44,top20,imbalanced,SVM,ML,20,93105,93105,10346,100000.0,,200,2.3607795238494873,2.35831356048584,0.25653505325317383,4.719093084335327,2026-09-02T03:11:21.767558+00:00,gpu1.nitsri.ac.in,0.9669125109953313,0.9664595097869313,0.9744378243321161,0.9559274098515201,0.965093868227568,0.9673464360767914,0.9664595097869313,0.9668224502241448,0.933805524663566,0.993112913064014,0.992007688533445,22590,532,935,20280,44337,0.47849425987324357,0.0
NSL-KDD__imbalanced__top20__SVM__seed45,NSL-KDD,45,top20,imbalanced,SVM,ML,20,93105,93105,10346,100000.0,,200,2.250033140182495,2.209592819213867,0.2604832649230957,4.459625959396362,2026-09-02T03:27:34.381624+00:00,gpu1.nitsri.ac.in,0.9656043485125291,0.9650731144146952,0.9748239606443523,0.9527221305679944,0.9636463324513099,0.9661646812500243,0.9650731144146952,0.965504279120251,0.9312371559148238,0.9933990312949849,0.9925355386023238,22600,522,1003,20212,44337,0.47849425987324357,1.1102230246251565e-16
NSL-KDD__imbalanced__top20__SVM__seed46,NSL-KDD,46,top20,imbalanced,SVM,ML,20,93105,93105,10346,100000.0,,200,2.473520278930664,2.338076114654541,0.2534799575805664,4.811596393585205,2026-09-02T03:45:12.098392+00:00,gpu1.nitsri.ac.in,0.9689649728217967,0.9688938453772031,0.9678788736380359,0.9672401602639642,0.967559411542814,0.9689195543847164,0.9688938453772031,0.9689066027405799,0.937813399409529,0.994419031509853,0.9939189953440911,22441,681,695,20520,44337,0.47849425987324357,0.0
NSL-KDD__imbalanced__top20__SimpleRNN__seed42,NSL-KDD,42,top20,imbalanced,SimpleRNN,DL,20,93105,93105,10346,,200.0,200,25.50184988975525,0.16674327850341797,0.2602803707122803,25.668593168258667,2026-09-02T02:39:17.775247+00:00,gpu1.nitsri.ac.in,0.9853395583823894,0.9851568822360923,0.9883638090714795,0.9809097336790007,0.9846226638277739,0.9854841981531266,0.9851568822360923,0.9853076253368678,0.9706410252010991,0.9990837756292269,0.999034760321996,22877,245,405,20810,44337,0.47849425987324357,0.0
NSL-KDD__imbalanced__top20__SimpleRNN__seed43,NSL-KDD,43,top20,imbalanced,SimpleRNN,DL,20,93105,93105,10346,,200.0,200,25.87322187423706,0.16463875770568848,0.2559962272644043,26.03786063194275,2026-09-02T02:56:34.749683+00:00,gpu1.nitsri.ac.in,0.987843110720166,0.9877904499966291,0.9880098187311178,0.9865661088852227,0.9872874360244346,0.9878501993927692,0.9877904499966291,0.9878198390278845,0.9756406475598363,0.9991782646407055,0.9990958136545552,22868,254,285,20930,44337,0.47849425987324357,0.0
NSL-KDD__imbalanced__top20__SimpleRNN__seed44,NSL-KDD,44,top20,imbalanced,SimpleRNN,DL,20,93105,93105,10346,,200.0,200,25.46291422843933,0.1657726764678955,0.25653505325317383,25.628686904907227,2026-09-02T03:13:22.906150+00:00,gpu1.nitsri.ac.in,0.989061055100706,0.9889523376428545,0.9906741147509941,0.9864246995050672,0.9885448404544274,0.9891336368783619,0.9889523376428545,0.9890387955374543,0.97808595771829,0.9991461546855858,0.9991531674244479,22925,197,288,20927,44337,0.47849425987324357,0.0
NSL-KDD__imbalanced__top20__SimpleRNN__seed45,NSL-KDD,45,top20,imbalanced,SimpleRNN,DL,20,93105,93105,10346,,200.0,200,25.977935552597046,0.16682028770446777,0.2604832649230957,26.144755840301514,2026-09-02T03:29:36.023706+00:00,gpu1.nitsri.ac.in,0.9885423010126982,0.9884996832936273,0.9885339498891144,0.9875088380862598,0.9880211280890399,0.9885419490199114,0.9884996832936273,0.9885205713933289,0.9770416313993546,0.9992494218995113,0.99919449345499,22879,243,265,20950,44337,0.47849425987324357,0.0
NSL-KDD__imbalanced__top20__SimpleRNN__seed46,NSL-KDD,46,top20,imbalanced,SimpleRNN,DL,20,93105,93105,10346,,200.0,200,25.891674041748047,0.1651444435119629,0.2534799575805664,26.05681848526001,2026-09-02T03:47:11.253505+00:00,gpu1.nitsri.ac.in,0.987843110720166,0.9878196070427279,0.9873196945413406,0.9872731557860005,0.9872964246152396,0.9878215044950789,0.9878196070427279,0.987820555263615,0.9756411115359616,0.9989993491368565,0.9989372110923009,22853,269,270,20945,44337,0.47849425987324357,0.0
UNSW-NB15__balanced__all__CNN__seed42,UNSW-NB15,42,all,balanced,CNN,DL,183,107700,107700,10758,,93.0,200,123.22710108757019,0.30974745750427246,2.1829051971435547,123.53684854507446,2026-09-02T01:01:59.506859+00:00,gpu1.nitsri.ac.in,0.9071704333492387,0.9059482219503452,0.8956866197183099,0.895073795327925,0.8953801026643853,0.9060045071465507,0.9059482219503452,0.9059762779900227,0.8119527271460291,0.9758154588375245,0.9706718672040447,23511,2133,2147,18315,46106,0.44380340953455083,0.0
UNSW-NB15__balanced__all__CNN__seed43,UNSW-NB15,43,all,balanced,CNN,DL,185,107700,107700,10758,,134.0,200,187.86758685112,0.31775999069213867,2.1077990531921387,188.18534684181213,2026-09-02T01:25:46.710531+00:00,gpu1.nitsri.ac.in,0.9045460460677569,0.9044333595549422,0.8840323274831429,0.9034307496823379,0.8936262780073961,0.9028020339539151,0.9044333595549422,0.9035294394816775,0.8072337451507978,0.975187418602517,0.9700129614931313,23219,2425,1976,18486,46106,0.44380340953455083,1.1102230246251565e-16
UNSW-NB15__balanced__all__CNN__seed44,UNSW-NB15,44,all,balanced,CNN,DL,184,107700,107700,10758,,63.0,200,87.50745558738708,0.31641197204589844,1.9524595737457275,87.82386755943298,2026-09-02T01:46:51.171182+00:00,gpu1.nitsri.ac.in,0.9054786795644818,0.9050347478625135,0.8876372039283651,0.9010849379337308,0.8943105204442936,0.9038722847620037,0.9050347478625135,0.9044113314685669,0.8089061973485812,0.9754388976901552,0.96998080300962,23310,2334,2024,18438,46106,0.44380340953455083,1.1102230246251565e-16
UNSW-NB15__balanced__all__CNN__seed45,UNSW-NB15,45,all,balanced,CNN,DL,183,107700,107700,10758,,104.0,200,144.5647132396698,0.3064420223236084,1.8084776401519775,144.8711552619934,2026-09-02T02:09:06.201606+00:00,gpu1.nitsri.ac.in,0.903613412571032,0.9038369090481565,0.880438913167395,0.9058254325090411,0.8929517753047165,0.9017625235590307,0.9038369090481565,0.9026477287506265,0.805596761873994,0.9751905249766123,0.9701878574708307,23127,2517,1927,18535,46106,0.44380340953455083,0.0
UNSW-NB15__balanced__all__CNN__seed46,UNSW-NB15,46,all,balanced,CNN,DL,184,107700,107700,10758,,39.0,200,54.672037839889526,0.3177509307861328,1.9733343124389648,54.98978877067566,2026-09-02T02:28:49.786694+00:00,gpu1.nitsri.ac.in,0.9025940224699606,0.9012663520866395,0.8908904009006804,0.8894536213468869,0.8901714313663154,0.9013979986744318,0.9012663520866395,0.9013316968604536,0.802664339965261,0.9733296029782527,0.9672644715502586,23415,2229,2262,18200,46106,0.44380340953455083,1.1102230246251565e-16
UNSW-NB15__balanced__all__DT__seed42,UNSW-NB15,42,all,balanced,DT,ML,183,107700,107700,10758,,,200,2.1265296936035156,0.006012916564941406,2.1829051971435547,2.132542610168457,2026-09-02T00:57:03.627076+00:00,gpu1.nitsri.ac.in,0.892812215329892,0.8919544030478233,0.8754233188195453,0.8843221581468087,0.8798502382573179,0.8911831171861526,0.8919544030478233,0.8915500212429894,0.7831371404271034,0.8919544030478233,0.8254944592125869,23069,2575,2367,18095,46106,0.44380340953455083,0.0
UNSW-NB15__balanced__all__DT__seed43,UNSW-NB15,43,all,balanced,DT,ML,185,107700,107700,10758,,,200,2.1366655826568604,0.006777048110961914,2.1077990531921387,2.1434426307678223,2026-09-02T01:19:30.472515+00:00,gpu1.nitsri.ac.in,0.890664989372316,0.8896389784985703,0.8740600591859506,0.880510214055322,0.877273280584297,0.8890756891858047,0.8896389784985703,0.8893474758906388,0.7787144639544953,0.8896389784985703,0.8226487842178305,23048,2596,2445,18017,46106,0.44380340953455083,0.0
UNSW-NB15__balanced__all__DT__seed44,UNSW-NB15,44,all,balanced,DT,ML,184,107700,107700,10758,,,200,1.9871759414672852,0.006503105163574219,1.9524595737457275,1.9936790466308594,2026-09-02T01:42:10.259748+00:00,gpu1.nitsri.ac.in,0.8909903266386153,0.8902573394243574,0.8723106608779546,0.8837357052096569,0.8779860167022723,0.8892803304389774,0.8902573394243574,0.8897378143095838,0.7795370576113748,0.8902573394243575,0.8224905674879655,22997,2647,2379,18083,46106,0.44380340953455083,0.0
UNSW-NB15__balanced__all__DT__seed45,UNSW-NB15,45,all,balanced,DT,ML,183,107700,107700,10758,,,200,2.005556344985962,0.0058705806732177734,1.8084776401519775,2.0114269256591797,2026-09-02T02:03:55.168429+00:00,gpu1.nitsri.ac.in,0.8904047195592765,0.8894346324441358,0.8733343024664437,0.8808034405238979,0.8770529696586291,0.8887854126490607,0.8894346324441358,0.8890967898397816,0.7782197742916295,0.8894346324441359,0.8221356978402641,23030,2614,2439,18023,46106,0.44380340953455083,1.1102230246251565e-16
UNSW-NB15__balanced__all__DT__seed46,UNSW-NB15,46,all,balanced,DT,ML,184,107700,107700,10758,,,200,2.0117571353912354,0.00628972053527832,1.9733343124389648,2.0180468559265137,2026-09-02T02:24:48.232480+00:00,gpu1.nitsri.ac.in,0.8944605908124756,0.8933374751400502,0.8793908728228083,0.8833447365848891,0.8813633703920422,0.8929867639004461,0.8933374751400502,0.8931584411925833,0.7863241608295156,0.8933374751400504,0.8285773025525965,23165,2479,2387,18075,46106,0.44380340953455083,0.0
UNSW-NB15__balanced__all__GNB__seed42,UNSW-NB15,42,all,balanced,GNB,ML,183,107700,107700,10758,,,200,0.07212519645690918,0.022609710693359375,2.1829051971435547,0.09473490715026855,2026-09-02T00:57:05.175650+00:00,gpu1.nitsri.ac.in,0.5922222704203357,0.5406170571634275,0.9964136282127914,0.08146808718600332,0.1506211881635419,0.7867086033171176,0.5406170571634275,0.44116529676596117,0.21582640922906368,0.5418206751676272,0.4901737113764194,25638,6,18795,1667,46106,0.44380340953455083,0.0
UNSW-NB15__balanced__all__GNB__seed43,UNSW-NB15,43,all,balanced,GNB,ML,185,107700,107700,10758,,,200,0.07327842712402344,0.02390766143798828,2.1077990531921387,0.09718608856201172,2026-09-02T01:19:31.899079+00:00,gpu1.nitsri.ac.in,0.5875591029367111,0.5353436650649668,0.9986206896551724,0.07076532108298308,0.1321650237312888,0.7864162208576829,0.5353436650649668,0.4308335787219744,0.20122623068742812,0.5384955999487795,0.48656323877876945,25642,2,19014,1448,46106,0.44380340953455083,2.7755575615628914e-17
UNSW-NB15__balanced__all__GNB__seed44,UNSW-NB15,44,all,balanced,GNB,ML,184,107700,107700,10758,,,200,0.07358527183532715,0.020236730575561523,1.9524595737457275,0.09382200241088867,2026-09-02T01:42:11.748301+00:00,gpu1.nitsri.ac.in,0.5905738949377521,0.5387500805942089,0.997489014438167,0.07765614309451667,0.1440943096803446,0.7867502583479672,0.5387500805942089,0.43751318103855596,0.21082310709591534,0.5393363277102551,0.48744623668536075,25640,4,18873,1589,46106,0.44380340953455083,2.7755575615628914e-17
UNSW-NB15__balanced__all__GNB__seed45,UNSW-NB15,45,all,balanced,GNB,ML,183,107700,107700,10758,,,200,0.07216334342956543,0.02394556999206543,1.8084776401519775,0.09610891342163086,2026-09-02T02:03:56.667484+00:00,gpu1.nitsri.ac.in,0.5811608033661563,0.5281499944481662,0.9956933677863911,0.056494966278956116,0.10692318364704251,0.7830730717005157,0.5281499944481662,0.41667682365850967,0.1785329705885709,0.5292005082302448,0.4761419347995239,25639,5,19306,1156,46106,0.44380340953455083,0.0
UNSW-NB15__balanced__all__GNB__seed46,UNSW-NB15,46,all,balanced,GNB,ML,184,107700,107700,10758,,,200,0.07378935813903809,0.023838281631469727,1.9733343124389648,0.09762763977050781,2026-09-02T02:24:49.754265+00:00,gpu1.nitsri.ac.in,0.5828742463019997,0.5300655886306006,0.9983792544570502,0.060209168214250805,0.11356932153392331,0.7849134639195574,0.5300655886306006,0.4204184460071908,0.18510635863227282,0.5328754507425042,0.48031093833560135,25642,2,19230,1232,46106,0.44380340953455083,0.0
UNSW-NB15__balanced__all__GRU__seed42,UNSW-NB15,42,all,balanced,GRU,DL,183,107700,107700,10758,,163.0,200,37.70963096618652,0.34423041343688965,2.1829051971435547,38.05386137962341,2026-09-02T00:58:54.910916+00:00,gpu1.nitsri.ac.in,0.9010757818938967,0.900903883967757,0.8803157139440325,0.8993744502003714,0.8897430318853192,0.8993063034622348,0.900903883967757,0.9000195147626026,0.8002085926827275,0.9734261435584527,0.9673677846879726,23142,2502,2059,18403,46106,0.44380340953455083,1.1102230246251565e-16
UNSW-NB15__balanced__all__GRU__seed43,UNSW-NB15,43,all,balanced,GRU,DL,185,107700,107700,10758,,129.0,200,30.314645290374756,0.3493959903717041,2.1077990531921387,30.66404128074646,2026-09-02T01:21:13.959369+00:00,gpu1.nitsri.ac.in,0.8972151130004772,0.8976949899986951,0.8710179810278919,0.9019646173394585,0.8862212191784111,0.8952553484222013,0.8976949899986951,0.8962464257320825,0.7929465854335918,0.9716796390373481,0.9653665179635686,22911,2733,2006,18456,46106,0.44380340953455083,1.1102230246251565e-16
UNSW-NB15__balanced__all__GRU__seed44,UNSW-NB15,44,all,balanced,GRU,DL,184,107700,107700,10758,,162.0,200,37.73786640167236,0.35123395919799805,1.9524595737457275,38.08910036087036,2026-09-02T01:44:06.805680+00:00,gpu1.nitsri.ac.in,0.9036351017221186,0.9020738607028065,0.8939938019577943,0.8881829733163914,0.8910789144664264,0.9026162515627509,0.9020738607028065,0.9023372635769249,0.8046899294697993,0.9737437826970647,0.9681136891050207,23489,2155,2288,18174,46106,0.44380340953455083,1.1102230246251565e-16
UNSW-NB15__balanced__all__GRU__seed45,UNSW-NB15,45,all,balanced,GRU,DL,183,107700,107700,10758,,102.0,200,24.406864643096924,0.34924769401550293,1.8084776401519775,24.756112337112427,2026-09-02T02:05:33.823649+00:00,gpu1.nitsri.ac.in,0.894785928078775,0.8964988034704366,0.8596838855352288,0.9117388329586551,0.8849465170884425,0.8928413281394645,0.8964988034704366,0.8940107518008298,0.7893316579512943,0.9712953881847799,0.9651908887171741,22599,3045,1806,18656,46106,0.44380340953455083,0.0
UNSW-NB15__balanced__all__GRU__seed46,UNSW-NB15,46,all,balanced,GRU,DL,184,107700,107700,10758,,137.0,200,32.125659227371216,0.3443894386291504,1.9733343124389648,32.470048666000366,2026-09-02T02:26:35.163925+00:00,gpu1.nitsri.ac.in,0.9007070663254241,0.9002070251591603,0.8823048040820256,0.8957579904212687,0.8889805024735667,0.8990515019936418,0.9002070251591603,0.8995867672443163,0.7992576918570634,0.9730889571320527,0.9671747913875918,23199,2445,2133,18329,46106,0.44380340953455083,1.1102230246251565e-16
UNSW-NB15__balanced__all__KNN__seed42,UNSW-NB15,42,all,balanced,KNN,ML,183,107700,107700,10758,,,200,0.0059850215911865234,3.283318042755127,2.1829051971435547,3.2893030643463135,2026-09-02T00:57:11.774199+00:00,gpu1.nitsri.ac.in,0.8686288118683034,0.8686195152315317,0.8407209423340745,0.8685367999218063,0.8544025384005193,0.8664893613020155,0.8686195152315317,0.8673624989724436,0.7351057902116201,0.930938461265558,0.8807812076283394,22277,3367,2690,17772,46106,0.44380340953455083,1.1102230246251565e-16
UNSW-NB15__balanced__all__KNN__seed43,UNSW-NB15,43,all,balanced,KNN,ML,185,107700,107700,10758,,,200,0.005777597427368164,3.19693922996521,2.1077990531921387,3.202716827392578,2026-09-02T01:19:38.296542+00:00,gpu1.nitsri.ac.in,0.8680432047889646,0.8676437364269557,0.8425943576057949,0.8640895318150719,0.8532065820585822,0.865947286278417,0.8676437364269557,0.8666812959932434,0.7335890611580901,0.9281970842208225,0.8780262120643225,22341,3303,2781,17681,46106,0.44380340953455083,1.1102230246251565e-16
UNSW-NB15__balanced__all__KNN__seed44,UNSW-NB15,44,all,balanced,KNN,ML,184,107700,107700,10758,,,200,0.005961894989013672,3.125506639480591,1.9524595737457275,3.1314685344696045,2026-09-02T01:42:18.039396+00:00,gpu1.nitsri.ac.in,0.8700169175378476,0.8697933034685384,0.8437633642195296,0.8678037337503666,0.8556147155901415,0.867913364803991,0.8697933034685384,0.8687106217729822,0.7377042728928532,0.9308687431775068,0.8825192155654249,22356,3288,2705,17757,46106,0.44380340953455083,1.1102230246251565e-16
UNSW-NB15__balanced__all__KNN__seed45,UNSW-NB15,45,all,balanced,KNN,ML,183,107700,107700,10758,,,200,0.005678415298461914,3.1860318183898926,1.8084776401519775,3.1917102336883545,2026-09-02T02:04:03.034473+00:00,gpu1.nitsri.ac.in,0.8684336095085239,0.8682662747588878,0.8415259062440691,0.8667774411103509,0.8539650440560451,0.8663082987073322,0.8682662747588878,0.8671293428828988,0.7345719640122815,0.9302780642375599,0.8816045982786176,22304,3340,2726,17736,46106,0.44380340953455083,1.1102230246251565e-16
UNSW-NB15__balanced__all__KNN__seed46,UNSW-NB15,46,all,balanced,KNN,ML,184,107700,107700,10758,,,200,0.005751371383666992,3.1438112258911133,1.9733343124389648,3.1495625972747803,2026-09-02T02:24:56.171206+00:00,gpu1.nitsri.ac.in,0.8708844835813127,0.8707015958194593,0.8445172626679964,0.869074381780862,0.8566198607866278,0.8687834427037135,0.8707015958194593,0.869593736836018,0.7394825507665769,0.9303762066014574,0.8806197660703046,22370,3274,2679,17783,46106,0.44380340953455083,1.1102230246251565e-16
UNSW-NB15__balanced__all__LSTM__seed42,UNSW-NB15,42,all,balanced,LSTM,DL,183,107700,107700,10758,,114.0,200,24.162537097930908,0.2974879741668701,2.1829051971435547,24.46002507209778,2026-09-02T00:59:19.753801+00:00,gpu1.nitsri.ac.in,0.9005118639656444,0.8999327894990865,0.882659210336017,0.8947805688593491,0.8886785584273753,0.8988858879421283,0.8999327894990865,0.8993748625649924,0.7988179914261204,0.9727274790508037,0.9666649850260512,23210,2434,2153,18309,46106,0.44380340953455083,0.0
UNSW-NB15__balanced__all__LSTM__seed43,UNSW-NB15,43,all,balanced,LSTM,DL,185,107700,107700,10758,,177.0,200,37.24046492576599,0.30010366439819336,2.1077990531921387,37.540568590164185,2026-09-02T01:21:51.877144+00:00,gpu1.nitsri.ac.in,0.9006203097210775,0.9002080390186809,0.8815473330129745,0.8965399276708044,0.8889804225625121,0.8989291061016802,0.9002080390186809,0.8995157315011226,0.7991361217225229,0.9728783430626495,0.9671594043887658,23179,2465,2117,18345,46106,0.44380340953455083,1.1102230246251565e-16
UNSW-NB15__balanced__all__LSTM__seed44,UNSW-NB15,44,all,balanced,LSTM,DL,184,107700,107700,10758,,127.0,200,27.047894716262817,0.2990415096282959,1.9524595737457275,27.346936225891113,2026-09-02T01:44:34.542933+00:00,gpu1.nitsri.ac.in,0.903266386153646,0.902374437652907,0.8883603533637511,0.8944384713126772,0.8913890512370933,0.9018338780620512,0.902374437652907,0.9020955579169747,0.8042081340426859,0.9735806513661697,0.967774935925544,23344,2300,2160,18302,46106,0.44380340953455083,0.0
UNSW-NB15__balanced__all__LSTM__seed45,UNSW-NB15,45,all,balanced,LSTM,DL,183,107700,107700,10758,,113.0,200,24.48720407485962,0.30124998092651367,1.8084776401519775,24.788454055786133,2026-09-02T02:05:58.994724+00:00,gpu1.nitsri.ac.in,0.8956968724244133,0.8972782060711708,0.861618075128217,0.9113478643338873,0.885785536159601,0.8937326364685765,0.8972782060711708,0.8949054609171286,0.7910028962978795,0.971828980354162,0.9655402222663668,22649,2995,1814,18648,46106,0.44380340953455083,1.1102230246251565e-16
UNSW-NB15__balanced__all__LSTM__seed46,UNSW-NB15,46,all,balanced,LSTM,DL,184,107700,107700,10758,,142.0,200,29.86438822746277,0.2968442440032959,1.9733343124389648,30.161232471466064,2026-09-02T02:27:05.702596+00:00,gpu1.nitsri.ac.in,0.9010324035917234,0.9008599506904467,0.880267878497967,0.8993255791222754,0.8896946841685401,0.8992625452566816,0.9008599506904467,0.8999756732869448,0.8001209013746251,0.9729706109491554,0.9670094805252771,23141,2503,2060,18402,46106,0.44380340953455083,1.1102230246251565e-16
UNSW-NB15__balanced__all__MLP__seed42,UNSW-NB15,42,all,balanced,MLP,DL,183,107700,107700,10758,,200.0,200,19.991832733154297,0.09846639633178711,2.1829051971435547,20.090299129486084,2026-09-02T00:59:40.222902+00:00,gpu1.nitsri.ac.in,0.9015312540667159,0.9018762457608285,0.8770841227737779,0.9049457531033135,0.8907971328233992,0.8996327231457111,0.9018762457608285,0.9005705716251757,0.801505828951917,0.9737770742609106,0.9681545344415753,23049,2595,1945,18517,46106,0.44380340953455083,0.0
UNSW-NB15__balanced__all__MLP__seed43,UNSW-NB15,43,all,balanced,MLP,DL,185,107700,107700,10758,,191.0,200,19.17204475402832,0.09646797180175781,2.1077990531921387,19.268512725830078,2026-09-02T01:22:11.526726+00:00,gpu1.nitsri.ac.in,0.8961306554461458,0.8982557591299078,0.8584694204290746,0.9171635226273092,0.8868463955768731,0.8942790492535144,0.8982557591299078,0.8954266454422279,0.792524831332058,0.9726024103313293,0.966877673468489,22550,3094,1695,18767,46106,0.44380340953455083,1.1102230246251565e-16
UNSW-NB15__balanced__all__MLP__seed44,UNSW-NB15,44,all,balanced,MLP,DL,184,107700,107700,10758,,191.0,200,18.881850242614746,0.09858417510986328,1.9524595737457275,18.98043441772461,2026-09-02T01:44:53.895729+00:00,gpu1.nitsri.ac.in,0.9030928729449529,0.9028998722552251,0.8828880589868812,0.9011826800899227,0.8919415691206346,0.901356797138167,0.9028998722552251,0.902049740206747,0.8042551890929489,0.9738157953092941,0.9678971800492192,23198,2446,2022,18440,46106,0.44380340953455083,0.0
UNSW-NB15__balanced__all__MLP__seed45,UNSW-NB15,45,all,balanced,MLP,DL,183,107700,107700,10758,,200.0,200,20.087382793426514,0.10095715522766113,1.8084776401519775,20.188339948654175,2026-09-02T02:06:19.560508+00:00,gpu1.nitsri.ac.in,0.8988201101808875,0.8994933442866753,0.8715367609012653,0.9054833349623693,0.888185805709355,0.8968502011935795,0.8994933442866753,0.8978965510295998,0.7963391590413296,0.9725254475309328,0.966426819209028,22913,2731,1934,18528,46106,0.44380340953455083,0.0
UNSW-NB15__balanced__all__MLP__seed46,UNSW-NB15,46,all,balanced,MLP,DL,184,107700,107700,10758,,169.0,200,16.951046466827393,0.09821343421936035,1.9733343124389648,17.049259901046753,2026-09-02T02:27:23.124694+00:00,gpu1.nitsri.ac.in,0.9004034182102113,0.8998155496046321,0.8825940212150434,0.8945850845469651,0.8885490995582739,0.8987794674395015,0.8998155496046321,0.8992637675795683,0.7985943449470871,0.9727661648427942,0.9668446594938258,23209,2435,2157,18305,46106,0.44380340953455083,0.0
UNSW-NB15__balanced__all__RF__seed42,UNSW-NB15,42,all,balanced,RF,ML,183,107700,107700,10758,,,200,1.1938347816467285,0.07021856307983398,2.1829051971435547,1.2640533447265625,2026-09-02T00:57:05.001079+00:00,gpu1.nitsri.ac.in,0.9122023164013361,0.9117308364275487,0.8959760687059731,0.9075359202424006,0.9017189472661941,0.9107145906965641,0.9117308364275487,0.911191866232658,0.8224447992673908,0.9784481833017153,0.9730984733164794,23488,2156,1892,18570,46106,0.44380340953455083,0.0
UNSW-NB15__balanced__all__RF__seed43,UNSW-NB15,43,all,balanced,RF,ML,185,107700,107700,10758,,,200,1.0476107597351074,0.07783961296081543,2.1077990531921387,1.1254503726959229,2026-09-02T01:19:31.720064+00:00,gpu1.nitsri.ac.in,0.9096863748752874,0.9094197207812584,0.8913649025069638,0.9070472094614407,0.89913768045732,0.9080697317470747,0.9094197207812584,0.9086875961193293,0.8174883378524012,0.9774223871098298,0.9720710387274577,23382,2262,1902,18560,46106,0.44380340953455083,1.1102230246251565e-16
UNSW-NB15__balanced__all__RF__seed44,UNSW-NB15,44,all,balanced,RF,ML,184,107700,107700,10758,,,200,1.0944843292236328,0.058965206146240234,1.9524595737457275,1.153449535369873,2026-09-02T01:42:11.582317+00:00,gpu1.nitsri.ac.in,0.9125059645165489,0.9120976229781488,0.895855421686747,0.9084644707262243,0.9021158885761429,0.9109936518435313,0.9120976229781488,0.9115089246802284,0.8230905344707302,0.978349856079973,0.973192675426869,23483,2161,1873,18589,46106,0.44380340953455083,1.1102230246251565e-16
UNSW-NB15__balanced__all__RF__seed45,UNSW-NB15,45,all,balanced,RF,ML,183,107700,107700,10758,,,200,1.1130766868591309,0.0812065601348877,1.8084776401519775,1.1942832469940186,2026-09-02T02:03:56.494726+00:00,gpu1.nitsri.ac.in,0.9111178588470047,0.9106868203034318,0.8943512627723154,0.9068517251490568,0.9005581169619025,0.9095938031662665,0.9106868203034318,0.9101041633787984,0.8202798952512337,0.9780775109248698,0.9728151176827978,23452,2192,1906,18556,46106,0.44380340953455083,1.1102230246251565e-16
UNSW-NB15__balanced__all__RF__seed46,UNSW-NB15,46,all,balanced,RF,ML,184,107700,107700,10758,,,200,1.1526966094970703,0.06356072425842285,1.9733343124389648,1.2162573337554932,2026-09-02T02:24:49.580338+00:00,gpu1.nitsri.ac.in,0.9135904220708801,0.9130231318834106,0.8984042553191489,0.9079757599452644,0.9031646492635264,0.9121731022525108,0.9130231318834106,0.9125770377705922,0.8251957963306242,0.978685745642832,0.9735639161770333,23543,2101,1883,18579,46106,0.44380340953455083,0.0
UNSW-NB15__balanced__all__SVM__seed42,UNSW-NB15,42,all,balanced,SVM,ML,183,107700,100000,10758,100000.0,,200,34.07677245140076,14.140442609786987,2.1829051971435547,48.217215061187744,2026-09-02T00:58:14.425967+00:00,gpu1.nitsri.ac.in,0.847698781069709,0.8592353973089057,0.7592192562876099,0.9618805590851334,0.8486181175354632,0.8602854779109241,0.8592353973089057,0.8476931638609102,0.7195201089669693,0.9498654623662129,0.9348122933502779,19402,6242,780,19682,46106,0.44380340953455083,0.0
UNSW-NB15__balanced__all__SVM__seed43,UNSW-NB15,43,all,balanced,SVM,ML,185,107700,100000,10758,100000.0,,200,33.80008792877197,14.22169041633606,2.1077990531921387,48.02177834510803,2026-09-02T01:20:40.820950+00:00,gpu1.nitsri.ac.in,0.8450743937882271,0.8573995778624368,0.7536276040674867,0.9670608933633076,0.847107172670648,0.8598356167347359,0.8573995778624368,0.8450470029049061,0.7172310576679295,0.9486661218200849,0.9338992255338232,19175,6469,674,19788,46106,0.44380340953455083,0.0
UNSW-NB15__balanced__all__SVM__seed44,UNSW-NB15,44,all,balanced,SVM,ML,184,107700,100000,10758,100000.0,,200,36.048429012298584,15.920971393585205,1.9524595737457275,51.96940040588379,2026-09-02T01:43:26.254828+00:00,gpu1.nitsri.ac.in,0.8485446579620873,0.8609191778480507,0.756654861190449,0.9710194506890822,0.8505383018342929,0.8633881450608868,0.8609191778480507,0.8485177055763098,0.7243031148769234,0.9503191073291659,0.9358059807662469,19254,6390,593,19869,46106,0.44380340953455083,1.1102230246251565e-16
UNSW-NB15__balanced__all__SVM__seed45,UNSW-NB15,45,all,balanced,SVM,ML,183,107700,100000,10758,100000.0,,200,34.948140144348145,14.249953746795654,1.8084776401519775,49.1980938911438,2026-09-02T02:05:06.583840+00:00,gpu1.nitsri.ac.in,0.8464624994577712,0.8589980169670077,0.7540915131953674,0.9705307399081223,0.8487296194200483,0.8617961485859493,0.8589980169670077,0.8464280046896564,0.7207887343421974,0.9494921953094103,0.933989927581868,19168,6476,603,19859,46106,0.44380340953455083,1.1102230246251565e-16
UNSW-NB15__balanced__all__SVM__seed46,UNSW-NB15,46,all,balanced,SVM,ML,184,107700,100000,10758,100000.0,,200,32.704731464385986,15.491511344909668,1.9733343124389648,48.196242809295654,2026-09-02T02:26:00.271793+00:00,gpu1.nitsri.ac.in,0.8474168221055828,0.858690596465143,0.7600216894535032,0.9589971654774704,0.8479937771439684,0.859332577856342,0.858690596465143,0.8474146238705842,0.7180228873250455,0.9488480238452441,0.9339482396375494,19448,6196,839,19623,46106,0.44380340953455083,1.1102230246251565e-16
UNSW-NB15__balanced__all__SimpleRNN__seed42,UNSW-NB15,42,all,balanced,SimpleRNN,DL,183,107700,107700,10758,,93.0,200,14.76754379272461,0.18079471588134766,2.1829051971435547,14.948338508605957,2026-09-02T00:59:55.559771+00:00,gpu1.nitsri.ac.in,0.9019650370884483,0.902221760319005,0.8782385878333492,0.9045059134004496,0.8911787365177196,0.9000892523698545,0.902221760319005,0.9009923203466331,0.8023081786269352,0.9737079002647636,0.9678551389023483,23078,2566,1954,18508,46106,0.44380340953455083,0.0
UNSW-NB15__balanced__all__SimpleRNN__seed43,UNSW-NB15,43,all,balanced,SimpleRNN,DL,185,107700,107700,10758,,169.0,200,25.99887490272522,0.1790447235107422,2.1077990531921387,26.177919626235962,2026-09-02T01:22:38.104970+00:00,gpu1.nitsri.ac.in,0.8991671365982735,0.9006101696269306,0.8665677592841579,0.9134493206920145,0.889391163664914,0.8971955232822957,0.9006101696269306,0.8983732686063355,0.7977983854513068,0.9736024131365945,0.9680698012807396,22766,2878,1771,18691,46106,0.44380340953455083,0.0
UNSW-NB15__balanced__all__SimpleRNN__seed44,UNSW-NB15,44,all,balanced,SimpleRNN,DL,184,107700,107700,10758,,184.0,200,28.466318368911743,0.18193292617797852,1.9524595737457275,28.64825129508972,2026-09-02T01:45:22.927477+00:00,gpu1.nitsri.ac.in,0.9039170606862448,0.9037099155201935,0.8839816056715846,0.9018668751832666,0.8928346799554889,0.9021969066804216,0.9037099155201935,0.9028784006374134,0.8059054019385556,0.9748136636734634,0.9693174593208451,23222,2422,2008,18454,46106,0.44380340953455083,0.0
UNSW-NB15__balanced__all__SimpleRNN__seed45,UNSW-NB15,45,all,balanced,SimpleRNN,DL,183,107700,107700,10758,,132.0,200,20.74576735496521,0.18903422355651855,1.8084776401519775,20.93480157852173,2026-09-02T02:06:40.892512+00:00,gpu1.nitsri.ac.in,0.9017047672754088,0.9025408211478472,0.8737681839511966,0.9099794741471997,0.8915062721440199,0.8997410043808249,0.9025408211478472,0.9008284731061098,0.8022769400896986,0.9740186215273234,0.9685676863749003,22954,2690,1842,18620,46106,0.44380340953455083,1.1102230246251565e-16
UNSW-NB15__balanced__all__SimpleRNN__seed46,UNSW-NB15,46,all,balanced,SimpleRNN,DL,184,107700,107700,10758,,200.0,200,30.69430685043335,0.18140125274658203,1.9733343124389648,30.87570810317993,2026-09-02T02:27:54.386208+00:00,gpu1.nitsri.ac.in,0.902507265865614,0.9011142941218055,0.8912904964956134,0.8887205551754471,0.8900036706227823,0.9013508079101029,0.9011142941218055,0.9012310210476562,0.8024650671775746,0.9741480124900174,0.9686222701297571,23426,2218,2277,18185,46106,0.44380340953455083,0.0
UNSW-NB15__balanced__top10__CNN__seed42,UNSW-NB15,42,top10,balanced,CNN,DL,10,107700,107700,10758,,82.0,200,20.627481698989868,0.13445091247558594,1.5630147457122803,20.761932611465454,2026-09-02T01:07:52.010141+00:00,gpu1.nitsri.ac.in,0.8932459983516245,0.8939985210762565,0.8644465290806754,0.900693969308963,0.8821980757263893,0.8912323825908501,0.8939985210762565,0.8922987205917292,0.7852260315041398,0.9684075903866052,0.9596880952464917,22754,2890,2032,18430,46106,0.44380340953455083,1.1102230246251565e-16
UNSW-NB15__balanced__top10__CNN__seed43,UNSW-NB15,43,top10,balanced,CNN,DL,10,107700,107700,10758,,61.0,200,15.466190099716187,0.1339118480682373,1.6552178859710693,15.600101947784424,2026-09-02T01:31:36.174861+00:00,gpu1.nitsri.ac.in,0.8918362035309938,0.8938224220628272,0.8544921427589682,0.9114944775681751,0.8820733524084278,0.8899504661239135,0.8938224220628272,0.8910897579501025,0.7837633241060673,0.9671057452125897,0.9578081206482729,22468,3176,1811,18651,46106,0.44380340953455083,0.0
UNSW-NB15__balanced__top10__CNN__seed44,UNSW-NB15,44,top10,balanced,CNN,DL,10,107700,107700,10758,,129.0,200,33.577796459198,0.1328263282775879,1.0505828857421875,33.710622787475586,2026-09-02T01:53:07.775087+00:00,gpu1.nitsri.ac.in,0.8933544441070577,0.8941552633769959,0.864239186466095,0.9012804222461147,0.8823712351379154,0.891339522978273,0.8941552633769959,0.8924164997176951,0.7854897395875496,0.9687145496967332,0.9604491688705276,22747,2897,2020,18442,46106,0.44380340953455083,1.1102230246251565e-16
UNSW-NB15__balanced__top10__CNN__seed45,UNSW-NB15,45,top10,balanced,CNN,DL,10,107700,107700,10758,,61.0,200,15.512250185012817,0.13147544860839844,1.3051671981811523,15.643725633621216,2026-09-02T02:14:47.444991+00:00,gpu1.nitsri.ac.in,0.888279182752787,0.891103759664006,0.8450755014649538,0.9162349721434855,0.8792177644382958,0.8867114892885573,0.891103759664006,0.8876468122100689,0.7778028474260602,0.967199842620035,0.9584326585789985,22207,3437,1714,18748,46106,0.44380340953455083,0.0
UNSW-NB15__balanced__top10__CNN__seed46,UNSW-NB15,46,top10,balanced,CNN,DL,10,107700,107700,10758,,110.0,200,28.457826852798462,0.13216829299926758,1.5109107494354248,28.58999514579773,2026-09-02T02:34:53.499006+00:00,gpu1.nitsri.ac.in,0.8932026200494513,0.8945323104908649,0.8604435371624757,0.906363014368097,0.8828065498857578,0.8912025440781424,0.8945323104908649,0.8923555420557963,0.7857277991392538,0.9686038360465052,0.9602717174929458,22636,3008,1916,18546,46106,0.44380340953455083,0.0
UNSW-NB15__balanced__top10__DT__seed42,UNSW-NB15,42,top10,balanced,DT,ML,10,107700,107700,10758,,,200,0.5335888862609863,0.004371166229248047,1.5630147457122803,0.5379600524902344,2026-09-02T01:05:02.316136+00:00,gpu1.nitsri.ac.in,0.8840281091398082,0.8831344503046541,0.8650789816917057,0.8751832665428599,0.8701017904428735,0.8822737951166657,0.8831344503046541,0.8826796440705817,0.7654077615438654,0.8885460789089762,0.8202145579738117,22851,2793,2554,17908,46106,0.44380340953455083,1.1102230246251565e-16
UNSW-NB15__balanced__top10__DT__seed43,UNSW-NB15,43,top10,balanced,DT,ML,10,107700,107700,10758,,,200,0.5292329788208008,0.0042226314544677734,1.6552178859710693,0.5334556102752686,2026-09-02T01:28:56.125630+00:00,gpu1.nitsri.ac.in,0.8804493992105149,0.8793889788073022,0.8619504164245594,0.8699540611865898,0.8659337451962835,0.8787044452673595,0.8793889788073022,0.8790312978202639,0.7580931150189119,0.8845518049512354,0.8151084515058638,22793,2851,2661,17801,46106,0.44380340953455083,0.0
UNSW-NB15__balanced__top10__DT__seed44,UNSW-NB15,44,top10,balanced,DT,ML,10,107700,107700,10758,,,200,0.545107364654541,0.004252195358276367,1.0505828857421875,0.5493595600128174,2026-09-02T01:50:03.868955+00:00,gpu1.nitsri.ac.in,0.8837678393267687,0.8825301423865836,0.8672372708262414,0.8715179356856613,0.8693723339427178,0.8821563952690499,0.8825301423865836,0.8823388912958945,0.76468644631957,0.8885189000413943,0.8215854720881642,22914,2730,2629,17833,46106,0.44380340953455083,1.1102230246251565e-16
UNSW-NB15__balanced__top10__DT__seed45,UNSW-NB15,45,top10,balanced,DT,ML,10,107700,107700,10758,,,200,0.5429508686065674,0.00442051887512207,1.3051671981811523,0.5473713874816895,2026-09-02T02:12:17.260667+00:00,gpu1.nitsri.ac.in,0.881837504880059,0.8807800302788764,0.8636055410248958,0.8713713224513733,0.8674710518633842,0.8801138467104055,0.8807800302788764,0.8804324576787178,0.7608935853581851,0.8858405966839231,0.8168746455763941,22828,2816,2632,17830,46106,0.44380340953455083,0.0
UNSW-NB15__balanced__top10__DT__seed46,UNSW-NB15,46,top10,balanced,DT,ML,10,107700,107700,10758,,,200,0.5429718494415283,0.004467010498046875,1.5109107494354248,0.5474388599395752,2026-09-02T02:32:02.740524+00:00,gpu1.nitsri.ac.in,0.8859801327376047,0.8849188735529805,0.8686418076904427,0.8754764930114358,0.8720457587927467,0.8843267901223473,0.8849188735529805,0.8846116876581529,0.7692454358138933,0.889852720858205,0.8229229870481696,22935,2709,2548,17914,46106,0.44380340953455083,0.0
UNSW-NB15__balanced__top10__GNB__seed42,UNSW-NB15,42,top10,balanced,GNB,ML,10,107700,107700,10758,,,200,0.01332235336303711,0.0012879371643066406,1.5630147457122803,0.01461029052734375,2026-09-02T01:05:03.482389+00:00,gpu1.nitsri.ac.in,0.8196330195636142,0.8325684239687916,0.7279996996546028,0.9476590753592025,0.8234319928659392,0.8364959977471781,0.8325684239687916,0.8195494849287802,0.6690528937014923,0.8379383661762072,0.7263797687394331,18399,7245,1071,19391,46106,0.44380340953455083,0.0
UNSW-NB15__balanced__top10__GNB__seed43,UNSW-NB15,43,top10,balanced,GNB,ML,10,107700,107700,10758,,,200,0.013656377792358398,0.0012445449829101562,1.6552178859710693,0.014900922775268555,2026-09-02T01:28:57.343598+00:00,gpu1.nitsri.ac.in,0.8160326204832343,0.8288873973465329,0.7250018781458943,0.9432606783305639,0.8198538781751763,0.8327072622098801,0.8288873973465329,0.8159498073733531,0.6615836320420811,0.8358706520920319,0.7251888659627748,18323,7321,1161,19301,46106,0.44380340953455083,0.0
UNSW-NB15__balanced__top10__GNB__seed44,UNSW-NB15,44,top10,balanced,GNB,ML,10,107700,107700,10758,,,200,0.013413429260253906,0.0012290477752685547,1.0505828857421875,0.014642477035522461,2026-09-02T01:50:05.082259+00:00,gpu1.nitsri.ac.in,0.8201101808875201,0.8329430584019217,0.7287906137184116,0.9471214935001466,0.8237344327793599,0.83667162130012,0.8329430584019217,0.8200340971195617,0.6696042988894128,0.8380230367864366,0.7267180976443997,18432,7212,1082,19380,46106,0.44380340953455083,0.0
UNSW-NB15__balanced__top10__GNB__seed45,UNSW-NB15,45,top10,balanced,GNB,ML,10,107700,107700,10758,,,200,0.013675689697265625,0.0012483596801757812,1.3051671981811523,0.014924049377441406,2026-09-02T02:12:18.487860+00:00,gpu1.nitsri.ac.in,0.8184834945560231,0.8315844218487428,0.7263843648208469,0.9481477861401623,0.8225816709418923,0.8358425922676178,0.8315844218487428,0.8183865926699426,0.6674134304589356,0.8387900386655529,0.7286508465542015,18336,7308,1061,19401,46106,0.44380340953455083,0.0
UNSW-NB15__balanced__top10__GNB__seed46,UNSW-NB15,46,top10,balanced,GNB,ML,10,107700,107700,10758,,,200,0.013373374938964844,0.0012307167053222656,1.5109107494354248,0.01460409164428711,2026-09-02T02:32:03.978743+00:00,gpu1.nitsri.ac.in,0.819069101635362,0.8320466693716133,0.7273409363745498,0.9475124621249145,0.8229551339190967,0.8360612136885602,0.8320466693716133,0.8189818912598987,0.6680958216012685,0.8379862310177865,0.7265945877701879,18376,7268,1074,19388,46106,0.44380340953455083,0.0
UNSW-NB15__balanced__top10__GRU__seed42,UNSW-NB15,42,top10,balanced,GRU,DL,10,107700,107700,10758,,200.0,200,44.00232267379761,0.3170740604400635,1.5630147457122803,44.31939673423767,2026-09-02T01:06:04.700725+00:00,gpu1.nitsri.ac.in,0.8882574936017005,0.8899436299442631,0.8523752531762107,0.9049457531033135,0.877874176267008,0.8863016451263712,0.8899436299442631,0.8874438646097365,0.7762367312979148,0.9658316592073286,0.9559081648346212,22437,3207,1945,18517,46106,0.44380340953455083,0.0
UNSW-NB15__balanced__top10__GRU__seed43,UNSW-NB15,43,top10,balanced,GRU,DL,10,107700,107700,10758,,175.0,200,38.549031257629395,0.3256070613861084,1.6552178859710693,38.8746383190155,2026-09-02T01:29:53.318871+00:00,gpu1.nitsri.ac.in,0.8861319567952111,0.8879834735866954,0.8488670764150078,0.9044570423223536,0.8757808063600228,0.8842138212884783,0.8879834735866954,0.8853357463368945,0.7721880936236238,0.9643365623082004,0.9531071929675948,22349,3295,1955,18507,46106,0.44380340953455083,1.1102230246251565e-16
UNSW-NB15__balanced__top10__GRU__seed44,UNSW-NB15,44,top10,balanced,GRU,DL,10,107700,107700,10758,,200.0,200,43.38700723648071,0.323807954788208,1.0505828857421875,43.71081519126892,2026-09-02T01:51:05.838717+00:00,gpu1.nitsri.ac.in,0.8887997223788661,0.889354632829555,0.8606029252692471,0.8942918580783892,0.8771240263630917,0.8867680729473877,0.889354632829555,0.8877865660367363,0.7761183956913394,0.96526836686182,0.954926144614866,22680,2964,2163,18299,46106,0.44380340953455083,0.0
UNSW-NB15__balanced__top10__GRU__seed45,UNSW-NB15,45,top10,balanced,GRU,DL,10,107700,107700,10758,,158.0,200,34.65353441238403,0.3210127353668213,1.3051671981811523,34.974547147750854,2026-09-02T02:13:09.726007+00:00,gpu1.nitsri.ac.in,0.8792564959007504,0.8844246627746963,0.8212760450368837,0.9304075847913205,0.8724423160644319,0.8795802253537744,0.8844246627746963,0.8789109395801169,0.7639895290580048,0.9639645740103044,0.9535106677062459,21501,4143,1424,19038,46106,0.44380340953455083,0.0
UNSW-NB15__balanced__top10__GRU__seed46,UNSW-NB15,46,top10,balanced,GRU,DL,10,107700,107700,10758,,200.0,200,43.66358518600464,0.3173062801361084,1.5109107494354248,43.98089146614075,2026-09-02T02:33:04.687456+00:00,gpu1.nitsri.ac.in,0.8892551945516852,0.8901146691888442,0.8590534979423868,0.897761704623204,0.8779811690484156,0.8872162562926076,0.8901146691888442,0.888301627688247,0.7773255218455992,0.964830162293296,0.9544028903217191,22630,3014,2092,18370,46106,0.44380340953455083,1.1102230246251565e-16
UNSW-NB15__balanced__top10__KNN__seed42,UNSW-NB15,42,top10,balanced,KNN,ML,10,107700,107700,10758,,,200,0.10189628601074219,0.6974351406097412,1.5630147457122803,0.7993314266204834,2026-09-02T01:05:05.099020+00:00,gpu1.nitsri.ac.in,0.8758729883312367,0.8763464588044254,0.8460346527679955,0.8805590851334181,0.8629516990349386,0.8737610081124028,0.8763464588044254,0.8747596978515624,0.7501030111718654,0.9293012687148366,0.8770399100050563,22365,3279,2444,18018,46106,0.44380340953455083,0.0
UNSW-NB15__balanced__top10__KNN__seed43,UNSW-NB15,43,top10,balanced,KNN,ML,10,107700,107700,10758,,,200,0.10177397727966309,0.9080893993377686,1.6552178859710693,1.0098633766174316,2026-09-02T01:28:59.234968+00:00,gpu1.nitsri.ac.in,0.8729015746323688,0.8731123593729202,0.8442893520701689,0.874987782230476,0.8593645003359892,0.8707792141876949,0.8731123593729202,0.8717129560875894,0.7438879147076073,0.9284884421005639,0.8750313858027429,22342,3302,2558,17904,46106,0.44380340953455083,1.1102230246251565e-16
UNSW-NB15__balanced__top10__KNN__seed44,UNSW-NB15,44,top10,balanced,KNN,ML,10,107700,107700,10758,,,200,0.10291075706481934,0.316497802734375,1.0505828857421875,0.41940855979919434,2026-09-02T01:50:05.896911+00:00,gpu1.nitsri.ac.in,0.8717520496247777,0.8718074002018052,0.8439642536290132,0.872299872935197,0.8578981519309797,0.8696320847421422,0.8718074002018052,0.870521376908159,0.741436293849038,0.9270860237772773,0.874129939916213,22344,3300,2613,17849,46106,0.44380340953455083,1.1102230246251565e-16
UNSW-NB15__balanced__top10__KNN__seed45,UNSW-NB15,45,top10,balanced,KNN,ML,10,107700,107700,10758,,,200,0.10217928886413574,0.4733126163482666,1.3051671981811523,0.5754919052124023,2026-09-02T02:12:19.580924+00:00,gpu1.nitsri.ac.in,0.8716002255671713,0.872056064495248,0.8411692942942943,0.8761118170266836,0.858285057691387,0.8694634081377094,0.872056064495248,0.8704566174296976,0.7415149401238459,0.9282745148830842,0.875018028069109,22259,3385,2535,17927,46106,0.44380340953455083,0.0
UNSW-NB15__balanced__top10__KNN__seed46,UNSW-NB15,46,top10,balanced,KNN,ML,10,107700,107700,10758,,,200,0.10218429565429688,0.47041773796081543,1.5109107494354248,0.5726020336151123,2026-09-02T02:32:05.066749+00:00,gpu1.nitsri.ac.in,0.8756994751225438,0.8760571562771146,0.8465954543315609,0.8792395660248266,0.86260877903771,0.873589418978293,0.8760571562771146,0.8745606916238472,0.749642513512131,0.9286919553418207,0.8748719600180687,22384,3260,2471,17991,46106,0.44380340953455083,1.1102230246251565e-16
UNSW-NB15__balanced__top10__LSTM__seed42,UNSW-NB15,42,top10,balanced,LSTM,DL,10,107700,107700,10758,,194.0,200,39.19366693496704,0.28972291946411133,1.5630147457122803,39.48338985443115,2026-09-02T01:06:44.753206+00:00,gpu1.nitsri.ac.in,0.8879972237886609,0.889694843682758,0.8520018407731247,0.9047991398690255,0.877607129313614,0.8860435853028734,0.889694843682758,0.8871842123977106,0.7757298360365797,0.9652511302970939,0.9545881008526134,22428,3216,1948,18514,46106,0.44380340953455083,1.1102230246251565e-16
UNSW-NB15__balanced__top10__LSTM__seed43,UNSW-NB15,43,top10,balanced,LSTM,DL,10,107700,107700,10758,,200.0,200,39.803688287734985,0.2926828861236572,1.6552178859710693,40.09637117385864,2026-09-02T01:30:33.976342+00:00,gpu1.nitsri.ac.in,0.8851776341473995,0.8865478504112329,0.8509161576901721,0.8987391261851236,0.8741740742501307,0.8831620063375332,0.8865478504112329,0.8842927493592989,0.7697024097897281,0.9641331643648778,0.9533928045696074,22422,3222,2072,18390,46106,0.44380340953455083,0.0
UNSW-NB15__balanced__top10__LSTM__seed44,UNSW-NB15,44,top10,balanced,LSTM,DL,10,107700,107700,10758,,200.0,200,40.40261888504028,0.2928791046142578,1.0505828857421875,40.69549798965454,2026-09-02T01:51:47.101020+00:00,gpu1.nitsri.ac.in,0.8887129657745196,0.8897457329511402,0.857249382485902,0.8989346104975076,0.8775972709272645,0.886675727796158,0.8897457329511402,0.8877875603637178,0.7764153912547824,0.964986755945459,0.9542599707949588,22581,3063,2068,18394,46106,0.44380340953455083,0.0
UNSW-NB15__balanced__top10__LSTM__seed45,UNSW-NB15,45,top10,balanced,LSTM,DL,10,107700,107700,10758,,200.0,200,40.1515998840332,0.2914729118347168,1.3051671981811523,40.44307279586792,2026-09-02T02:13:50.726020+00:00,gpu1.nitsri.ac.in,0.8795601440159632,0.8824854963584072,0.8347177944412015,0.9085133418043202,0.8700535885615333,0.8780889161003994,0.8824854963584072,0.8789120789469886,0.7605617049057188,0.9630286263540571,0.9523713917323055,21963,3681,1872,18590,46106,0.44380340953455083,1.1102230246251565e-16
UNSW-NB15__balanced__top10__LSTM__seed46,UNSW-NB15,46,top10,balanced,LSTM,DL,10,107700,107700,10758,,161.0,200,32.43038845062256,0.29253673553466797,1.5109107494354248,32.72292518615723,2026-09-02T02:33:37.985280+00:00,gpu1.nitsri.ac.in,0.884331757255021,0.8870169510146226,0.8415278342137342,0.9109080246310234,0.8748445237145338,0.8827165822986691,0.8870169510146226,0.8836632650628474,0.7697215205097693,0.9633513690937899,0.951935872940872,22134,3510,1823,18639,46106,0.44380340953455083,1.1102230246251565e-16
UNSW-NB15__balanced__top10__MLP__seed42,UNSW-NB15,42,top10,balanced,MLP,DL,10,107700,107700,10758,,196.0,200,16.51507568359375,0.07870864868164062,1.5630147457122803,16.59378433227539,2026-09-02T01:07:01.918711+00:00,gpu1.nitsri.ac.in,0.8883225610549603,0.8914390231876685,0.8432946240416087,0.9191672368292445,0.8795978019408395,0.8869037922963998,0.8914390231876685,0.8877330526884208,0.7783296024798424,0.9661834446391004,0.9564745984513786,22149,3495,1654,18808,46106,0.44380340953455083,1.1102230246251565e-16
UNSW-NB15__balanced__top10__MLP__seed43,UNSW-NB15,43,top10,balanced,MLP,DL,10,107700,107700,10758,,200.0,200,16.76149082183838,0.08058333396911621,1.6552178859710693,16.842074155807495,2026-09-02T01:30:51.374157+00:00,gpu1.nitsri.ac.in,0.8894287077603783,0.892112450787983,0.8472561251243106,0.9159906167530055,0.8802836746195755,0.8877916716348704,0.892112450787983,0.8887797030307517,0.7798921534671773,0.9660938276522059,0.956137452238785,22265,3379,1719,18743,46106,0.44380340953455083,1.1102230246251565e-16
UNSW-NB15__balanced__top10__MLP__seed44,UNSW-NB15,44,top10,balanced,MLP,DL,10,107700,107700,10758,,200.0,200,16.960902452468872,0.07884454727172852,1.0505828857421875,17.0397469997406,2026-09-02T01:52:04.697403+00:00,gpu1.nitsri.ac.in,0.8886695874723464,0.8897314264785438,0.8570031207787974,0.8991789658879875,0.8775846032768119,0.8866336381586075,0.8897314264785438,0.8877491640715318,0.7763588843418828,0.9646752666652549,0.9537923922275465,22574,3070,2063,18399,46106,0.44380340953455083,1.1102230246251565e-16
UNSW-NB15__balanced__top10__MLP__seed45,UNSW-NB15,45,top10,balanced,MLP,DL,10,107700,107700,10758,,179.0,200,15.010668754577637,0.08077669143676758,1.3051671981811523,15.091445446014404,2026-09-02T02:14:06.374706+00:00,gpu1.nitsri.ac.in,0.8862187133995575,0.8896267473887896,0.8391583452211127,0.9199491740787802,0.8776985126124865,0.8849842583586344,0.8896267473887896,0.8856638067746321,0.7745970936691156,0.9657260796502369,0.9566640687862187,22036,3608,1638,18824,46106,0.44380340953455083,1.1102230246251565e-16
UNSW-NB15__balanced__top10__MLP__seed46,UNSW-NB15,46,top10,balanced,MLP,DL,10,107700,107700,10758,,200.0,200,16.912055492401123,0.0798959732055664,1.5109107494354248,16.99195146560669,2026-09-02T02:33:55.545395+00:00,gpu1.nitsri.ac.in,0.891185528998395,0.8917462740776962,0.8633604667576342,0.8967354119831884,0.8797315114467218,0.889170274822506,0.8917462740776962,0.8901895373341497,0.7809123001810377,0.9653623356310743,0.954844016431962,22740,2904,2113,18349,46106,0.44380340953455083,1.1102230246251565e-16
UNSW-NB15__balanced__top10__RF__seed42,UNSW-NB15,42,top10,balanced,RF,ML,10,107700,107700,10758,,,200,0.8956236839294434,0.05819559097290039,1.5630147457122803,0.9538192749023438,2026-09-02T01:05:03.407470+00:00,gpu1.nitsri.ac.in,0.9045894243699302,0.9045316086408945,0.88367649166388,0.9040172026194898,0.893731126947699,0.9028281953810601,0.9045316086408945,0.903582803767452,0.8073580070412599,0.9746288677654434,0.9673284442558776,23209,2435,1964,18498,46106,0.44380340953455083,1.1102230246251565e-16
UNSW-NB15__balanced__top10__RF__seed43,UNSW-NB15,43,top10,balanced,RF,ML,10,107700,107700,10758,,,200,0.9756968021392822,0.04926323890686035,1.6552178859710693,1.0249600410461426,2026-09-02T01:28:57.267768+00:00,gpu1.nitsri.ac.in,0.9023771309590942,0.9023552029082798,0.8807672121761534,0.9021601016518425,0.8913353130054803,0.9005776650215479,0.9023552029082798,0.9013586253751782,0.8029309003650807,0.9729618282957704,0.96517899123825,23145,2499,2002,18460,46106,0.44380340953455083,0.0
UNSW-NB15__balanced__top10__RF__seed44,UNSW-NB15,44,top10,balanced,RF,ML,10,107700,107700,10758,,,200,0.9128587245941162,0.08731389045715332,1.0505828857421875,1.0001726150512695,2026-09-02T01:50:05.006312+00:00,gpu1.nitsri.ac.in,0.9040471955927645,0.9040293517819785,0.8827319587628866,0.9038705893852018,0.8931762206017289,0.9022668301407659,0.9040293517819785,0.9030430888433267,0.8062942555299892,0.9742223815633321,0.9668343115187013,23187,2457,1967,18495,46106,0.44380340953455083,1.1102230246251565e-16
UNSW-NB15__balanced__top10__RF__seed45,UNSW-NB15,45,top10,balanced,RF,ML,10,107700,107700,10758,,,200,0.9495668411254883,0.06510305404663086,1.3051671981811523,1.0146698951721191,2026-09-02T02:12:18.412311+00:00,gpu1.nitsri.ac.in,0.9037218583264651,0.9035986272860455,0.8831237147912582,0.9025021991985143,0.8927078046068692,0.9019706686677069,0.9035986272860455,0.9026964739511854,0.8055676509978298,0.974070963930827,0.9668414474635654,23200,2444,1995,18467,46106,0.44380340953455083,0.0
UNSW-NB15__balanced__top10__RF__seed46,UNSW-NB15,46,top10,balanced,RF,ML,10,107700,107700,10758,,,200,0.9908609390258789,0.054825544357299805,1.5109107494354248,1.0456864833831787,2026-09-02T02:32:03.903255+00:00,gpu1.nitsri.ac.in,0.9058907734351277,0.9058002289523488,0.8854779323865538,0.9049946241814094,0.8951299093655589,0.9041568203591166,0.9058002289523488,0.9048893443989311,0.8099553820659082,0.9744074738156295,0.9669872771896639,23249,2395,1944,18518,46106,0.44380340953455083,0.0
UNSW-NB15__balanced__top10__SVM__seed42,UNSW-NB15,42,top10,balanced,SVM,ML,10,107700,100000,10758,100000.0,,200,5.588578701019287,4.54443883895874,1.5630147457122803,10.133017539978027,2026-09-02T01:05:19.855414+00:00,gpu1.nitsri.ac.in,0.8618401075781894,0.8694148308529375,0.7906046358162171,0.9368096960218942,0.8575199069517759,0.8657277524918231,0.8694148308529375,0.8617129679588789,0.7351333370892434,0.9493936927585778,0.9287385910978839,20567,5077,1293,19169,46106,0.44380340953455083,0.0
UNSW-NB15__balanced__top10__SVM__seed43,UNSW-NB15,43,top10,balanced,SVM,ML,10,107700,100000,10758,100000.0,,200,5.555750846862793,4.5227556228637695,1.6552178859710693,10.078506469726562,2026-09-02T01:29:13.917986+00:00,gpu1.nitsri.ac.in,0.8593458552032274,0.8672614713669072,0.7864491535844571,0.937689375427622,0.8554359214427428,0.8638588759308347,0.8672614713669072,0.8592428905040673,0.7311124295052499,0.9476425953776149,0.9253535921283192,20434,5210,1275,19187,46106,0.44380340953455083,0.0
UNSW-NB15__balanced__top10__SVM__seed44,UNSW-NB15,44,top10,balanced,SVM,ML,10,107700,100000,10758,100000.0,,200,5.679847240447998,4.89675235748291,1.0505828857421875,10.576599597930908,2026-09-02T01:50:21.604622+00:00,gpu1.nitsri.ac.in,0.8614713920097168,0.8687624122514114,0.7916131438279534,0.9336330759456554,0.856777665657585,0.8649050109072867,0.8687624122514114,0.8613224489742868,0.7336572825640011,0.9487335892162303,0.9274848679686226,20615,5029,1358,19104,46106,0.44380340953455083,0.0
UNSW-NB15__balanced__top10__SVM__seed45,UNSW-NB15,45,top10,balanced,SVM,ML,10,107700,100000,10758,100000.0,,200,5.473098278045654,4.544449090957642,1.3051671981811523,10.017547369003296,2026-09-02T02:12:34.215600+00:00,gpu1.nitsri.ac.in,0.8599748405847395,0.8674812597215216,0.7890457322106653,0.9342683999609032,0.8555381517117924,0.8637842245476035,0.8674812597215216,0.8598426417832561,0.7312561387190406,0.9479891152194325,0.926653571895365,20533,5111,1345,19117,46106,0.44380340953455083,1.1102230246251565e-16
UNSW-NB15__balanced__top10__SVM__seed46,UNSW-NB15,46,top10,balanced,SVM,ML,10,107700,100000,10758,100000.0,,200,5.623107194900513,4.676596641540527,1.5109107494354248,10.29970383644104,2026-09-02T02:32:20.143140+00:00,gpu1.nitsri.ac.in,0.859888083980393,0.8664206464121318,0.7937400352437695,0.9245430554198025,0.854162904099693,0.8622076613000457,0.8664206464121318,0.8596718185245105,0.7286161277078328,0.946899934702873,0.9254014302976313,20728,4916,1544,18918,46106,0.44380340953455083,0.0
UNSW-NB15__balanced__top10__SimpleRNN__seed42,UNSW-NB15,42,top10,balanced,SimpleRNN,DL,10,107700,107700,10758,,200.0,200,27.94146728515625,0.16628265380859375,1.5630147457122803,28.107749938964844,2026-09-02T01:07:30.634344+00:00,gpu1.nitsri.ac.in,0.8909252591853555,0.8929590768487374,0.8531417326438149,0.9110546378653113,0.8811476378417981,0.8890528288038699,0.8929590768487374,0.8901820275022333,0.7820021494910576,0.9668674158067043,0.9566414234617511,22435,3209,1820,18642,46106,0.44380340953455083,1.1102230246251565e-16
UNSW-NB15__balanced__top10__SimpleRNN__seed43,UNSW-NB15,43,top10,balanced,SimpleRNN,DL,10,107700,107700,10758,,200.0,200,27.866894006729126,0.1667778491973877,1.6552178859710693,28.033671855926514,2026-09-02T01:31:19.976283+00:00,gpu1.nitsri.ac.in,0.8860452001908645,0.8901423063895363,0.8348009862627686,0.9265956406998338,0.8783063881039515,0.8852982446916133,0.8901423063895363,0.8855824937787182,0.7754254208673481,0.9652200084307374,0.9547610397058816,21892,3752,1502,18960,46106,0.44380340953455083,0.0
UNSW-NB15__balanced__top10__SimpleRNN__seed44,UNSW-NB15,44,top10,balanced,SimpleRNN,DL,10,107700,107700,10758,,200.0,200,27.95467782020569,0.174560546875,1.0505828857421875,28.12923836708069,2026-09-02T01:52:33.428339+00:00,gpu1.nitsri.ac.in,0.8920747841929467,0.8934739878941513,0.8586714841578654,0.9059231746652331,0.8816646848989298,0.8900788695770974,0.8934739878941513,0.8912330441758713,0.7835455019480185,0.9667095786520276,0.9571103811591755,22593,3051,1925,18537,46106,0.44380340953455083,0.0
UNSW-NB15__balanced__top10__SimpleRNN__seed45,UNSW-NB15,45,top10,balanced,SimpleRNN,DL,10,107700,107700,10758,,173.0,200,24.090561866760254,0.16744494438171387,1.3051671981811523,24.258006811141968,2026-09-02T02:14:31.203076+00:00,gpu1.nitsri.ac.in,0.8860452001908645,0.8895892727015458,0.8381358946993952,0.9211220799530838,0.8776717112922002,0.8848990930860003,0.8895892727015458,0.8855087475303111,0.7744741641626517,0.9656975829558536,0.9557429654110686,22004,3640,1614,18848,46106,0.44380340953455083,0.0
UNSW-NB15__balanced__top10__SimpleRNN__seed46,UNSW-NB15,46,top10,balanced,SimpleRNN,DL,10,107700,107700,10758,,200.0,200,28.020970106124878,0.16709208488464355,1.5109107494354248,28.18806219100952,2026-09-02T02:34:24.310070+00:00,gpu1.nitsri.ac.in,0.8909469483364421,0.8912997223198856,0.86452527161077,0.8944384713126772,0.879227517294389,0.8889517599632291,0.8912997223198856,0.8899103185522953,0.7802479494864241,0.9658290464227369,0.9557693596584327,22776,2868,2160,18302,46106,0.44380340953455083,1.1102230246251565e-16
UNSW-NB15__balanced__top20__CNN__seed42,UNSW-NB15,42,top20,balanced,CNN,DL,20,107700,107700,10758,,94.0,200,30.28330373764038,0.14229297637939453,0.6988146305084229,30.425596714019775,2026-09-02T01:05:00.157321+00:00,gpu1.nitsri.ac.in,0.9029410488873465,0.9033904887871634,0.8779968789899276,0.9073893070081126,0.8924511523949146,0.9010361813916744,0.9033904887871634,0.9020088301547325,0.8044232250076451,0.9734491717004029,0.9671280700044262,23064,2580,1895,18567,46106,0.44380340953455083,0.0
UNSW-NB15__balanced__top20__CNN__seed43,UNSW-NB15,43,top20,balanced,CNN,DL,20,107700,107700,10758,,87.0,200,28.00076651573181,0.1397712230682373,0.7127804756164551,28.14053773880005,2026-09-02T01:28:53.879351+00:00,gpu1.nitsri.ac.in,0.8992538932026201,0.8997746674346385,0.8731304552960604,0.9044081712442577,0.8884941306383081,0.8973054628854755,0.8997746674346385,0.8983070000437114,0.7970763057449547,0.9728043637154099,0.9661204876129726,22955,2689,1956,18506,46106,0.44380340953455083,1.1102230246251565e-16
UNSW-NB15__balanced__top20__CNN__seed44,UNSW-NB15,44,top20,balanced,CNN,DL,20,107700,107700,10758,,100.0,200,33.344921350479126,0.1413745880126953,0.671515941619873,33.48629593849182,2026-09-02T01:50:02.211567+00:00,gpu1.nitsri.ac.in,0.903266386153646,0.9025867630866891,0.886745939675174,0.8965399276708044,0.8916160388821385,0.9017292527866783,0.9025867630866891,0.9021356211801316,0.8043155587619154,0.9737690367561581,0.9673877529538254,23301,2343,2117,18345,46106,0.44380340953455083,0.0
UNSW-NB15__balanced__top20__CNN__seed45,UNSW-NB15,45,top20,balanced,CNN,DL,20,107700,107700,10758,,110.0,200,35.20530986785889,0.14124369621276855,0.6669206619262695,35.346553564071655,2026-09-02T02:12:15.350705+00:00,gpu1.nitsri.ac.in,0.9005986205699908,0.901837766742819,0.8696401135993296,0.9128628677548627,0.890727450466131,0.898619951224483,0.901837766742819,0.8997807847703733,0.8004512501812405,0.9735090646892839,0.967451848696743,22844,2800,1783,18679,46106,0.44380340953455083,1.1102230246251565e-16
UNSW-NB15__balanced__top20__CNN__seed46,UNSW-NB15,46,top20,balanced,CNN,DL,20,107700,107700,10758,,105.0,200,33.55224967002869,0.14221525192260742,0.6946868896484375,33.694464921951294,2026-09-02T02:32:00.624716+00:00,gpu1.nitsri.ac.in,0.9010107144406367,0.9014626158511738,0.8756971358351451,0.9054833349623693,0.8903411821239788,0.8990879458236172,0.9014626158511738,0.9000646454579413,0.800547039679795,0.9732875563944112,0.9668681936506132,23014,2630,1934,18528,46106,0.44380340953455083,1.1102230246251565e-16
UNSW-NB15__balanced__top20__DT__seed42,UNSW-NB15,42,top20,balanced,DT,ML,20,107700,107700,10758,,,200,1.1713459491729736,0.0042154788970947266,0.6988146305084229,1.1755614280700684,2026-09-02T01:02:01.440423+00:00,gpu1.nitsri.ac.in,0.8906433002212294,0.889565164951666,0.8744172494172494,0.8799726321962662,0.8771861450772154,0.8890781865178274,0.889565164951666,0.8893143673507583,0.7786431991866688,0.8919130758849761,0.8258757421183118,23058,2586,2456,18006,46106,0.44380340953455083,0.0
UNSW-NB15__balanced__top20__DT__seed43,UNSW-NB15,43,top20,balanced,DT,ML,20,107700,107700,10758,,,200,1.3045194149017334,0.0044634342193603516,0.7127804756164551,1.3089828491210938,2026-09-02T01:25:48.791862+00:00,gpu1.nitsri.ac.in,0.886023511039778,0.8850023092365759,0.8684044769610931,0.8759163327142997,0.8721442300673949,0.8843534145122739,0.8850023092365759,0.8846643945821313,0.7693554501014165,0.8859046527858169,0.8166913934025389,22928,2716,2539,17923,46106,0.44380340953455083,0.0
UNSW-NB15__balanced__top20__DT__seed44,UNSW-NB15,44,top20,balanced,DT,ML,20,107700,107700,10758,,,200,1.1890921592712402,0.004398822784423828,0.671515941619873,1.193490982055664,2026-09-02T01:46:53.095067+00:00,gpu1.nitsri.ac.in,0.8893636403071183,0.8880592767376214,0.8745306480713902,0.8764539145733555,0.8754912250726159,0.8878883952494144,0.8880592767376214,0.8879729606619056,0.7759476531710227,0.8905727745619627,0.8248326876338691,23071,2573,2528,17934,46106,0.44380340953455083,0.0
UNSW-NB15__balanced__top20__DT__seed45,UNSW-NB15,45,top20,balanced,DT,ML,20,107700,107700,10758,,,200,1.201960802078247,0.0044515132904052734,0.6669206619262695,1.2064123153686523,2026-09-02T02:09:08.133970+00:00,gpu1.nitsri.ac.in,0.8881924261484405,0.8873421693248766,0.869787891965019,0.8797771478838823,0.8747540027697466,0.8864859015887907,0.8873421693248766,0.8868902523201758,0.7738275971684728,0.8880620486524199,0.8193576329620439,22949,2695,2460,18002,46106,0.44380340953455083,1.1102230246251565e-16
UNSW-NB15__balanced__top20__DT__seed46,UNSW-NB15,46,top20,balanced,DT,ML,20,107700,107700,10758,,,200,1.2466611862182617,0.004214048385620117,0.6946868896484375,1.2508752346038818,2026-09-02T02:28:51.790966+00:00,gpu1.nitsri.ac.in,0.8914457988114345,0.8900693180328058,0.8776078565495676,0.877822304760043,0.8777150675560116,0.8900500767205111,0.8900693180328058,0.8900596865381798,0.7801193945160274,0.8927162050853944,0.8280613020155753,23139,2505,2500,17962,46106,0.44380340953455083,1.1102230246251565e-16
UNSW-NB15__balanced__top20__GNB__seed42,UNSW-NB15,42,top20,balanced,GNB,ML,20,107700,107700,10758,,,200,0.015903472900390625,0.0016989707946777344,0.6988146305084229,0.01760244369506836,2026-09-02T01:02:02.902389+00:00,gpu1.nitsri.ac.in,0.8108922916757038,0.8252539935354792,0.7153967496973477,0.9530348939497605,0.8172921774480837,0.8322036011446361,0.8252539935354792,0.8106599791737957,0.6574208634935779,0.8414566778741595,0.7336286001996183,17886,7758,961,19501,46106,0.44380340953455083,1.1102230246251565e-16
UNSW-NB15__balanced__top20__GNB__seed43,UNSW-NB15,43,top20,balanced,GNB,ML,20,107700,107700,10758,,,200,0.0157928466796875,0.0018086433410644531,0.7127804756164551,0.017601490020751953,2026-09-02T01:25:50.310045+00:00,gpu1.nitsri.ac.in,0.8046024378605822,0.819377448404041,0.7085472886849484,0.9508356954354413,0.8120030884163519,0.8272987958413749,0.819377448404041,0.8042991667500017,0.646627726846084,0.8324270201048038,0.7238360505576282,17641,8003,1006,19456,46106,0.44380340953455083,0.0
UNSW-NB15__balanced__top20__GNB__seed44,UNSW-NB15,44,top20,balanced,GNB,ML,20,107700,107700,10758,,,200,0.015949726104736328,0.001692056655883789,0.671515941619873,0.017641782760620117,2026-09-02T01:46:54.701897+00:00,gpu1.nitsri.ac.in,0.8081377694877022,0.8233653790696494,0.710251954821894,0.9588505522431825,0.8160379320384311,0.8323470573806473,0.8233653790696494,0.8077832773096112,0.6556509199034971,0.8339124224487037,0.7236707665031834,17640,8004,842,19620,46106,0.44380340953455083,0.0
UNSW-NB15__balanced__top20__GNB__seed45,UNSW-NB15,45,top20,balanced,GNB,ML,20,107700,107700,10758,,,200,0.015518426895141602,0.0018277168273925781,0.6669206619262695,0.01734614372253418,2026-09-02T02:09:09.706103+00:00,gpu1.nitsri.ac.in,0.8071834468398907,0.8223297177578227,0.7096680678359183,0.9570911934317271,0.8150151899787756,0.831117124139461,0.8223297177578227,0.8068372140499486,0.6533877536919541,0.835789329886272,0.7280033614196542,17632,8012,878,19584,46106,0.44380340953455083,1.1102230246251565e-16
UNSW-NB15__balanced__top20__GNB__seed46,UNSW-NB15,46,top20,balanced,GNB,ML,20,107700,107700,10758,,,200,0.01556253433227539,0.0018775463104248047,0.6946868896484375,0.017440080642700195,2026-09-02T02:28:53.413574+00:00,gpu1.nitsri.ac.in,0.8077907430703162,0.8227324582063855,0.7108324245728825,0.9556739321669436,0.81526723922288,0.8310292473477447,0.8227324582063855,0.8074753917633388,0.6537090567974329,0.8332738491280373,0.7218602936321374,17689,7955,907,19555,46106,0.44380340953455083,1.1102230246251565e-16
UNSW-NB15__balanced__top20__GRU__seed42,UNSW-NB15,42,top20,balanced,GRU,DL,20,107700,107700,10758,,200.0,200,43.39734172821045,0.3212289810180664,0.6988146305084229,43.718570709228516,2026-09-02T01:03:07.885002+00:00,gpu1.nitsri.ac.in,0.8984080163102416,0.8981353271025643,0.877861864163234,0.8957091193431727,0.8866956942428641,0.8966366558805705,0.8981353271025643,0.8973107343678545,0.7947705699882909,0.9705156349258658,0.9627650951413191,23094,2550,2134,18328,46106,0.44380340953455083,1.1102230246251565e-16
UNSW-NB15__balanced__top20__GRU__seed43,UNSW-NB15,43,top20,balanced,GRU,DL,20,107700,107700,10758,,200.0,200,44.042667865753174,0.3292992115020752,0.7127804756164551,44.37196707725525,2026-09-02T01:26:57.354992+00:00,gpu1.nitsri.ac.in,0.894200320999436,0.8952909480289359,0.8632295357076263,0.9049946241814094,0.8836188385742234,0.8921891168438351,0.8952909480289359,0.8933184256094306,0.7874739558965254,0.9688010908015484,0.9604808763577118,22710,2934,1944,18518,46106,0.44380340953455083,1.1102230246251565e-16
UNSW-NB15__balanced__top20__GRU__seed44,UNSW-NB15,44,top20,balanced,GRU,DL,20,107700,107700,10758,,200.0,200,44.19495964050293,0.3278059959411621,0.671515941619873,44.52276563644409,2026-09-02T01:48:00.338018+00:00,gpu1.nitsri.ac.in,0.8979308549863358,0.8977952572749337,0.8762896446312571,0.8965887987489004,0.8863230107734673,0.896110654655716,0.8977952572749337,0.8968553692825104,0.7939041246349914,0.9701744025901382,0.9621784538263701,23054,2590,2116,18346,46106,0.44380340953455083,1.1102230246251565e-16
UNSW-NB15__balanced__top20__GRU__seed45,UNSW-NB15,45,top20,balanced,GRU,DL,20,107700,107700,10758,,188.0,200,41.1714985370636,0.32799291610717773,0.6669206619262695,41.499491453170776,2026-09-02T02:10:12.257193+00:00,gpu1.nitsri.ac.in,0.8936147139200972,0.8964285479606093,0.8511262582945877,0.9214641774997556,0.8848996832101372,0.8920182704657091,0.8964285479606093,0.8930012862488979,0.7884344836059632,0.9699665108860078,0.962406818545959,22346,3298,1607,18855,46106,0.44380340953455083,0.0
UNSW-NB15__balanced__top20__GRU__seed46,UNSW-NB15,46,top20,balanced,GRU,DL,20,107700,107700,10758,,200.0,200,43.684120655059814,0.32575345039367676,0.6946868896484375,44.00987410545349,2026-09-02T02:29:58.897088+00:00,gpu1.nitsri.ac.in,0.8984297054613283,0.8989004327594569,0.8725152273478446,0.9030886521356661,0.887538723853894,0.8964814673265881,0.8989004327594569,0.8974681220859314,0.7953782217226731,0.9707530066918845,0.9634486507583117,22944,2700,1983,18479,46106,0.44380340953455083,0.0
UNSW-NB15__balanced__top20__KNN__seed42,UNSW-NB15,42,top20,balanced,KNN,ML,20,107700,107700,10758,,,200,0.0026421546936035156,1.0070583820343018,0.6988146305084229,1.0097005367279053,2026-09-02T01:02:04.850995+00:00,gpu1.nitsri.ac.in,0.8781069708931593,0.8781325248100953,0.8516394996209249,0.8783598866190988,0.8647933407111582,0.8760437318918959,0.8781325248100953,0.8769135127518197,0.7541733640995104,0.9344169808830765,0.8882289056371624,22513,3131,2489,17973,46106,0.44380340953455083,1.1102230246251565e-16
UNSW-NB15__balanced__top20__KNN__seed43,UNSW-NB15,43,top20,balanced,KNN,ML,20,107700,107700,10758,,,200,0.0026030540466308594,0.8817653656005859,0.7127804756164551,0.8843684196472168,2026-09-02T01:25:52.125016+00:00,gpu1.nitsri.ac.in,0.8750704897410315,0.8748794345700879,0.8495150247242298,0.8731795523409246,0.8611847496023521,0.8730106829770945,0.8748794345700879,0.8738078012769834,0.7478877828205392,0.9309956566639287,0.881734688136628,22479,3165,2595,17867,46106,0.44380340953455083,0.0
UNSW-NB15__balanced__top20__KNN__seed44,UNSW-NB15,44,top20,balanced,KNN,ML,20,107700,107700,10758,,,200,0.002658843994140625,0.8838086128234863,0.671515941619873,0.886467456817627,2026-09-02T01:46:56.520270+00:00,gpu1.nitsri.ac.in,0.8788660911811912,0.8785137398013545,0.8551105170191435,0.8753787508552439,0.8651259388055736,0.8768775686172867,0.8785137398013545,0.877595743057886,0.755389536450091,0.9341463509038542,0.8877030989001499,22609,3035,2550,17912,46106,0.44380340953455083,0.0
UNSW-NB15__balanced__top20__KNN__seed45,UNSW-NB15,45,top20,balanced,KNN,ML,20,107700,107700,10758,,,200,0.002579927444458008,0.9501330852508545,0.6669206619262695,0.9527130126953125,2026-09-02T02:09:11.591146+00:00,gpu1.nitsri.ac.in,0.8775864312670802,0.8770819185990943,0.854633352479418,0.8725930994037728,0.8635198529767374,0.8756192065799961,0.8770819185990943,0.8762720976315517,0.7526997039453504,0.9330398461580235,0.8860100596691058,22607,3037,2607,17855,46106,0.44380340953455083,0.0
UNSW-NB15__balanced__top20__KNN__seed46,UNSW-NB15,46,top20,balanced,KNN,ML,20,107700,107700,10758,,,200,0.002683877944946289,0.9589619636535645,0.6946868896484375,0.9616458415985107,2026-09-02T02:28:55.319001+00:00,gpu1.nitsri.ac.in,0.8797336572246562,0.8792047689177077,0.8573618897034162,0.8744990714495162,0.8658456923039702,0.8777992329436439,0.8792047689177077,0.8784308160413304,0.7570026970247378,0.9343352174959649,0.8887632823083311,22667,2977,2568,17894,46106,0.44380340953455083,1.1102230246251565e-16
UNSW-NB15__balanced__top20__LSTM__seed42,UNSW-NB15,42,top20,balanced,LSTM,DL,20,107700,107700,10758,,200.0,200,40.65147304534912,0.2842245101928711,0.6988146305084229,40.93569755554199,2026-09-02T01:03:49.294473+00:00,gpu1.nitsri.ac.in,0.8986032186700212,0.8988490270325593,0.8743301560202968,0.9010360668556349,0.8874822498736432,0.8966958346351135,0.8988490270325593,0.8976029175665514,0.79554194778675,0.9702901559988292,0.9627521822502765,22994,2650,2025,18437,46106,0.44380340953455083,0.0
UNSW-NB15__balanced__top20__LSTM__seed43,UNSW-NB15,43,top20,balanced,LSTM,DL,20,107700,107700,10758,,200.0,200,40.63009524345398,0.29076313972473145,0.7127804756164551,40.92085838317871,2026-09-02T01:27:38.755430+00:00,gpu1.nitsri.ac.in,0.8951980219494209,0.8959212027465805,0.8669358625223026,0.9023555859642264,0.8842911877394636,0.8931986632830797,0.8959212027465805,0.8942584932592506,0.7891151695041342,0.9692803805025453,0.9613768947830278,22810,2834,1998,18464,46106,0.44380340953455083,1.1102230246251565e-16
UNSW-NB15__balanced__top20__LSTM__seed44,UNSW-NB15,44,top20,balanced,LSTM,DL,20,107700,107700,10758,,200.0,200,40.52180218696594,0.28502607345581055,0.671515941619873,40.80682826042175,2026-09-02T01:48:41.618061+00:00,gpu1.nitsri.ac.in,0.898733353576541,0.8983339749615729,0.8791836734693877,0.8947805688593491,0.8869135563252355,0.8970104515046793,0.8983339749615729,0.8976148537639923,0.7953433252354548,0.9705483433299118,0.9628494886391287,23128,2516,2153,18309,46106,0.44380340953455083,0.0
UNSW-NB15__balanced__top20__LSTM__seed45,UNSW-NB15,45,top20,balanced,LSTM,DL,20,107700,107700,10758,,200.0,200,40.52288222312927,0.2874939441680908,0.6669206619262695,40.81037616729736,2026-09-02T02:10:53.536284+00:00,gpu1.nitsri.ac.in,0.8955450483668069,0.8974133009465438,0.8595128676470588,0.9140357736291662,0.8859362417696935,0.8936314030176475,0.8974133009465438,0.8947984869580614,0.7910356634930251,0.9702410629007441,0.9628034409225937,22587,3057,1759,18703,46106,0.44380340953455083,0.0
UNSW-NB15__balanced__top20__LSTM__seed46,UNSW-NB15,46,top20,balanced,LSTM,DL,20,107700,107700,10758,,200.0,200,40.43529796600342,0.28452610969543457,0.6946868896484375,40.71982407569885,2026-09-02T02:30:40.089587+00:00,gpu1.nitsri.ac.in,0.8958053181798464,0.8964918284218548,0.8679041353383459,0.9025999413547063,0.8849120789612381,0.8938126976538664,0.8964918284218548,0.8948634101958954,0.790299984938693,0.9698397203205242,0.9618433198787872,22833,2811,1993,18469,46106,0.44380340953455083,1.1102230246251565e-16
UNSW-NB15__balanced__top20__MLP__seed42,UNSW-NB15,42,top20,balanced,MLP,DL,20,107700,107700,10758,,127.0,200,11.119296312332153,0.08078670501708984,0.6988146305084229,11.200083017349243,2026-09-02T01:04:00.949678+00:00,gpu1.nitsri.ac.in,0.8943955233592157,0.8968835764987729,0.8541127310714448,0.9190206235949565,0.8853786576896819,0.8926630739918642,0.8968835764987729,0.8937379283662854,0.7895353701130643,0.969411205542851,0.9607892582662254,22432,3212,1657,18805,46106,0.44380340953455083,0.0
UNSW-NB15__balanced__top20__MLP__seed43,UNSW-NB15,43,top20,balanced,MLP,DL,20,107700,107700,10758,,200.0,200,17.026874542236328,0.07944869995117188,0.7127804756164551,17.1063232421875,2026-09-02T01:27:56.351346+00:00,gpu1.nitsri.ac.in,0.8924218106103328,0.8954055503640357,0.8487043368724132,0.9219528882807154,0.883813539470602,0.8909113442465759,0.8954055503640357,0.8918280168577921,0.7863040511541637,0.9692870439608421,0.9611599290230103,22281,3363,1597,18865,46106,0.44380340953455083,0.0
UNSW-NB15__balanced__top20__MLP__seed44,UNSW-NB15,44,top20,balanced,MLP,DL,20,107700,107700,10758,,200.0,200,17.051576852798462,0.07966876029968262,0.671515941619873,17.131245613098145,2026-09-02T01:48:59.248520+00:00,gpu1.nitsri.ac.in,0.8963909252591854,0.8967911285187995,0.8706110297244932,0.900351871762291,0.8852317228455421,0.8944356010518637,0.8967911285187995,0.8954020402363472,0.7912232232925422,0.9702649962744092,0.962088446698031,22906,2738,2039,18423,46106,0.44380340953455083,1.1102230246251565e-16
UNSW-NB15__balanced__top20__MLP__seed45,UNSW-NB15,45,top20,balanced,MLP,DL,20,107700,107700,10758,,194.0,200,16.455950498580933,0.08228421211242676,0.6669206619262695,16.53823471069336,2026-09-02T02:11:10.535938+00:00,gpu1.nitsri.ac.in,0.8942220101505227,0.8965448959636058,0.8549952166188328,0.9172123937054052,0.8850116709499446,0.8924324044178826,0.8965448959636058,0.8935389887511425,0.7889665822647671,0.969892918406217,0.9621424739019004,22461,3183,1694,18768,46106,0.44380340953455083,1.1102230246251565e-16
UNSW-NB15__balanced__top20__MLP__seed46,UNSW-NB15,46,top20,balanced,MLP,DL,20,107700,107700,10758,,200.0,200,16.885741233825684,0.0816800594329834,0.6946868896484375,16.967421293258667,2026-09-02T02:30:57.518934+00:00,gpu1.nitsri.ac.in,0.8971934238493905,0.8977594348737885,0.8703825857519789,0.9027954256670903,0.886292760159286,0.8952226408383719,0.8977594348737885,0.8962398369137483,0.7929780180287397,0.9706344651695117,0.9627758374938715,22893,2751,1989,18473,46106,0.44380340953455083,1.1102230246251565e-16
UNSW-NB15__balanced__top20__RF__seed42,UNSW-NB15,42,top20,balanced,RF,ML,20,107700,107700,10758,,,200,1.2203402519226074,0.05500435829162598,0.6988146305084229,1.2753446102142334,2026-09-02T01:02:02.824060+00:00,gpu1.nitsri.ac.in,0.907387324860105,0.9071801374979511,0.8881484322562087,0.9053367217280813,0.8966602129719264,0.9057147421103604,0.9071801374979511,0.9063785227399914,0.8128935587823102,0.9757636338454116,0.9689726637963141,23311,2333,1937,18525,46106,0.44380340953455083,1.1102230246251565e-16
UNSW-NB15__balanced__top20__RF__seed43,UNSW-NB15,43,top20,balanced,RF,ML,20,107700,107700,10758,,,200,1.265744686126709,0.05570197105407715,0.7127804756164551,1.3214466571807861,2026-09-02T01:25:50.231095+00:00,gpu1.nitsri.ac.in,0.906281178154687,0.9059438006080749,0.887799721301235,0.9029420389013781,0.8953068592057761,0.904643090537947,0.9059438006080749,0.9052399546622728,0.8105858475516866,0.9754997292613928,0.9688949964589819,23309,2335,1986,18476,46106,0.44380340953455083,1.1102230246251565e-16
UNSW-NB15__balanced__top20__RF__seed44,UNSW-NB15,44,top20,balanced,RF,ML,20,107700,107700,10758,,,200,1.323984146118164,0.05592966079711914,0.671515941619873,1.3799138069152832,2026-09-02T01:46:54.622996+00:00,gpu1.nitsri.ac.in,0.9066932720253329,0.9064722672601999,0.8874184886843115,0.9045059134004496,0.8958807299482066,0.905016175035225,0.9064722672601999,0.905676050909577,0.8114871359266809,0.9759424542712383,0.9698222092669833,23296,2348,1954,18508,46106,0.44380340953455083,1.1102230246251565e-16
UNSW-NB15__balanced__top20__RF__seed45,UNSW-NB15,45,top20,balanced,RF,ML,20,107700,107700,10758,,,200,1.3107163906097412,0.06537723541259766,0.6669206619262695,1.3760936260223389,2026-09-02T02:09:09.627747+00:00,gpu1.nitsri.ac.in,0.9076475946731445,0.9072511629311737,0.8898941289701636,0.9037239761509139,0.8967557344454682,0.9060542270847818,0.9072511629311737,0.906608198790323,0.8133045092544274,0.9762660774679235,0.9702984066788735,23356,2288,1970,18492,46106,0.44380340953455083,0.0
UNSW-NB15__balanced__top20__RF__seed46,UNSW-NB15,46,top20,balanced,RF,ML,20,107700,107700,10758,,,200,1.391423225402832,0.05498671531677246,0.6946868896484375,1.4464099407196045,2026-09-02T02:28:53.334829+00:00,gpu1.nitsri.ac.in,0.9079512427883573,0.9074599398566336,0.8909836065573771,0.9030886521356661,0.8969952914907043,0.9064040480157382,0.9074599398566336,0.9068979594093396,0.8138633029249693,0.9759351152242198,0.9693306492888556,23383,2261,1983,18479,46106,0.44380340953455083,1.1102230246251565e-16
UNSW-NB15__balanced__top20__SVM__seed42,UNSW-NB15,42,top20,balanced,SVM,ML,20,107700,100000,10758,100000.0,,200,6.23859167098999,6.27756142616272,0.6988146305084229,12.51615309715271,2026-09-02T01:02:23.736743+00:00,gpu1.nitsri.ac.in,0.8666117208172472,0.8735808882510163,0.7984651317984651,0.9355879190694947,0.8616049327152437,0.8694539847876194,0.8735808882510163,0.8664369118719184,0.743023412295565,0.9524442626535882,0.9344131879102655,20812,4832,1318,19144,46106,0.44380340953455083,1.1102230246251565e-16
UNSW-NB15__balanced__top20__SVM__seed43,UNSW-NB15,43,top20,balanced,SVM,ML,20,107700,100000,10758,100000.0,,200,7.796161413192749,6.314986944198608,0.7127804756164551,14.111148357391357,2026-09-02T01:26:12.549005+00:00,gpu1.nitsri.ac.in,0.8644861840107578,0.8712898992408113,0.7971153846153847,0.931824846056104,0.8592222072011175,0.8671189471530903,0.8712898992408113,0.8642964475269648,0.7383970663480824,0.951320176402104,0.9331155167220159,20791,4853,1395,19067,46106,0.44380340953455083,1.1102230246251565e-16
UNSW-NB15__balanced__top20__SVM__seed44,UNSW-NB15,44,top20,balanced,SVM,ML,20,107700,100000,10758,100000.0,,200,6.1609413623809814,6.277214288711548,0.671515941619873,12.43815565109253,2026-09-02T01:47:15.378330+00:00,gpu1.nitsri.ac.in,0.8661562486444281,0.8729541725129389,0.798862353088795,0.9334375916332714,0.8609226747199747,0.8687513549468844,0.8729541725129389,0.865966448039112,0.7416936198923119,0.9514996352545085,0.932654321970737,20835,4809,1362,19100,46106,0.44380340953455083,0.0
UNSW-NB15__balanced__top20__SVM__seed45,UNSW-NB15,45,top20,balanced,SVM,ML,20,107700,100000,10758,100000.0,,200,6.118919134140015,6.286893844604492,0.6669206619262695,12.405812978744507,2026-09-02T02:09:30.326705+00:00,gpu1.nitsri.ac.in,0.8669370580835466,0.8733647608440318,0.8015575668280362,0.9305541980256085,0.8612524594612931,0.8689904965364734,0.8733647608440318,0.8667133221361054,0.7423423697811165,0.9517563627803418,0.932703297091166,20930,4714,1421,19041,46106,0.44380340953455083,1.1102230246251565e-16
UNSW-NB15__balanced__top20__SVM__seed46,UNSW-NB15,46,top20,balanced,SVM,ML,20,107700,100000,10758,100000.0,,200,6.3091161251068115,6.347983360290527,0.6946868896484375,12.657099485397339,2026-09-02T02:29:14.415823+00:00,gpu1.nitsri.ac.in,0.8655055741118293,0.8715347520322967,0.8021270285157408,0.9251783794350503,0.8592696820461612,0.8670488508497389,0.8715347520322967,0.865240980299078,0.7385699798507848,0.9492075085109695,0.9288846843279133,20974,4670,1531,18931,46106,0.44380340953455083,0.0
UNSW-NB15__balanced__top20__SimpleRNN__seed42,UNSW-NB15,42,top20,balanced,SimpleRNN,DL,20,107700,107700,10758,,200.0,200,27.636474132537842,0.16738104820251465,0.6988146305084229,27.803855180740356,2026-09-02T01:04:29.228424+00:00,gpu1.nitsri.ac.in,0.8993406498069666,0.9006130797086751,0.8679473463882041,0.911934317271039,0.8893972974905269,0.89735807600631,0.9006130797086751,0.8985204632365174,0.7979645169454631,0.9726019472338413,0.9649840559135849,22805,2839,1802,18660,46106,0.44380340953455083,1.1102230246251565e-16
UNSW-NB15__balanced__top20__SimpleRNN__seed43,UNSW-NB15,43,top20,balanced,SimpleRNN,DL,20,107700,107700,10758,,200.0,200,28.214221954345703,0.16522598266601562,0.7127804756164551,28.37944793701172,2026-09-02T01:28:25.213525+00:00,gpu1.nitsri.ac.in,0.8921832299483798,0.8956651041185704,0.8453033747938121,0.9266445117779298,0.8841069638402537,0.8909515818002851,0.8956651041185704,0.8916570829663768,0.786602563734265,0.9710918425457566,0.9637964302744365,22174,3470,1501,18961,46106,0.44380340953455083,0.0
UNSW-NB15__balanced__top20__SimpleRNN__seed44,UNSW-NB15,44,top20,balanced,SimpleRNN,DL,20,107700,107700,10758,,200.0,200,28.327365398406982,0.1670079231262207,0.671515941619873,28.494373321533203,2026-09-02T01:49:28.223941+00:00,gpu1.nitsri.ac.in,0.8998828785841322,0.9009030111338089,0.8703374777975134,0.9099794741471997,0.889717125382263,0.897899396069362,0.9009030111338089,0.8990248983810195,0.7987967601650153,0.9726756197551731,0.9660280092450128,22870,2774,1842,18620,46106,0.44380340953455083,0.0
UNSW-NB15__balanced__top20__SimpleRNN__seed45,UNSW-NB15,45,top20,balanced,SimpleRNN,DL,20,107700,107700,10758,,200.0,200,28.326040744781494,0.1665043830871582,0.6669206619262695,28.492545127868652,2026-09-02T02:11:39.503859+00:00,gpu1.nitsri.ac.in,0.8995792304689194,0.9004868465753526,0.8707728337236534,0.9085622128824162,0.8892662393571223,0.8975975979896341,0.9004868465753526,0.8987005799960215,0.7980792146768472,0.9723572764415745,0.9659589682282784,22885,2759,1871,18591,46106,0.44380340953455083,0.0
UNSW-NB15__balanced__top20__SimpleRNN__seed46,UNSW-NB15,46,top20,balanced,SimpleRNN,DL,20,107700,107700,10758,,200.0,200,28.267479181289673,0.16646027565002441,0.6946868896484375,28.433939456939697,2026-09-02T02:31:26.430607+00:00,gpu1.nitsri.ac.in,0.8982995705548085,0.8987834463298827,0.8722681142317678,0.9030886521356661,0.8874108579249406,0.8963483342315695,0.8987834463298827,0.8973393654798242,0.7951280517551207,0.9715928025411312,0.9646108848650293,22938,2706,1983,18479,46106,0.44380340953455083,0.0
UNSW-NB15__imbalanced__all__CNN__seed42,UNSW-NB15,42,all,imbalanced,CNN,DL,183,96820,96820,10758,,78.0,200,94.99185848236084,0.3099372386932373,0.8402163982391357,95.30179572105408,2026-09-02T00:51:14.645493+00:00,gpu1.nitsri.ac.in,0.9047629375786231,0.9036555901827967,0.8918418101136197,0.8938031472974294,0.8928214015475116,0.9034778408746152,0.9036555901827967,0.9035658244003975,0.8071334114851729,0.9756233334112404,0.9703899887228753,23426,2218,2173,18289,46106,0.44380340953455083,0.0
UNSW-NB15__imbalanced__all__CNN__seed43,UNSW-NB15,43,all,imbalanced,CNN,DL,185,96820,96820,10758,,115.0,200,141.0037407875061,0.30225348472595215,0.5568926334381104,141.30599427223206,2026-09-02T01:13:30.723519+00:00,gpu1.nitsri.ac.in,0.9048713833340563,0.9015063795166469,0.9102694977541854,0.8715668067637572,0.8904978279322914,0.9055760251839495,0.9015063795166469,0.9032035901423794,0.8070721442110611,0.9752345830806117,0.9699488404673242,23886,1758,2628,17834,46106,0.44380340953455083,1.1102230246251565e-16
UNSW-NB15__imbalanced__all__CNN__seed44,UNSW-NB15,44,all,imbalanced,CNN,DL,184,96820,96820,10758,,75.0,200,89.94646382331848,0.31314802169799805,0.5692758560180664,90.25961184501648,2026-09-02T01:36:10.251086+00:00,gpu1.nitsri.ac.in,0.9068884743851126,0.9059367035914303,0.8932341067172528,0.897468478154628,0.8953462860486092,0.9055554805712149,0.9059367035914303,0.9057419441807579,0.811492094617113,0.9757753141931595,0.970377083183194,23449,2195,2098,18364,46106,0.44380340953455083,1.1102230246251565e-16
UNSW-NB15__imbalanced__all__CNN__seed45,UNSW-NB15,45,all,imbalanced,CNN,DL,183,96820,96820,10758,,98.0,200,118.70397424697876,0.3217499256134033,0.5648272037506104,119.02572417259216,2026-09-02T01:57:59.790913+00:00,gpu1.nitsri.ac.in,0.9042207088014576,0.9018053137094039,0.9015515515515515,0.8803147297429381,0.890806587211315,0.903906756408096,0.9018053137094039,0.9027531101016977,0.8057093296416589,0.9750051811651858,0.9699174857676167,23677,1967,2449,18013,46106,0.44380340953455083,0.0
UNSW-NB15__imbalanced__all__CNN__seed46,UNSW-NB15,46,all,imbalanced,CNN,DL,184,96820,96820,10758,,45.0,200,55.09968161582947,0.30784153938293457,0.5723907947540283,55.4075231552124,2026-09-02T02:18:59.403379+00:00,gpu1.nitsri.ac.in,0.9027024682253937,0.8994825386786264,0.9062658936018716,0.8708337405923174,0.8881965905692354,0.9031594178340624,0.8994825386786264,0.9010365536166711,0.8026335346309631,0.9734576103657363,0.9674550825037327,23801,1843,2643,17819,46106,0.44380340953455083,0.0
UNSW-NB15__imbalanced__all__DT__seed42,UNSW-NB15,42,all,imbalanced,DT,ML,183,96820,96820,10758,,,200,1.5998117923736572,0.006429910659790039,0.8402163982391357,1.6062417030334473,2026-09-02T00:46:36.681131+00:00,gpu1.nitsri.ac.in,0.891532555415781,0.8901522467866408,0.8777424871732226,0.877871175838139,0.8778068267891612,0.8901406948560626,0.8901522467866408,0.8901464669190029,0.7802929415571925,0.8901522467866408,0.824746017863329,23142,2502,2499,17963,46106,0.44380340953455083,1.1102230246251565e-16
UNSW-NB15__imbalanced__all__DT__seed43,UNSW-NB15,43,all,imbalanced,DT,ML,185,96820,96820,10758,,,200,1.7014777660369873,0.00662541389465332,0.5568926334381104,1.7081031799316406,2026-09-02T01:07:57.712068+00:00,gpu1.nitsri.ac.in,0.8898408016310242,0.8884190977683946,0.8759837708363886,0.8757697194800117,0.8758767320804516,0.8884382965843216,0.8884190977683946,0.8884286863568382,0.7768573941154818,0.8884190977683945,0.8222938833166313,23107,2537,2542,17920,46106,0.44380340953455083,0.0
UNSW-NB15__imbalanced__all__DT__seed44,UNSW-NB15,44,all,imbalanced,DT,ML,184,96820,96820,10758,,,200,1.5776197910308838,0.0064394474029541016,0.5692758560180664,1.584059238433838,2026-09-02T01:31:41.367168+00:00,gpu1.nitsri.ac.in,0.8933544441070577,0.891780181199108,0.8814349511704372,0.877773433681947,0.8796003819878058,0.8921147315998325,0.891780181199108,0.8919443133928284,0.7838948414092849,0.891780181199108,0.8279447505238068,23228,2416,2501,17961,46106,0.44380340953455083,0.0
UNSW-NB15__imbalanced__all__DT__seed45,UNSW-NB15,45,all,imbalanced,DT,ML,183,96820,96820,10758,,,200,1.5737535953521729,0.005781650543212891,0.5648272037506104,1.5795352458953857,2026-09-02T01:53:13.373642+00:00,gpu1.nitsri.ac.in,0.8905782327679694,0.8892943463030969,0.8758593788093032,0.877871175838139,0.8768641234043592,0.889115375227209,0.8892943463030969,0.8892039045623892,0.7784097009558928,0.8892943463030969,0.8230928913096646,23098,2546,2499,17963,46106,0.44380340953455083,1.1102230246251565e-16
UNSW-NB15__imbalanced__all__DT__seed46,UNSW-NB15,46,all,imbalanced,DT,ML,184,96820,96820,10758,,,200,1.6703200340270996,0.006569385528564453,0.5723907947540283,1.676889419555664,2026-09-02T02:14:53.233520+00:00,gpu1.nitsri.ac.in,0.8948509955320348,0.8936637454248446,0.880346877131443,0.8831003811944091,0.8817214794574022,0.8934181610051273,0.8936637454248446,0.8935391717137081,0.7870818681164824,0.8936637454248445,0.8293151121772955,23188,2456,2392,18070,46106,0.44380340953455083,1.1102230246251565e-16
UNSW-NB15__imbalanced__all__GNB__seed42,UNSW-NB15,42,all,imbalanced,GNB,ML,183,96820,96820,10758,,,200,0.07198190689086914,0.024361133575439453,0.8402163982391357,0.0963430404663086,2026-09-02T00:46:38.007052+00:00,gpu1.nitsri.ac.in,0.5920270680605562,0.5403971373119956,0.9963942307692307,0.08102824748313948,0.14986893247762814,0.7866404797696566,0.5403971373119956,0.44074218818042865,0.21521575054285505,0.5410567310659562,0.4893077178276322,25638,6,18804,1658,46106,0.44380340953455083,2.7755575615628914e-17
UNSW-NB15__imbalanced__all__GNB__seed43,UNSW-NB15,43,all,imbalanced,GNB,ML,185,96820,96820,10758,,,200,0.0717766284942627,0.02294635772705078,0.5568926334381104,0.09472298622131348,2026-09-02T01:07:59.013371+00:00,gpu1.nitsri.ac.in,0.587385589728018,0.5351481807525829,0.9986130374479889,0.07037435245821523,0.13148283418553688,0.7863609697359952,0.5351481807525829,0.4304509807270632,0.200649616244494,0.5383489752799856,0.486399707231115,25642,2,19022,1440,46106,0.44380340953455083,2.7755575615628914e-17
UNSW-NB15__imbalanced__all__GNB__seed44,UNSW-NB15,44,all,imbalanced,GNB,ML,184,96820,96820,10758,,,200,0.07041788101196289,0.02371501922607422,0.5692758560180664,0.09413290023803711,2026-09-02T01:31:42.692960+00:00,gpu1.nitsri.ac.in,0.5883616015269162,0.5362576556113138,0.9973172367538564,0.07267129312872642,0.1354712339999089,0.7860059230950723,0.5362576556113138,0.43267107010916467,0.2036654537458626,0.5391649702052606,0.48724551599981414,25640,4,18975,1487,46106,0.44380340953455083,0.0
UNSW-NB15__imbalanced__all__GNB__seed45,UNSW-NB15,45,all,imbalanced,GNB,ML,183,96820,96820,10758,,,200,0.07038259506225586,0.023563146591186523,0.5648272037506104,0.09394574165344238,2026-09-02T01:53:14.789626+00:00,gpu1.nitsri.ac.in,0.5810740467618097,0.5280522522919743,0.9956784788245462,0.05629948196657218,0.10657292196678847,0.7830402449963796,0.5280522522919743,0.41648111201111654,0.17821241664284393,0.5288340323170543,0.4757366378952476,25639,5,19310,1152,46106,0.44380340953455083,0.0
UNSW-NB15__imbalanced__all__GNB__seed46,UNSW-NB15,46,all,imbalanced,GNB,ML,184,96820,96820,10758,,,200,0.07071495056152344,0.02367711067199707,0.5723907947540283,0.09439206123352051,2026-09-02T02:14:54.535579+00:00,gpu1.nitsri.ac.in,0.58274411139548,0.5299189753963127,0.998371335504886,0.05991594174567491,0.11304748732134624,0.7848713043672654,0.5299189753963127,0.4201265909990924,0.18464081397653911,0.5326311086922811,0.48003960803890144,25642,2,19236,1226,46106,0.44380340953455083,0.0
UNSW-NB15__imbalanced__all__GRU__seed42,UNSW-NB15,42,all,imbalanced,GRU,DL,183,96820,96820,10758,,200.0,200,42.77751326560974,0.34880542755126953,0.8402163982391357,43.12631869316101,2026-09-02T00:48:27.488202+00:00,gpu1.nitsri.ac.in,0.9030494946427797,0.9010882062966592,0.8964303420922162,0.883637963053465,0.8899881866509155,0.9023137213237145,0.9010882062966592,0.9016633449733833,0.803400992915151,0.9737510988750717,0.9679559424970618,23555,2089,2381,18081,46106,0.44380340953455083,0.0
UNSW-NB15__imbalanced__all__GRU__seed43,UNSW-NB15,43,all,imbalanced,GRU,DL,185,96820,96820,10758,,175.0,200,37.92304539680481,0.3490769863128662,0.5568926334381104,38.272122383117676,2026-09-02T01:09:44.458678+00:00,gpu1.nitsri.ac.in,0.8993406498069666,0.8970479875414503,0.8944402892046871,0.8766493988857395,0.8854554878199274,0.8987767067304768,0.8970479875414503,0.8978394568415818,0.7958228166765337,0.9720417622153036,0.9659927779829263,23527,2117,2524,17938,46106,0.44380340953455083,0.0
UNSW-NB15__imbalanced__all__GRU__seed44,UNSW-NB15,44,all,imbalanced,GRU,DL,184,96820,96820,10758,,170.0,200,36.785340785980225,0.34853196144104004,0.5692758560180664,37.133872747421265,2026-09-02T01:33:27.960727+00:00,gpu1.nitsri.ac.in,0.9028759814340866,0.8994508841548713,0.9082133006435795,0.8689766396246701,0.8881618381618381,0.9035751364496547,0.8994508841548713,0.9011651788371101,0.8030154296842307,0.9736910534261127,0.9679524445716294,23847,1797,2681,17781,46106,0.44380340953455083,0.0
UNSW-NB15__imbalanced__all__GRU__seed45,UNSW-NB15,45,all,imbalanced,GRU,DL,183,96820,96820,10758,,118.0,200,25.91582751274109,0.346071720123291,0.5648272037506104,26.26189923286438,2026-09-02T01:54:47.452024+00:00,gpu1.nitsri.ac.in,0.8984080163102416,0.8949948858029038,0.9023768234214016,0.8646271136741277,0.883098732155336,0.8989242607673046,0.8949948858029038,0.8966352820027984,0.7939094226063557,0.971595824109308,0.9654778519231073,23730,1914,2770,17692,46106,0.44380340953455083,0.0
UNSW-NB15__imbalanced__all__GRU__seed46,UNSW-NB15,46,all,imbalanced,GRU,DL,184,96820,96820,10758,,194.0,200,40.82579445838928,0.3439817428588867,0.5723907947540283,41.16977620124817,2026-09-02T02:16:43.630498+00:00,gpu1.nitsri.ac.in,0.9023120635058344,0.8997389288865363,0.9004315969085617,0.8768448831981234,0.8884817272457165,0.9020874562082914,0.8997389288865363,0.9007860936321204,0.8018229457016419,0.973647501298998,0.9677862982680556,23660,1984,2520,17942,46106,0.44380340953455083,0.0
UNSW-NB15__imbalanced__all__KNN__seed42,UNSW-NB15,42,all,imbalanced,KNN,ML,183,96820,96820,10758,,,200,0.02449202537536621,2.9481911659240723,0.8402163982391357,2.9726831912994385,2026-09-02T00:46:43.844855+00:00,gpu1.nitsri.ac.in,0.8696482019693749,0.8675509130140395,0.8561711356466877,0.8488906265272211,0.8525153374233129,0.8682048644381087,0.8675509130140395,0.8678650683463383,0.7357554868308833,0.934086034838256,0.8904946670784968,22726,2918,3092,17370,46106,0.44380340953455083,0.0
UNSW-NB15__imbalanced__all__KNN__seed43,UNSW-NB15,43,all,imbalanced,KNN,ML,185,96820,96820,10758,,,200,0.024286746978759766,2.8908307552337646,0.5568926334381104,2.9151175022125244,2026-09-02T01:08:04.825004+00:00,gpu1.nitsri.ac.in,0.8674142194074524,0.864866167265385,0.8566386638166724,0.8421952888280716,0.8493555780083294,0.8661968954929297,0.864866167265385,0.8654811511950116,0.7310618516185563,0.93148453610385,0.8890698543912655,22760,2884,3229,17233,46106,0.44380340953455083,0.0
UNSW-NB15__imbalanced__all__KNN__seed44,UNSW-NB15,44,all,imbalanced,KNN,ML,184,96820,96820,10758,,,200,0.021228790283203125,2.8893651962280273,0.5692758560180664,2.9105939865112305,2026-09-02T01:31:48.459796+00:00,gpu1.nitsri.ac.in,0.8696698911204616,0.8675358461468026,0.8564593301435407,0.8485485289805493,0.8524855775131951,0.8682482459566849,0.8675358461468026,0.8678769166195266,0.7357837472240497,0.9337721157255543,0.8922167538202377,22734,2910,3099,17363,46106,0.44380340953455083,1.1102230246251565e-16
UNSW-NB15__imbalanced__all__KNN__seed45,UNSW-NB15,45,all,imbalanced,KNN,ML,183,96820,96820,10758,,,200,0.02173328399658203,3.000213146209717,0.5648272037506104,3.021946430206299,2026-09-02T01:53:20.671167+00:00,gpu1.nitsri.ac.in,0.868889081681343,0.8667154203505023,0.8557820443216031,0.8473756231062457,0.8515580875672224,0.8674731463627748,0.8667154203505023,0.867077185134191,0.7341881757041492,0.9333687940229427,0.8910497754250837,22722,2922,3123,17339,46106,0.44380340953455083,0.0
UNSW-NB15__imbalanced__all__KNN__seed46,UNSW-NB15,46,all,imbalanced,KNN,ML,184,96820,96820,10758,,,200,0.02302241325378418,2.9345078468322754,0.5723907947540283,2.9575302600860596,2026-09-02T02:15:00.386839+00:00,gpu1.nitsri.ac.in,0.8711664425454387,0.8689355058955475,0.8589933748640364,0.8490861108396052,0.854011010617381,0.8698367183439193,0.8689355058955475,0.8693624651720552,0.738771674554359,0.9337906948918449,0.8910808746066656,22792,2852,3088,17374,46106,0.44380340953455083,0.0
UNSW-NB15__imbalanced__all__LSTM__seed42,UNSW-NB15,42,all,imbalanced,LSTM,DL,183,96820,96820,10758,,171.0,200,33.63721251487732,0.2958059310913086,0.8402163982391357,33.93301844596863,2026-09-02T00:49:01.803700+00:00,gpu1.nitsri.ac.in,0.9041556413481976,0.901904830119757,0.9001346834937896,0.8818786042420096,0.8909131304154633,0.9036918093012906,0.901904830119757,0.9027221010567152,0.8055946574747688,0.9738606948023508,0.9682679503601005,23642,2002,2417,18045,46106,0.44380340953455083,1.1102230246251565e-16
UNSW-NB15__imbalanced__all__LSTM__seed43,UNSW-NB15,43,all,imbalanced,LSTM,DL,185,96820,96820,10758,,177.0,200,34.76254177093506,0.30252695083618164,0.5568926334381104,35.06506872177124,2026-09-02T01:10:19.904652+00:00,gpu1.nitsri.ac.in,0.9008372012319438,0.8990401833844708,0.8923844330304228,0.8830515101163132,0.8876934414148858,0.899920269728917,0.8990401833844708,0.8994600949453366,0.7989599683883895,0.9726450781899897,0.9665985053221404,23465,2179,2393,18069,46106,0.44380340953455083,0.0
UNSW-NB15__imbalanced__all__LSTM__seed44,UNSW-NB15,44,all,imbalanced,LSTM,DL,184,96820,96820,10758,,172.0,200,33.64736247062683,0.29950976371765137,0.5692758560180664,33.94687223434448,2026-09-02T01:34:02.290961+00:00,gpu1.nitsri.ac.in,0.9038736823840715,0.901108201435927,0.9039818548387096,0.8765027856514515,0.8900302714505484,0.903886914627152,0.901108201435927,0.9023258658350797,0.8049903202141072,0.9738759455745574,0.9681740354543528,23739,1905,2527,17935,46106,0.44380340953455083,0.0
UNSW-NB15__imbalanced__all__LSTM__seed45,UNSW-NB15,45,all,imbalanced,LSTM,DL,183,96820,96820,10758,,191.0,200,36.969000816345215,0.2960197925567627,0.5648272037506104,37.26502060890198,2026-09-02T01:55:25.098669+00:00,gpu1.nitsri.ac.in,0.9003817290591246,0.8975592281104795,0.9000252079657172,0.872446486169485,0.8860212919075862,0.9003380579054348,0.8975592281104795,0.8987748759451251,0.7978924470983119,0.9727331353197083,0.9668089030631231,23661,1983,2610,17852,46106,0.44380340953455083,0.0
UNSW-NB15__imbalanced__all__LSTM__seed46,UNSW-NB15,46,all,imbalanced,LSTM,DL,184,96820,96820,10758,,200.0,200,38.695096015930176,0.30185866355895996,0.5723907947540283,38.996954679489136,2026-09-02T02:17:23.008105+00:00,gpu1.nitsri.ac.in,0.9038953715351581,0.9016461682566804,0.8997955010224948,0.8816342488515296,0.8906223001160178,0.9034227150121492,0.9016461682566804,0.9024589808543184,0.8050669231122007,0.9740909685988497,0.9684838557573372,23635,2009,2422,18040,46106,0.44380340953455083,1.1102230246251565e-16
UNSW-NB15__imbalanced__all__MLP__seed42,UNSW-NB15,42,all,imbalanced,MLP,DL,183,96820,96820,10758,,144.0,200,13.687029600143433,0.10068678855895996,0.8402163982391357,13.787716388702393,2026-09-02T00:49:15.968490+00:00,gpu1.nitsri.ac.in,0.9021168611460547,0.8993856884138924,0.9014751044655893,0.875085524386668,0.8880843149411035,0.9020388516269189,0.8993856884138924,0.9005534223345832,0.8014201483021193,0.9729298135850802,0.96687220796762,23687,1957,2556,17906,46106,0.44380340953455083,0.0
UNSW-NB15__imbalanced__all__MLP__seed43,UNSW-NB15,43,all,imbalanced,MLP,DL,185,96820,96820,10758,,200.0,200,19.114797830581665,0.09939432144165039,0.5568926334381104,19.214192152023315,2026-09-02T01:10:39.495991+00:00,gpu1.nitsri.ac.in,0.9020951719949681,0.8993711284764156,0.9013893083660526,0.8751343954647639,0.8880678436818091,0.9020094407683921,0.8993711284764156,0.9005330352477352,0.8013762262953538,0.9731246423191275,0.9675375203605884,23685,1959,2555,17907,46106,0.44380340953455083,0.0
UNSW-NB15__imbalanced__all__MLP__seed44,UNSW-NB15,44,all,imbalanced,MLP,DL,184,96820,96820,10758,,165.0,200,16.1124324798584,0.1003117561340332,0.5692758560180664,16.21274423599243,2026-09-02T01:34:18.879242+00:00,gpu1.nitsri.ac.in,0.9033314536069058,0.9004133703463715,0.9045548758910065,0.8744502003714202,0.8892478194965584,0.9034835158182477,0.9004133703463715,0.9017425766458528,0.8038910235796594,0.973685622988699,0.9678368993614749,23756,1888,2569,17893,46106,0.44380340953455083,0.0
UNSW-NB15__imbalanced__all__MLP__seed45,UNSW-NB15,45,all,imbalanced,MLP,DL,183,96820,96820,10758,,115.0,200,11.076446056365967,0.09710526466369629,0.5648272037506104,11.173551321029663,2026-09-02T01:55:36.649814+00:00,gpu1.nitsri.ac.in,0.8996876762243525,0.8972562575371499,0.895984397659649,0.8756231062457238,0.8856867446056501,0.8992542157588528,0.8972562575371499,0.8981599723066895,0.7965079674637074,0.9717143198936574,0.9652175441429538,23564,2080,2545,17917,46106,0.44380340953455083,0.0
UNSW-NB15__imbalanced__all__MLP__seed46,UNSW-NB15,46,all,imbalanced,MLP,DL,184,96820,96820,10758,,107.0,200,10.405329704284668,0.0984501838684082,0.5723907947540283,10.503779888153076,2026-09-02T02:17:33.885146+00:00,gpu1.nitsri.ac.in,0.9004684856634712,0.898116185739735,0.8963295880149813,0.8771869807447952,0.8866549756712031,0.8999879602971268,0.898116185739735,0.898967893828835,0.798101951119802,0.9726240911073376,0.9665939232484645,23568,2076,2513,17949,46106,0.44380340953455083,1.1102230246251565e-16
UNSW-NB15__imbalanced__all__RF__seed42,UNSW-NB15,42,all,imbalanced,RF,ML,183,96820,96820,10758,,,200,0.9771199226379395,0.06573367118835449,0.8402163982391357,1.042853593826294,2026-09-02T00:46:37.833369+00:00,gpu1.nitsri.ac.in,0.913481976315447,0.9122294132813249,0.9036906337303338,0.9010849379337308,0.9023859048085159,0.9124724810094302,0.9122294132813249,0.912349397766207,0.8247018584705865,0.9784839504360823,0.9731525654015565,23679,1965,2024,18438,46106,0.44380340953455083,0.0
UNSW-NB15__imbalanced__all__RF__seed43,UNSW-NB15,43,all,imbalanced,RF,ML,185,96820,96820,10758,,,200,0.9251670837402344,0.07613301277160645,0.5568926334381104,1.0013000965118408,2026-09-02T01:07:58.842697+00:00,gpu1.nitsri.ac.in,0.9105322517676658,0.9092123236195071,0.9005933990485999,0.897468478154628,0.8990282231415073,0.9095033882273915,0.9092123236195071,0.9093556193882735,0.8187156601081771,0.977573614167237,0.9722836225636532,23617,2027,2098,18364,46106,0.44380340953455083,1.1102230246251565e-16
UNSW-NB15__imbalanced__all__RF__seed44,UNSW-NB15,44,all,imbalanced,RF,ML,184,96820,96820,10758,,,200,0.9470076560974121,0.05959033966064453,0.5692758560180664,1.0065979957580566,2026-09-02T01:31:42.522388+00:00,gpu1.nitsri.ac.in,0.9125927211208953,0.9114151926102112,0.9019962814365398,0.9009383246994429,0.9014669926650367,0.9115131788981047,0.9114151926102112,0.911463929759397,0.82292836567469,0.978285871443741,0.9730241546028217,23641,2003,2027,18435,46106,0.44380340953455083,0.0
UNSW-NB15__imbalanced__all__RF__seed45,UNSW-NB15,45,all,imbalanced,RF,ML,183,96820,96820,10758,,,200,1.0608510971069336,0.05604696273803711,0.5648272037506104,1.1168980598449707,2026-09-02T01:53:14.618942+00:00,gpu1.nitsri.ac.in,0.9109660347893983,0.9097059722012526,0.9006515455836966,0.8984947707946437,0.899571865443425,0.9099062032592908,0.9097059722012526,0.9098050222672645,0.8196121510023433,0.9778343609218839,0.972326785359957,23616,2028,2077,18385,46106,0.44380340953455083,0.0
UNSW-NB15__imbalanced__all__RF__seed46,UNSW-NB15,46,all,imbalanced,RF,ML,184,96820,96820,10758,,,200,0.9607913494110107,0.059325218200683594,0.5723907947540283,1.0201165676116943,2026-09-02T02:14:54.364172+00:00,gpu1.nitsri.ac.in,0.9139157593371795,0.9127181240622848,0.903784948342555,0.9020623594956505,0.902922832334597,0.912878340308411,0.9127181240622848,0.9127975550415752,0.8255964488248166,0.9785273815480098,0.97299533698486,23679,1965,2004,18458,46106,0.44380340953455083,0.0
UNSW-NB15__imbalanced__all__SVM__seed42,UNSW-NB15,42,all,imbalanced,SVM,ML,183,96820,96820,10758,100000.0,,200,30.514508962631226,13.76757025718689,0.8402163982391357,44.282079219818115,2026-09-02T00:47:41.880873+00:00,gpu1.nitsri.ac.in,0.8487615494729537,0.8591785373227074,0.7648537207932457,0.951861988075457,0.8481720992009057,0.8585665823093209,0.8591785373227074,0.8487592698661977,0.7177448587532036,0.9502110931751991,0.9364929698775046,19656,5988,985,19477,46106,0.44380340953455083,1.1102230246251565e-16
UNSW-NB15__imbalanced__all__SVM__seed43,UNSW-NB15,43,all,imbalanced,SVM,ML,185,96820,96820,10758,100000.0,,200,30.4091157913208,14.24736213684082,0.5568926334381104,44.65647792816162,2026-09-02T01:09:03.758805+00:00,gpu1.nitsri.ac.in,0.8478289159762287,0.8579697995185036,0.7651234324473539,0.9481966572182582,0.8468790920995198,0.8570170854158883,0.8579697995185036,0.8478230604487942,0.7149862501922845,0.9493063931648731,0.9347765009110176,19688,5956,1060,19402,46106,0.44380340953455083,1.1102230246251565e-16
UNSW-NB15__imbalanced__all__SVM__seed44,UNSW-NB15,44,all,imbalanced,SVM,ML,184,96820,96820,10758,100000.0,,200,29.862643480300903,14.89276647567749,0.5692758560180664,44.755409955978394,2026-09-02T01:32:48.367145+00:00,gpu1.nitsri.ac.in,0.8481325640914414,0.8596352276757242,0.7597653234522155,0.9619783012413253,0.8489971964632306,0.8606233291189189,0.8596352276757242,0.8481275847505281,0.7202578790207298,0.9510965146086257,0.9374244799361704,19420,6224,778,19684,46106,0.44380340953455083,1.1102230246251565e-16
UNSW-NB15__imbalanced__all__SVM__seed45,UNSW-NB15,45,all,imbalanced,SVM,ML,183,96820,96820,10758,100000.0,,200,29.8738272190094,14.040894746780396,0.5648272037506104,43.914721965789795,2026-09-02T01:54:18.638746+00:00,gpu1.nitsri.ac.in,0.8457901357740858,0.8569517492514706,0.758940345977814,0.9562603851040954,0.8462503243664042,0.8574518695053408,0.8569517492514706,0.8457887542472466,0.7144034437014978,0.9497275650840258,0.9347805056298583,19429,6215,895,19567,46106,0.44380340953455083,1.1102230246251565e-16
UNSW-NB15__imbalanced__all__SVM__seed46,UNSW-NB15,46,all,imbalanced,SVM,ML,184,96820,96820,10758,100000.0,,200,30.28036880493164,14.5907461643219,0.5723907947540283,44.87111496925354,2026-09-02T02:15:59.958923+00:00,gpu1.nitsri.ac.in,0.8475686461631892,0.8585505637889842,0.7613618677042802,0.9562603851040954,0.8477535635371084,0.8587511092907365,0.8585505637889842,0.8475684212908126,0.717301645045143,0.9487735451912483,0.9341752772706096,19511,6133,895,19567,46106,0.44380340953455083,1.1102230246251565e-16
UNSW-NB15__imbalanced__all__SimpleRNN__seed42,UNSW-NB15,42,all,imbalanced,SimpleRNN,DL,183,96820,96820,10758,,153.0,200,22.39261746406555,0.18425297737121582,0.8402163982391357,22.576870441436768,2026-09-02T00:49:38.929769+00:00,gpu1.nitsri.ac.in,0.9049364507873162,0.9029178301466967,0.8992402045985003,0.8849574821620565,0.8920416759033474,0.9042968322464949,0.9029178301466967,0.9035606050646103,0.8072134844858347,0.9746188120704047,0.969064809506476,23615,2029,2354,18108,46106,0.44380340953455083,0.0
UNSW-NB15__imbalanced__all__SimpleRNN__seed43,UNSW-NB15,43,all,imbalanced,SimpleRNN,DL,185,96820,96820,10758,,200.0,200,28.934029579162598,0.18185830116271973,0.5568926334381104,29.115887880325317,2026-09-02T01:11:09.000681+00:00,gpu1.nitsri.ac.in,0.9022686852036611,0.8983272247916065,0.9118315093950031,0.8632587234874401,0.8868805543003464,0.9035853888712129,0.8983272247916065,0.9004260345292254,0.8018953745109434,0.9739372326202791,0.9685352060448809,23936,1708,2798,17664,46106,0.44380340953455083,1.1102230246251565e-16
UNSW-NB15__imbalanced__all__SimpleRNN__seed44,UNSW-NB15,44,all,imbalanced,SimpleRNN,DL,184,96820,96820,10758,,138.0,200,20.11920738220215,0.18891406059265137,0.5692758560180664,20.3081214427948,2026-09-02T01:34:39.580110+00:00,gpu1.nitsri.ac.in,0.9039170606862448,0.9017545464090841,0.8991236805417248,0.8825139282572574,0.8907413801608051,0.903370156311136,0.9017545464090841,0.9024991691575519,0.8051230817303446,0.9742670723766564,0.9686749804430556,23618,2026,2404,18058,46106,0.44380340953455083,1.1102230246251565e-16
UNSW-NB15__imbalanced__all__SimpleRNN__seed45,UNSW-NB15,45,all,imbalanced,SimpleRNN,DL,183,96820,96820,10758,,158.0,200,23.133338451385498,0.1816253662109375,0.5648272037506104,23.314963817596436,2026-09-02T01:56:00.354115+00:00,gpu1.nitsri.ac.in,0.9025723333188739,0.8997408251087601,0.9028758829465187,0.8745479425276121,0.8884861724839879,0.9026096678675377,0.8997408251087601,0.9009925566829722,0.8023453641173066,0.9736169444878067,0.9679397022502243,23719,1925,2567,17895,46106,0.44380340953455083,0.0
UNSW-NB15__imbalanced__all__SimpleRNN__seed46,UNSW-NB15,46,all,imbalanced,SimpleRNN,DL,184,96820,96820,10758,,200.0,200,29.124698638916016,0.18323850631713867,0.5723907947540283,29.307937145233154,2026-09-02T02:18:03.582066+00:00,gpu1.nitsri.ac.in,0.9041773304992843,0.9009515811032502,0.9082027274577651,0.8722510018571009,0.8898638879194296,0.9046948467560241,0.9009515811032502,0.9025310840418677,0.8056377316664491,0.9745541204005594,0.9689037136858927,23840,1804,2614,17848,46106,0.44380340953455083,1.1102230246251565e-16
UNSW-NB15__imbalanced__top10__CNN__seed42,UNSW-NB15,42,top10,imbalanced,CNN,DL,10,96820,96820,10758,,107.0,200,24.959238052368164,0.13266491889953613,0.3314352035522461,25.0919029712677,2026-09-02T00:56:56.268210+00:00,gpu1.nitsri.ac.in,0.8945256582657355,0.8939490020428278,0.8754271961492178,0.8888182973316391,0.8820719256977957,0.8928081462566784,0.8939490020428278,0.8933361099798444,0.7867563211366314,0.9688826397916749,0.9604348429991929,23056,2588,2275,18187,46106,0.44380340953455083,0.0
UNSW-NB15__imbalanced__top10__CNN__seed43,UNSW-NB15,43,top10,imbalanced,CNN,DL,10,96820,96820,10758,,125.0,200,29.195523023605347,0.13149595260620117,0.33280110359191895,29.327018976211548,2026-09-02T01:19:22.431401+00:00,gpu1.nitsri.ac.in,0.8950895761939878,0.8942485556046528,0.8780546818291798,0.8867657120516078,0.8823886984219612,0.8934906088678936,0.8942485556046528,0.8938516850238416,0.7877387998319302,0.9681740263110419,0.9596500054704664,23124,2520,2317,18145,46106,0.44380340953455083,0.0
UNSW-NB15__imbalanced__top10__CNN__seed44,UNSW-NB15,44,top10,imbalanced,CNN,DL,10,96820,96820,10758,,121.0,200,28.704346179962158,0.13183140754699707,0.34092211723327637,28.836177587509155,2026-09-02T01:42:03.118179+00:00,gpu1.nitsri.ac.in,0.8923350540059862,0.891797031849261,0.8725122584366888,0.8870100674420878,0.8797014346645987,0.8905716524557772,0.891797031849261,0.8911343791050873,0.7823677246835651,0.968144103162051,0.9595141997186822,22992,2652,2312,18150,46106,0.44380340953455083,0.0
UNSW-NB15__imbalanced__top10__CNN__seed45,UNSW-NB15,45,top10,imbalanced,CNN,DL,10,96820,96820,10758,,83.0,200,19.289327144622803,0.13251376152038574,0.3309645652770996,19.42184090614319,2026-09-02T02:03:48.042491+00:00,gpu1.nitsri.ac.in,0.8918795818331671,0.8910814356970423,0.8738586405140345,0.8839800606001368,0.8788902116080756,0.8902099122198621,0.8910814356970423,0.8906213805097243,0.7812908618284501,0.9678228411908285,0.9594118738563582,23033,2611,2374,18088,46106,0.44380340953455083,0.0
UNSW-NB15__imbalanced__top10__CNN__seed46,UNSW-NB15,46,top10,imbalanced,CNN,DL,10,96820,96820,10758,,89.0,200,20.626980781555176,0.13521528244018555,0.334489107131958,20.76219606399536,2026-09-02T02:24:40.606388+00:00,gpu1.nitsri.ac.in,0.8936580922222704,0.8927839440510543,0.8765671136066605,0.8850063532401525,0.8807665183239707,0.8920502090609638,0.8927839440510543,0.8924002484555986,0.7848338101305415,0.9679681289753108,0.9590172840391592,23094,2550,2353,18109,46106,0.44380340953455083,0.0
UNSW-NB15__imbalanced__top10__DT__seed42,UNSW-NB15,42,top10,imbalanced,DT,ML,10,96820,96820,10758,,,200,0.45108461380004883,0.004258155822753906,0.3314352035522461,0.45534276962280273,2026-09-02T00:54:11.049496+00:00,gpu1.nitsri.ac.in,0.8856331063202186,0.8843945843070006,0.8695081010071523,0.8733750366533086,0.8714372790442521,0.884055502387895,0.8843945843070006,0.8842214814855223,0.7684500118842114,0.8897791617290566,0.8232001822872069,22962,2682,2591,17871,46106,0.44380340953455083,1.1102230246251565e-16
UNSW-NB15__imbalanced__top10__DT__seed43,UNSW-NB15,43,top10,imbalanced,DT,ML,10,96820,96820,10758,,,200,0.4416468143463135,0.004224061965942383,0.33280110359191895,0.44587087631225586,2026-09-02T01:16:33.124734+00:00,gpu1.nitsri.ac.in,0.881078384592027,0.8792483077045655,0.8682696562914884,0.8629654970188643,0.8656094512120395,0.8797283707744842,0.8792483077045655,0.879481636115035,0.7589765266558246,0.8847133078179196,0.8178858184783648,22965,2679,2804,17658,46106,0.44380340953455083,0.0
UNSW-NB15__imbalanced__top10__DT__seed44,UNSW-NB15,44,top10,imbalanced,DT,ML,10,96820,96820,10758,,,200,0.445631742477417,0.004296302795410156,0.34092211723327637,0.44992804527282715,2026-09-02T01:39:13.663945+00:00,gpu1.nitsri.ac.in,0.8835943261180758,0.8815989257571408,0.8725872537888137,0.8638451764245919,0.8681942090915789,0.8824037278654309,0.8815989257571408,0.8819832249893449,0.7640022297322814,0.887268078491205,0.8222436123467697,23063,2581,2786,17676,46106,0.44380340953455083,1.1102230246251565e-16
UNSW-NB15__imbalanced__top10__DT__seed45,UNSW-NB15,45,top10,imbalanced,DT,ML,10,96820,96820,10758,,,200,0.4521298408508301,0.004300117492675781,0.3309645652770996,0.45642995834350586,2026-09-02T02:01:08.078348+00:00,gpu1.nitsri.ac.in,0.8843751355571943,0.8826366147880086,0.8716412044996807,0.8671684097351188,0.8693990543619393,0.8830418535605709,0.8826366147880086,0.8828344871949794,0.7656783611113506,0.8878046074228452,0.8221062810516538,23031,2613,2718,17744,46106,0.44380340953455083,0.0
UNSW-NB15__imbalanced__top10__DT__seed46,UNSW-NB15,46,top10,imbalanced,DT,ML,10,96820,96820,10758,,,200,0.4554462432861328,0.0043604373931884766,0.334489107131958,0.4598066806793213,2026-09-02T02:21:58.938112+00:00,gpu1.nitsri.ac.in,0.8842666898017612,0.8826181309092669,0.870844365989997,0.8679503469846545,0.8693949481104366,0.8828786235674939,0.8826181309092669,0.8827463875219992,0.7654967101549354,0.8881456758639886,0.8219827424493162,23010,2634,2702,17760,46106,0.44380340953455083,0.0
UNSW-NB15__imbalanced__top10__GNB__seed42,UNSW-NB15,42,top10,imbalanced,GNB,ML,10,96820,96820,10758,,,200,0.009329795837402344,0.001245260238647461,0.3314352035522461,0.010575056076049805,2026-09-02T00:54:12.022326+00:00,gpu1.nitsri.ac.in,0.8176809959658179,0.8302754072395455,0.7274030481364117,0.9423321278467403,0.8210347030019162,0.833596411301597,0.8302754072395455,0.8176169492198918,0.6638635118645575,0.8377866350476662,0.7260536275336857,18418,7226,1180,19282,46106,0.44380340953455083,0.0
UNSW-NB15__imbalanced__top10__GNB__seed43,UNSW-NB15,43,top10,imbalanced,GNB,ML,10,96820,96820,10758,,,200,0.009172439575195312,0.001216888427734375,0.33280110359191895,0.010389328002929688,2026-09-02T01:16:34.120631+00:00,gpu1.nitsri.ac.in,0.814536069058257,0.8270630867302239,0.7247612937313658,0.9385201837552536,0.8179049809408208,0.8303035394150224,0.8270630867302239,0.81447256648747,0.6573586392799456,0.8358866165679799,0.7250118027271757,18351,7293,1258,19204,46106,0.44380340953455083,0.0
UNSW-NB15__imbalanced__top10__GNB__seed44,UNSW-NB15,44,top10,imbalanced,GNB,ML,10,96820,96820,10758,,,200,0.009293079376220703,0.0012445449829101562,0.34092211723327637,0.01053762435913086,2026-09-02T01:39:14.664390+00:00,gpu1.nitsri.ac.in,0.8192859931462283,0.8319256275039566,0.7287125725922016,0.9443847131267715,0.8226479352916135,0.8353078893183593,0.8319256275039566,0.8192210316712755,0.66722494428498,0.8380329686076619,0.726408938737927,18450,7194,1138,19324,46106,0.44380340953455083,1.1102230246251565e-16
UNSW-NB15__imbalanced__top10__GNB__seed45,UNSW-NB15,45,top10,imbalanced,GNB,ML,10,96820,96820,10758,,,200,0.009872198104858398,0.0012366771697998047,0.3309645652770996,0.011108875274658203,2026-09-02T02:01:09.169655+00:00,gpu1.nitsri.ac.in,0.8168134299223528,0.8296189427286917,0.7258816452364839,0.9435539047991399,0.8205269868253293,0.8333375829217071,0.8296189427286917,0.816734967544486,0.6629460963136921,0.8389013840722304,0.7287746919149907,18353,7291,1155,19307,46106,0.44380340953455083,1.1102230246251565e-16
UNSW-NB15__imbalanced__top10__GNB__seed46,UNSW-NB15,46,top10,imbalanced,GNB,ML,10,96820,96820,10758,,,200,0.00928044319152832,0.0012505054473876953,0.334489107131958,0.010530948638916016,2026-09-02T02:21:59.939306+00:00,gpu1.nitsri.ac.in,0.8178328200234243,0.830584714434879,0.7269955967031726,0.9440426155800997,0.8214232560117365,0.8341914251752361,0.830584714434879,0.8177591500847101,0.6647663555209175,0.8379526602614225,0.7265016713592473,18390,7254,1145,19317,46106,0.44380340953455083,0.0
UNSW-NB15__imbalanced__top10__GRU__seed42,UNSW-NB15,42,top10,imbalanced,GRU,DL,10,96820,96820,10758,,200.0,200,40.830870628356934,0.32212376594543457,0.3314352035522461,41.15299439430237,2026-09-02T00:55:09.031222+00:00,gpu1.nitsri.ac.in,0.8921832299483798,0.8901792074457355,0.8832698302736405,0.872348744013293,0.8777753190233828,0.8912043633354533,0.8901792074457355,0.8906639153080477,0.7813828982913326,0.9663021452916798,0.9565348929548254,23285,2359,2612,17850,46106,0.44380340953455083,1.1102230246251565e-16
UNSW-NB15__imbalanced__top10__GRU__seed43,UNSW-NB15,43,top10,imbalanced,GRU,DL,10,96820,96820,10758,,200.0,200,40.19690299034119,0.32512664794921875,0.33280110359191895,40.522029638290405,2026-09-02T01:17:30.930233+00:00,gpu1.nitsri.ac.in,0.88851776341474,0.8860693525497675,0.882132881085395,0.8642850161274558,0.8731177487040237,0.8877814608819408,0.8860693525497675,0.8868509326863123,0.7738489194500277,0.9651882671953129,0.95474019969362,23281,2363,2777,17685,46106,0.44380340953455083,1.1102230246251565e-16
UNSW-NB15__imbalanced__top10__GRU__seed44,UNSW-NB15,44,top10,imbalanced,GRU,DL,10,96820,96820,10758,,200.0,200,41.00081968307495,0.3231806755065918,0.34092211723327637,41.32400035858154,2026-09-02T01:40:11.990721+00:00,gpu1.nitsri.ac.in,0.8894503969114649,0.8875496693971809,0.8791018998272885,0.8706382562799335,0.8748496083679131,0.8883338917502605,0.8875496693971809,0.8879249498574537,0.7758831648219571,0.9651269944427234,0.9549040916652465,23194,2450,2647,17815,46106,0.44380340953455083,1.1102230246251565e-16
UNSW-NB15__imbalanced__top10__GRU__seed45,UNSW-NB15,45,top10,imbalanced,GRU,DL,10,96820,96820,10758,,200.0,200,40.450865745544434,0.3223299980163574,0.3309645652770996,40.77319574356079,2026-09-02T02:02:06.255793+00:00,gpu1.nitsri.ac.in,0.8894937752136381,0.8873417748344241,0.8810692853246045,0.8681947023751344,0.8745846153846154,0.8885553033414835,0.8873417748344241,0.8879097113017442,0.7758961291761116,0.9650667955808104,0.9551109888848662,23246,2398,2697,17765,46106,0.44380340953455083,0.0
UNSW-NB15__imbalanced__top10__GRU__seed46,UNSW-NB15,46,top10,imbalanced,GRU,DL,10,96820,96820,10758,,200.0,200,40.34953045845032,0.32704687118530273,0.334489107131958,40.67657732963562,2026-09-02T02:22:57.336066+00:00,gpu1.nitsri.ac.in,0.8882574936017005,0.8880870168488664,0.8650104901773794,0.8865702277392239,0.8756576724429213,0.8863327297707937,0.8880870168488664,0.8870982048456679,0.7744177596306182,0.9639603727822719,0.9527290340931369,22813,2831,2321,18141,46106,0.44380340953455083,1.1102230246251565e-16
UNSW-NB15__imbalanced__top10__KNN__seed42,UNSW-NB15,42,top10,imbalanced,KNN,ML,10,96820,96820,10758,,,200,0.09154725074768066,0.363018274307251,0.3314352035522461,0.45456552505493164,2026-09-02T00:54:12.911034+00:00,gpu1.nitsri.ac.in,0.8772610940007808,0.8762611078410965,0.8576813415164548,0.8673638940475027,0.8624954440529705,0.8754428035249215,0.8762611078410965,0.8758292681416115,0.7517034659631527,0.9321791061055213,0.884232552745081,22699,2945,2714,17748,46106,0.44380340953455083,0.0
UNSW-NB15__imbalanced__top10__KNN__seed43,UNSW-NB15,43,top10,imbalanced,KNN,ML,10,96820,96820,10758,,,200,0.09087228775024414,0.4915738105773926,0.33280110359191895,0.5824460983276367,2026-09-02T01:16:35.236799+00:00,gpu1.nitsri.ac.in,0.8737474515247473,0.8724803113436046,0.8553123331553657,0.8612061382074089,0.8582491172531352,0.8719764426236383,0.8724803113436046,0.8722199503406467,0.7444565834511486,0.9311424033007851,0.8819070063921608,22663,2981,2840,17622,46106,0.44380340953455083,0.0
UNSW-NB15__imbalanced__top10__KNN__seed44,UNSW-NB15,44,top10,imbalanced,KNN,ML,10,96820,96820,10758,,,200,0.09744429588317871,0.4414093494415283,0.34092211723327637,0.538853645324707,2026-09-02T01:39:15.679983+00:00,gpu1.nitsri.ac.in,0.8724461024595498,0.871068494809367,0.8545100899586676,0.8588114553807057,0.8566553732907597,0.8706989195339714,0.871068494809367,0.8708792154135736,0.7417673222754679,0.9296452062640785,0.8812369237558342,22652,2992,2889,17573,46106,0.44380340953455083,0.0
UNSW-NB15__imbalanced__top10__KNN__seed45,UNSW-NB15,45,top10,imbalanced,KNN,ML,10,96820,96820,10758,,,200,0.0983731746673584,0.44898176193237305,0.3309645652770996,0.5473549365997314,2026-09-02T02:01:10.214150+00:00,gpu1.nitsri.ac.in,0.8732919793519281,0.8722782464730915,0.8530036700791964,0.8632587234874401,0.8581005586592179,0.8714187576319283,0.8722782464730915,0.8718228979574056,0.7436965074502594,0.931198902147173,0.8822072696163239,22600,3044,2798,17664,46106,0.44380340953455083,0.0
UNSW-NB15__imbalanced__top10__KNN__seed46,UNSW-NB15,46,top10,imbalanced,KNN,ML,10,96820,96820,10758,,,200,0.09268045425415039,0.7876303195953369,0.334489107131958,0.8803107738494873,2026-09-02T02:22:01.704673+00:00,gpu1.nitsri.ac.in,0.8765019737127488,0.8755490601972001,0.8564394670785866,0.8670706675789268,0.8617222788867842,0.8746553381080211,0.8755490601972001,0.8750748009239737,0.7502038659573318,0.931446720287181,0.8823729014071724,22670,2974,2720,17742,46106,0.44380340953455083,0.0
UNSW-NB15__imbalanced__top10__LSTM__seed42,UNSW-NB15,42,top10,imbalanced,LSTM,DL,10,96820,96820,10758,,200.0,200,36.90023756027222,0.29145121574401855,0.3314352035522461,37.191688776016235,2026-09-02T00:55:46.787305+00:00,gpu1.nitsri.ac.in,0.8883442502060469,0.886920682003937,0.8741692728694292,0.8742547160590363,0.8742119923764844,0.8869130429552669,0.886920682003937,0.8869168607516709,0.7738337249214988,0.9643072375650168,0.9533389354130732,23069,2575,2573,17889,46106,0.44380340953455083,1.1102230246251565e-16
UNSW-NB15__imbalanced__top10__LSTM__seed43,UNSW-NB15,43,top10,imbalanced,LSTM,DL,10,96820,96820,10758,,200.0,200,37.24246311187744,0.2909204959869385,0.33280110359191895,37.53338360786438,2026-09-02T01:18:09.035207+00:00,gpu1.nitsri.ac.in,0.8849607426365332,0.8826149578338875,0.8769146608315098,0.8617437200664647,0.8692630022183879,0.8840492990287252,0.8826149578338875,0.8832779516726887,0.7666629151172233,0.9629613886009045,0.9514829843467456,23169,2475,2829,17633,46106,0.44380340953455083,0.0
UNSW-NB15__imbalanced__top10__LSTM__seed44,UNSW-NB15,44,top10,imbalanced,LSTM,DL,10,96820,96820,10758,,200.0,200,37.16830229759216,0.29175305366516113,0.34092211723327637,37.460055351257324,2026-09-02T01:40:50.019057+00:00,gpu1.nitsri.ac.in,0.8881490478462672,0.8860292212456595,0.8791557251151959,0.8671684097351188,0.8731209250830361,0.8871533746511057,0.8860292212456595,0.8865575537044711,0.7731817786761284,0.9643894202173438,0.9533152394411121,23205,2439,2718,17744,46106,0.44380340953455083,0.0
UNSW-NB15__imbalanced__top10__LSTM__seed45,UNSW-NB15,45,top10,imbalanced,LSTM,DL,10,96820,96820,10758,,200.0,200,37.308194160461426,0.28959107398986816,0.3309645652770996,37.597785234451294,2026-09-02T02:02:44.418631+00:00,gpu1.nitsri.ac.in,0.881837504880059,0.8801282405751734,0.868315180060838,0.8649203401427036,0.8666144354127902,0.8804334413754664,0.8801282405751734,0.8802780945168607,0.7605616207146253,0.9617027734820881,0.9503651382413343,22960,2684,2764,17698,46106,0.44380340953455083,1.1102230246251565e-16
UNSW-NB15__imbalanced__top10__LSTM__seed46,UNSW-NB15,46,top10,imbalanced,LSTM,DL,10,96820,96820,10758,,200.0,200,37.143479347229004,0.2927837371826172,0.334489107131958,37.43626308441162,2026-09-02T02:23:35.337794+00:00,gpu1.nitsri.ac.in,0.8835509478159025,0.8807451931509871,0.8786692759295499,0.8557814485387548,0.8670743482458964,0.8829683622265314,0.8807451931509871,0.8817338511457767,0.7637103195496521,0.9619263552340254,0.950209730152328,23226,2418,2951,17511,46106,0.44380340953455083,1.1102230246251565e-16
UNSW-NB15__imbalanced__top10__MLP__seed42,UNSW-NB15,42,top10,imbalanced,MLP,DL,10,96820,96820,10758,,200.0,200,16.033560752868652,0.0812840461730957,0.3314352035522461,16.114844799041748,2026-09-02T00:56:03.464923+00:00,gpu1.nitsri.ac.in,0.892291675703813,0.8924345150803676,0.8675870575955973,0.8937054051412374,0.8804525758305248,0.8903421942924447,0.8924345150803676,0.8912248670121996,0.7827739130363559,0.9663605889569415,0.9564531477177785,22853,2791,2175,18287,46106,0.44380340953455083,1.1102230246251565e-16
UNSW-NB15__imbalanced__top10__MLP__seed43,UNSW-NB15,43,top10,imbalanced,MLP,DL,10,96820,96820,10758,,200.0,200,16.33685874938965,0.08037781715393066,0.33280110359191895,16.41723656654358,2026-09-02T01:18:26.023865+00:00,gpu1.nitsri.ac.in,0.8916410011712141,0.8901855440677395,0.8784378976216111,0.8772358518228912,0.8778364632237872,0.8902940500884622,0.8901855440677395,0.8902394569607126,0.7804795866136875,0.9659237422359895,0.955511346073853,23160,2484,2512,17950,46106,0.44380340953455083,0.0
UNSW-NB15__imbalanced__top10__MLP__seed44,UNSW-NB15,44,top10,imbalanced,MLP,DL,10,96820,96820,10758,,200.0,200,16.0234694480896,0.08040666580200195,0.34092211723327637,16.1038761138916,2026-09-02T01:41:06.677399+00:00,gpu1.nitsri.ac.in,0.8890599921919056,0.8866901166275385,0.8822035164616228,0.8656045352360473,0.8738252053578036,0.8882760638130466,0.8866901166275385,0.8874186696771407,0.7749645576400216,0.9651387691251448,0.9545064325045567,23279,2365,2750,17712,46106,0.44380340953455083,1.1102230246251565e-16
UNSW-NB15__imbalanced__top10__MLP__seed45,UNSW-NB15,45,top10,imbalanced,MLP,DL,10,96820,96820,10758,,200.0,200,16.08245849609375,0.08118295669555664,0.3309645652770996,16.163641452789307,2026-09-02T02:03:01.150686+00:00,gpu1.nitsri.ac.in,0.8909469483364421,0.8910232054758903,0.8664640516668249,0.8917016909393021,0.8789017341040463,0.8889969571652554,0.8910232054758903,0.8898572428115118,0.7800175308571615,0.9661120485373125,0.9568360632496741,22832,2812,2216,18246,46106,0.44380340953455083,0.0
UNSW-NB15__imbalanced__top10__MLP__seed46,UNSW-NB15,46,top10,imbalanced,MLP,DL,10,96820,96820,10758,,200.0,200,16.172789573669434,0.07918167114257812,0.334489107131958,16.25197124481201,2026-09-02T02:23:52.160435+00:00,gpu1.nitsri.ac.in,0.8902312063505834,0.8893132151435363,0.8727431143811414,0.8811455380705698,0.876924199314219,0.8885859636039004,0.8893132151435363,0.8889328283568805,0.7778988387966231,0.9650482002156365,0.954486979408098,23015,2629,2432,18030,46106,0.44380340953455083,1.1102230246251565e-16
UNSW-NB15__imbalanced__top10__RF__seed42,UNSW-NB15,42,top10,imbalanced,RF,ML,10,96820,96820,10758,,,200,0.7486727237701416,0.05463147163391113,0.3314352035522461,0.8033041954040527,2026-09-02T00:54:11.950430+00:00,gpu1.nitsri.ac.in,0.9068234069318527,0.9055819423295055,0.8954114078857255,0.8945362134688691,0.8949735967142578,0.9056623747658055,0.9055819423295055,0.9056219819542288,0.8112443131079937,0.9747675197250181,0.9676508122868617,23506,2138,2158,18304,46106,0.44380340953455083,0.0
UNSW-NB15__imbalanced__top10__RF__seed43,UNSW-NB15,43,top10,imbalanced,RF,ML,10,96820,96820,10758,,,200,0.7530243396759033,0.050118446350097656,0.33280110359191895,0.803142786026001,2026-09-02T01:16:34.049473+00:00,gpu1.nitsri.ac.in,0.902507265865614,0.9013266195555878,0.8896481038606081,0.8908220115335744,0.8902346707040121,0.9012201951164696,0.9013266195555878,0.9012730872881758,0.8025468076156705,0.9734788261385059,0.9664393011683131,23383,2261,2234,18228,46106,0.44380340953455083,1.1102230246251565e-16
UNSW-NB15__imbalanced__top10__RF__seed44,UNSW-NB15,44,top10,imbalanced,RF,ML,10,96820,96820,10758,,,200,0.7656691074371338,0.05495166778564453,0.34092211723327637,0.8206207752227783,2026-09-02T01:39:14.593120+00:00,gpu1.nitsri.ac.in,0.9058690842840411,0.9046697260373198,0.8939112587959344,0.8939986316098133,0.8939549430679763,0.9046617365658949,0.9046697260373198,0.9046657295381219,0.8093314625637797,0.9745464878678901,0.9674382126735291,23473,2171,2169,18293,46106,0.44380340953455083,0.0
UNSW-NB15__imbalanced__top10__RF__seed45,UNSW-NB15,45,top10,imbalanced,RF,ML,10,96820,96820,10758,,,200,0.8783063888549805,0.04470252990722656,0.3309645652770996,0.923008918762207,2026-09-02T02:01:09.098187+00:00,gpu1.nitsri.ac.in,0.9057389493775214,0.9043305385723921,0.895387634936212,0.891799433095494,0.8935899319328142,0.9046634202046371,0.9043305385723921,0.9044940121022841,0.8089938902906182,0.9744551271188502,0.9678709890902428,23512,2132,2214,18248,46106,0.44380340953455083,1.1102230246251565e-16
UNSW-NB15__imbalanced__top10__RF__seed46,UNSW-NB15,46,top10,imbalanced,RF,ML,10,96820,96820,10758,,,200,0.7776029109954834,0.054787635803222656,0.334489107131958,0.832390546798706,2026-09-02T02:21:59.868282+00:00,gpu1.nitsri.ac.in,0.9063028673057737,0.9051633746190652,0.8939763741091478,0.8950249242498289,0.8945003418970402,0.9050678123473139,0.9051633746190652,0.905115339487846,0.8102311813308593,0.9745492626413151,0.9673661141920701,23472,2172,2148,18314,46106,0.44380340953455083,0.0
UNSW-NB15__imbalanced__top10__SVM__seed42,UNSW-NB15,42,top10,imbalanced,SVM,ML,10,96820,96820,10758,100000.0,,200,5.453279495239258,4.464138984680176,0.3314352035522461,9.917418479919434,2026-09-02T00:54:27.340957+00:00,gpu1.nitsri.ac.in,0.863488483060773,0.8691289262796215,0.8020380318922146,0.9193138500635324,0.8566809363329994,0.8645763177296142,0.8691289262796215,0.8631797923341327,0.733691119506051,0.9493123114745372,0.9287082590445829,21001,4643,1651,18811,46106,0.44380340953455083,0.0
UNSW-NB15__imbalanced__top10__SVM__seed43,UNSW-NB15,43,top10,imbalanced,SVM,ML,10,96820,96820,10758,100000.0,,200,5.619293212890625,4.4938905239105225,0.33280110359191895,10.113183736801147,2026-09-02T01:16:49.882870+00:00,gpu1.nitsri.ac.in,0.8619702424847091,0.8674233763470477,0.8014196527837167,0.9159417456749096,0.8548622514139755,0.862857713715802,0.8674233763470477,0.8616383873065245,0.7302668178331271,0.9477377742987405,0.9259350483489965,21000,4644,1720,18742,46106,0.44380340953455083,0.0
UNSW-NB15__imbalanced__top10__SVM__seed44,UNSW-NB15,44,top10,imbalanced,SVM,ML,10,96820,96820,10758,100000.0,,200,5.513303756713867,4.4137187004089355,0.34092211723327637,9.927022457122803,2026-09-02T01:39:30.099674+00:00,gpu1.nitsri.ac.in,0.8640090226868521,0.8697499438222727,0.8020602758385833,0.9208288534845078,0.8573508668153069,0.8652116184180977,0.8697499438222727,0.8637121112641747,0.7349475502192871,0.9490765386335898,0.927776137600594,20994,4650,1620,18842,46106,0.44380340953455083,1.1102230246251565e-16
UNSW-NB15__imbalanced__top10__SVM__seed45,UNSW-NB15,45,top10,imbalanced,SVM,ML,10,96820,96820,10758,100000.0,,200,5.432790279388428,4.59539532661438,0.3309645652770996,10.028185606002808,2026-09-02T02:01:24.936664+00:00,gpu1.nitsri.ac.in,0.8626642953194812,0.8682349404012972,0.8015364916773368,0.917798846642557,0.8557368085300282,0.8636805760556379,0.8682349404012972,0.8623468810862062,0.7319013464913348,0.9483635647947176,0.9275280238024933,20994,4650,1682,18780,46106,0.44380340953455083,0.0
UNSW-NB15__imbalanced__top10__SVM__seed46,UNSW-NB15,46,top10,imbalanced,SVM,ML,10,96820,96820,10758,100000.0,,200,5.452845096588135,4.4338507652282715,0.334489107131958,9.886695861816406,2026-09-02T02:22:16.114677+00:00,gpu1.nitsri.ac.in,0.8614497028586301,0.8669653062303222,0.8005466814726232,0.9160394878311016,0.85440787674355,0.8624185901634225,0.8669653062303222,0.861124825495244,0.7293697249622636,0.9469838106149445,0.925048942244458,20974,4670,1718,18744,46106,0.44380340953455083,1.1102230246251565e-16
UNSW-NB15__imbalanced__top10__SimpleRNN__seed42,UNSW-NB15,42,top10,imbalanced,SimpleRNN,DL,10,96820,96820,10758,,200.0,200,26.35008454322815,0.16717958450317383,0.3314352035522461,26.517264127731323,2026-09-02T00:56:30.563089+00:00,gpu1.nitsri.ac.in,0.8930941742940182,0.8922671272546616,0.8755379333687926,0.8849086110839605,0.8801983326446783,0.8914562823186145,0.8922671272546616,0.8918409274690231,0.7837229901206489,0.9664911224173471,0.956460086136311,23070,2574,2355,18107,46106,0.44380340953455083,0.0
UNSW-NB15__imbalanced__top10__SimpleRNN__seed43,UNSW-NB15,43,top10,imbalanced,SimpleRNN,DL,10,96820,96820,10758,,200.0,200,25.733788013458252,0.16592907905578613,0.33280110359191895,25.899717092514038,2026-09-02T01:18:52.504881+00:00,gpu1.nitsri.ac.in,0.8887346549256062,0.8860223776938952,0.8844533600802407,0.8618903333007526,0.8730260878174347,0.888225304208889,0.8860223776938952,0.8870052268849768,0.7742445479605294,0.9648806827988639,0.9543947174691286,23340,2304,2826,17636,46106,0.44380340953455083,0.0
UNSW-NB15__imbalanced__top10__SimpleRNN__seed44,UNSW-NB15,44,top10,imbalanced,SimpleRNN,DL,10,96820,96820,10758,,200.0,200,26.268388748168945,0.16864633560180664,0.34092211723327637,26.437035083770752,2026-09-02T01:41:33.679483+00:00,gpu1.nitsri.ac.in,0.8918795818331671,0.8908147944546183,0.8758195328055947,0.8813410223829538,0.8785716025625411,0.890329911415535,0.8908147944546183,0.8905651460690889,0.7811445553784566,0.9662498429089469,0.956590267325475,23087,2557,2428,18034,46106,0.44380340953455083,1.1102230246251565e-16
UNSW-NB15__imbalanced__top10__SimpleRNN__seed45,UNSW-NB15,45,top10,imbalanced,SimpleRNN,DL,10,96820,96820,10758,,200.0,200,26.120227098464966,0.16754865646362305,0.3309645652770996,26.28777575492859,2026-09-02T02:03:28.015491+00:00,gpu1.nitsri.ac.in,0.8910987723940484,0.8903350769125267,0.8726649611430226,0.883540220897273,0.8780689186235703,0.889402707835287,0.8903350769125267,0.8898408003068276,0.7797372273088746,0.9661046608936438,0.9568235309625548,23006,2638,2383,18079,46106,0.44380340953455083,0.0
UNSW-NB15__imbalanced__top10__SimpleRNN__seed46,UNSW-NB15,46,top10,imbalanced,SimpleRNN,DL,10,96820,96820,10758,,200.0,200,26.34548830986023,0.16710209846496582,0.334489107131958,26.512590408325195,2026-09-02T02:24:19.247140+00:00,gpu1.nitsri.ac.in,0.8923133648548995,0.891851601122783,0.8719339509432151,0.8877431336135275,0.8797675263349074,0.8905232212675163,0.891851601122783,0.8911279448749384,0.7823736946735955,0.9667276747104451,0.9570561779902603,22976,2668,2297,18165,46106,0.44380340953455083,0.0
UNSW-NB15__imbalanced__top20__CNN__seed42,UNSW-NB15,42,top20,imbalanced,CNN,DL,20,96820,96820,10758,,96.0,200,28.306684970855713,0.13928985595703125,0.3392660617828369,28.445974826812744,2026-09-02T00:54:10.205274+00:00,gpu1.nitsri.ac.in,0.9014878757645426,0.9005632976816113,0.8864452859500922,0.8923370149545499,0.8893813930832928,0.9000401120043702,0.9005632976816113,0.9002936055188124,0.8006032387378699,0.9734993987203202,0.9671609985291488,23305,2339,2203,18259,46106,0.44380340953455083,1.1102230246251565e-16
UNSW-NB15__imbalanced__top20__CNN__seed43,UNSW-NB15,43,top20,imbalanced,CNN,DL,20,96820,96820,10758,,111.0,200,33.93712091445923,0.14162635803222656,0.33412885665893555,34.078747272491455,2026-09-02T01:16:32.288931+00:00,gpu1.nitsri.ac.in,0.9007721337786839,0.8987841781382585,0.893807942095087,0.8810966669924739,0.8874067875864445,0.8999982451944493,0.8987841781382585,0.8993539492518392,0.7987815007037007,0.9732051574393483,0.9666532179488457,23502,2142,2433,18029,46106,0.44380340953455083,0.0
UNSW-NB15__imbalanced__top20__CNN__seed44,UNSW-NB15,44,top20,imbalanced,CNN,DL,20,96820,96820,10758,,118.0,200,35.2238974571228,0.14496874809265137,0.33735108375549316,35.368866205215454,2026-09-02T01:39:12.815697+00:00,gpu1.nitsri.ac.in,0.9025723333188739,0.9009703375043818,0.8930012796535092,0.8867168409735119,0.8898479646885729,0.9015572553068228,0.9009703375043818,0.9012546714094598,0.8025273781939405,0.9736617715623259,0.9671124853879598,23470,2174,2318,18144,46106,0.44380340953455083,1.1102230246251565e-16
UNSW-NB15__imbalanced__top20__CNN__seed45,UNSW-NB15,45,top20,imbalanced,CNN,DL,20,96820,96820,10758,,140.0,200,41.15318727493286,0.14154863357543945,0.33604884147644043,41.2947359085083,2026-09-02T02:01:07.232960+00:00,gpu1.nitsri.ac.in,0.9018132130308419,0.9002138496534148,0.8920434975151307,0.8859837748020721,0.8890033100404561,0.9007787591907965,0.9002138496534148,0.900487810152746,0.8009924096396109,0.9736433877355105,0.9677458854694906,23450,2194,2333,18129,46106,0.44380340953455083,0.0
UNSW-NB15__imbalanced__top20__CNN__seed46,UNSW-NB15,46,top20,imbalanced,CNN,DL,20,96820,96820,10758,,107.0,200,31.503748893737793,0.14276123046875,0.3373374938964844,31.646510124206543,2026-09-02T02:21:58.086619+00:00,gpu1.nitsri.ac.in,0.9022253069014878,0.9002139716214774,0.8958023221196785,0.8823184439448735,0.8890092574354934,0.9015078195062017,0.9002139716214774,0.9008190716978226,0.8017207470975322,0.9733694770059786,0.9671297852645899,23544,2100,2408,18054,46106,0.44380340953455083,0.0
UNSW-NB15__imbalanced__top20__DT__seed42,UNSW-NB15,42,top20,imbalanced,DT,ML,20,96820,96820,10758,,,200,0.9858858585357666,0.0043735504150390625,0.3392660617828369,0.9902594089508057,2026-09-02T00:51:16.034567+00:00,gpu1.nitsri.ac.in,0.8905565436168829,0.8891020255373375,0.8771037181996086,0.8761606881047795,0.8766319495379199,0.8891869405304909,0.8891020255373375,0.8891442733462354,0.7782889614355154,0.891551796001829,0.8266762351937409,23132,2512,2534,17928,46106,0.44380340953455083,1.1102230246251565e-16
UNSW-NB15__imbalanced__top20__DT__seed43,UNSW-NB15,43,top20,imbalanced,DT,ML,20,96820,96820,10758,,,200,1.0186963081359863,0.00440526008605957,0.33412885665893555,1.023101568222046,2026-09-02T01:13:32.140134+00:00,gpu1.nitsri.ac.in,0.8870212119897627,0.885731319969933,0.8715712545676005,0.8742547160590363,0.8729109229755776,0.8854943955102184,0.885731319969933,0.8856111471881305,0.7712256790879514,0.8863318754643266,0.8184910555355754,23008,2636,2573,17889,46106,0.44380340953455083,0.0
UNSW-NB15__imbalanced__top20__DT__seed44,UNSW-NB15,44,top20,imbalanced,DT,ML,20,96820,96820,10758,,,200,0.9962875843048096,0.0041806697845458984,0.33735108375549316,1.0004682540893555,2026-09-02T01:36:11.648112+00:00,gpu1.nitsri.ac.in,0.8867609421767232,0.8850381316377212,0.8744533438160287,0.8697097057961098,0.8720750741185407,0.8854697315080919,0.8850381316377212,0.8852486112046818,0.7705077422655006,0.8877961277838657,0.8219107988330047,23089,2555,2666,17796,46106,0.44380340953455083,0.0
UNSW-NB15__imbalanced__top20__DT__seed45,UNSW-NB15,45,top20,imbalanced,DT,ML,20,96820,96820,10758,,,200,1.003960132598877,0.0041484832763671875,0.33604884147644043,1.0081086158752441,2026-09-02T01:58:01.193956+00:00,gpu1.nitsri.ac.in,0.8880189129397476,0.8863862636915059,0.8753250576517344,0.8718600332323331,0.8735891095169307,0.8867004297005028,0.8863862636915059,0.8865405104905216,0.77308662955681,0.8872796302007622,0.8209872264782919,23103,2541,2622,17840,46106,0.44380340953455083,0.0
UNSW-NB15__imbalanced__top20__DT__seed46,UNSW-NB15,46,top20,imbalanced,DT,ML,20,96820,96820,10758,,,200,1.0768606662750244,0.004392862319946289,0.3373374938964844,1.0812535285949707,2026-09-02T02:19:00.880943+00:00,gpu1.nitsri.ac.in,0.8872814818028022,0.885436948145019,0.8760037440267994,0.8690255107027661,0.8725006746645078,0.8860779753962028,0.885436948145019,0.8857459739573923,0.771514657236582,0.8879016711316888,0.8226028220108207,23127,2517,2680,17782,46106,0.44380340953455083,1.1102230246251565e-16
UNSW-NB15__imbalanced__top20__GNB__seed42,UNSW-NB15,42,top20,imbalanced,GNB,ML,20,96820,96820,10758,,,200,0.011916875839233398,0.0016705989837646484,0.3392660617828369,0.013587474822998047,2026-09-02T00:51:17.390966+00:00,gpu1.nitsri.ac.in,0.8121719515898148,0.826196972459962,0.7176205930078182,0.9509823086697292,0.8179831014334357,0.8324016603796331,0.826196972459962,0.8119803036853068,0.6585694048663387,0.8413069468312705,0.7333804780538163,17987,7657,1003,19459,46106,0.44380340953455083,0.0
UNSW-NB15__imbalanced__top20__GNB__seed43,UNSW-NB15,43,top20,imbalanced,GNB,ML,20,96820,96820,10758,,,200,0.011516809463500977,0.0016727447509765625,0.33412885665893555,0.013189554214477539,2026-09-02T01:13:33.464605+00:00,gpu1.nitsri.ac.in,0.8075304732572767,0.8217380640262502,0.7129051223634894,0.9481477861401623,0.8138686131386861,0.8283718921154732,0.8217380640262502,0.8073070387410692,0.6500761089283902,0.832654768781256,0.7240630821680456,17831,7813,1061,19401,46106,0.44380340953455083,0.0
UNSW-NB15__imbalanced__top20__GNB__seed44,UNSW-NB15,44,top20,imbalanced,GNB,ML,20,96820,96820,10758,,,200,0.0113525390625,0.00171661376953125,0.33735108375549316,0.01306915283203125,2026-09-02T01:36:12.986870+00:00,gpu1.nitsri.ac.in,0.8127141803669804,0.8273312678194387,0.7161920081892297,0.957384419900303,0.8194081355223256,0.8348463906994248,0.8273312678194387,0.812456505988971,0.662135012191338,0.8337445477036226,0.7228123565177049,17881,7763,872,19590,46106,0.44380340953455083,1.1102230246251565e-16
UNSW-NB15__imbalanced__top20__GNB__seed45,UNSW-NB15,45,top20,imbalanced,GNB,ML,20,96820,96820,10758,,,200,0.011374950408935547,0.0016660690307617188,0.33604884147644043,0.013041019439697266,2026-09-02T01:58:02.621380+00:00,gpu1.nitsri.ac.in,0.8099162798768056,0.8246679255600251,0.7132958938078915,0.9559182875574235,0.8169743546905021,0.8325096467540849,0.8246679255600251,0.8096331798718708,0.6571307852789899,0.8356540482473028,0.7279558394925301,17782,7862,902,19560,46106,0.44380340953455083,0.0
UNSW-NB15__imbalanced__top20__GNB__seed46,UNSW-NB15,46,top20,imbalanced,GNB,ML,20,96820,96820,10758,,,200,0.011518478393554688,0.0016903877258300781,0.3373374938964844,0.013208866119384766,2026-09-02T02:19:02.254362+00:00,gpu1.nitsri.ac.in,0.810241617143105,0.8245653675711102,0.7149410944324146,0.9520086013097449,0.8166174097130521,0.8314352325123524,0.8245653675711102,0.8100119608167984,0.655964627297503,0.8325650117216645,0.7206202004592522,17877,7767,982,19480,46106,0.44380340953455083,1.1102230246251565e-16
UNSW-NB15__imbalanced__top20__GRU__seed42,UNSW-NB15,42,top20,imbalanced,GRU,DL,20,96820,96820,10758,,200.0,200,40.99147152900696,0.32732582092285156,0.3392660617828369,41.31879734992981,2026-09-02T00:52:19.143361+00:00,gpu1.nitsri.ac.in,0.9013794300091095,0.8996510718606705,0.8925171410250087,0.8842732870687128,0.8883760893580459,0.9004257210563823,0.8996510718606705,0.9000226892775816,0.8000764179021028,0.9708827387840038,0.9634250620841038,23465,2179,2368,18094,46106,0.44380340953455083,0.0
UNSW-NB15__imbalanced__top20__GRU__seed43,UNSW-NB15,43,top20,imbalanced,GRU,DL,20,96820,96820,10758,,200.0,200,40.22318983078003,0.3286595344543457,0.33412885665893555,40.551849365234375,2026-09-02T01:14:34.926057+00:00,gpu1.nitsri.ac.in,0.8959354530863662,0.89387327321619,0.8883764752553803,0.8755253640895319,0.8819041055429753,0.8950941744048683,0.89387327321619,0.8944453840369964,0.788966502968266,0.968175091625839,0.959560939969304,23393,2251,2547,17915,46106,0.44380340953455083,0.0
UNSW-NB15__imbalanced__top20__GRU__seed44,UNSW-NB15,44,top20,imbalanced,GRU,DL,20,96820,96820,10758,,200.0,200,40.54111456871033,0.32151031494140625,0.33735108375549316,40.86262488365173,2026-09-02T01:37:14.624197+00:00,gpu1.nitsri.ac.in,0.897280180453737,0.8948500563515318,0.8929535232383808,0.8732284234190206,0.8829808262502471,0.8967756580017778,0.8948500563515318,0.895723115096519,0.791623372370771,0.9694743516486523,0.9612028777741073,23502,2142,2594,17868,46106,0.44380340953455083,1.1102230246251565e-16
UNSW-NB15__imbalanced__top20__GRU__seed45,UNSW-NB15,45,top20,imbalanced,GRU,DL,20,96820,96820,10758,,200.0,200,40.002979040145874,0.3202321529388428,0.33604884147644043,40.32321119308472,2026-09-02T01:59:03.383923+00:00,gpu1.nitsri.ac.in,0.8981911247993754,0.8961676792378996,0.8908775409023302,0.8781644023067149,0.8844752904114983,0.8973781597170504,0.8961676792378996,0.8967355125962106,0.7935449157166373,0.9696113503692528,0.9620046656999637,23443,2201,2493,17969,46106,0.44380340953455083,0.0
UNSW-NB15__imbalanced__top20__GRU__seed46,UNSW-NB15,46,top20,imbalanced,GRU,DL,20,96820,96820,10758,,200.0,200,40.65975785255432,0.32270288467407227,0.3373374938964844,40.982460737228394,2026-09-02T02:20:03.522176+00:00,gpu1.nitsri.ac.in,0.8976922743243829,0.8963117673521409,0.8852836098468164,0.8840289316782328,0.8846558258955862,0.8964259361118163,0.8963117673521409,0.8963684842984176,0.79273769524276,0.9700035415332736,0.9624200759007604,23300,2344,2373,18089,46106,0.44380340953455083,0.0
UNSW-NB15__imbalanced__top20__KNN__seed42,UNSW-NB15,42,top20,imbalanced,KNN,ML,20,96820,96820,10758,,,200,0.0033636093139648438,0.7953357696533203,0.3392660617828369,0.7986993789672852,2026-09-02T00:51:19.041290+00:00,gpu1.nitsri.ac.in,0.8794733874116167,0.8777165946590093,0.8657668711656442,0.8620858176131365,0.8639224232926023,0.8780468571365899,0.8777165946590093,0.8778784865854738,0.7557633796345885,0.9371541385951454,0.8963300429258517,22909,2735,2822,17640,46106,0.44380340953455083,1.1102230246251565e-16
UNSW-NB15__imbalanced__top20__KNN__seed43,UNSW-NB15,43,top20,imbalanced,KNN,ML,20,96820,96820,10758,,,200,0.003221750259399414,1.0785343647003174,0.33412885665893555,1.0817561149597168,2026-09-02T01:13:35.395982+00:00,gpu1.nitsri.ac.in,0.8763067713529692,0.8743514557902134,0.8633252917138496,0.8569543544130583,0.8601280258994923,0.8749268443450039,0.8743514557902134,0.8746294205198778,0.7492780792079345,0.9345368297506206,0.8916774906860532,22868,2776,2927,17535,46106,0.44380340953455083,1.1102230246251565e-16
UNSW-NB15__imbalanced__top20__KNN__seed44,UNSW-NB15,44,top20,imbalanced,KNN,ML,20,96820,96820,10758,,,200,0.003163576126098633,0.9799342155456543,0.33735108375549316,0.9830977916717529,2026-09-02T01:36:14.902570+00:00,gpu1.nitsri.ac.in,0.8798204138290028,0.8777026636193557,0.8688386809709794,0.8588603264588017,0.8638206886382069,0.8786212029994972,0.8777026636193557,0.8781382425393158,0.7563233088452975,0.9367271055388579,0.8952965236136698,22991,2653,2888,17574,46106,0.44380340953455083,1.1102230246251565e-16
UNSW-NB15__imbalanced__top20__KNN__seed45,UNSW-NB15,45,top20,imbalanced,KNN,ML,20,96820,96820,10758,,,200,0.0033016204833984375,0.787055492401123,0.33604884147644043,0.7903571128845215,2026-09-02T01:58:04.254875+00:00,gpu1.nitsri.ac.in,0.8779334576844662,0.8757199679449637,0.8672145757005644,0.8560258039292347,0.861583866207575,0.8767522623755253,0.8757199679449637,0.8762062720237129,0.7524715222330342,0.9359092305902426,0.8945839165149749,22962,2682,2946,17516,46106,0.44380340953455083,0.0
UNSW-NB15__imbalanced__top20__KNN__seed46,UNSW-NB15,46,top20,imbalanced,KNN,ML,20,96820,96820,10758,,,200,0.0032444000244140625,0.7920196056365967,0.3373374938964844,0.7952640056610107,2026-09-02T02:19:03.899127+00:00,gpu1.nitsri.ac.in,0.8811868303474601,0.8790100259424545,0.8709645474351356,0.8596422637083374,0.8652663682424123,0.8800596569672783,0.8790100259424545,0.8795044259259157,0.7590689572017776,0.9367164647782686,0.8957431781190928,23038,2606,2872,17590,46106,0.44380340953455083,1.1102230246251565e-16
UNSW-NB15__imbalanced__top20__LSTM__seed42,UNSW-NB15,42,top20,imbalanced,LSTM,DL,20,96820,96820,10758,,200.0,200,37.736257791519165,0.28458166122436523,0.3392660617828369,38.02083945274353,2026-09-02T00:52:57.640794+00:00,gpu1.nitsri.ac.in,0.8993623389580532,0.8981686148549082,0.8859024390243903,0.8875476493011436,0.8867242810409648,0.8980203439361583,0.8981686148549082,0.8980938478375555,0.7961889449851317,0.9699987133131693,0.9621224393306574,23305,2339,2301,18161,46106,0.44380340953455083,1.1102230246251565e-16
UNSW-NB15__imbalanced__top20__LSTM__seed43,UNSW-NB15,43,top20,imbalanced,LSTM,DL,20,96820,96820,10758,,200.0,200,37.92099714279175,0.2897045612335205,0.33412885665893555,38.21070170402527,2026-09-02T01:15:13.610026+00:00,gpu1.nitsri.ac.in,0.8977790309287295,0.8962465620824072,0.8865544155907908,0.8826116704134493,0.8845786496216296,0.8966092458758306,0.8962465620824072,0.8964242826729764,0.7928557250052344,0.9697762540485583,0.9619636483518546,23333,2311,2402,18060,46106,0.44380340953455083,0.0
UNSW-NB15__imbalanced__top20__LSTM__seed44,UNSW-NB15,44,top20,imbalanced,LSTM,DL,20,96820,96820,10758,,200.0,200,37.35711336135864,0.28095173835754395,0.33735108375549316,37.63806509971619,2026-09-02T01:37:52.737962+00:00,gpu1.nitsri.ac.in,0.8979308549863358,0.8959188929763944,0.8904639175257731,0.8780177890724269,0.8841970569417786,0.897102379125401,0.8959188929763944,0.8964747645588407,0.7930203889979658,0.9699398103619218,0.9619007997917083,23434,2210,2496,17966,46106,0.44380340953455083,0.0
UNSW-NB15__imbalanced__top20__LSTM__seed45,UNSW-NB15,45,top20,imbalanced,LSTM,DL,20,96820,96820,10758,,200.0,200,37.41345715522766,0.2839534282684326,0.33604884147644043,37.697410583496094,2026-09-02T01:59:41.556238+00:00,gpu1.nitsri.ac.in,0.8963041686548389,0.8946639502397138,0.8855667568232112,0.8800703743524582,0.8828100105399906,0.8951717218984707,0.8946639502397138,0.8949107915191443,0.7898355089193699,0.9694767490833833,0.9617433669954024,23317,2327,2454,18008,46106,0.44380340953455083,0.0
UNSW-NB15__imbalanced__top20__LSTM__seed46,UNSW-NB15,46,top20,imbalanced,LSTM,DL,20,96820,96820,10758,,200.0,200,37.61414670944214,0.2853879928588867,0.3373374938964844,37.899534702301025,2026-09-02T02:20:41.891291+00:00,gpu1.nitsri.ac.in,0.8991237582961003,0.8977368764994544,0.8870880869607796,0.8853973218649204,0.8862418980066039,0.8978912770590215,0.8977368764994544,0.897813411060309,0.7956281385768964,0.9703774574982847,0.9626691490540388,23338,2306,2345,18117,46106,0.44380340953455083,0.0
UNSW-NB15__imbalanced__top20__MLP__seed42,UNSW-NB15,42,top20,imbalanced,MLP,DL,20,96820,96820,10758,,200.0,200,16.229218244552612,0.07941150665283203,0.3392660617828369,16.308629751205444,2026-09-02T00:53:14.414226+00:00,gpu1.nitsri.ac.in,0.8989502450874073,0.897921602847564,0.8841460450192037,0.8887694262535432,0.8864517072457411,0.8975102312655245,0.897921602847564,0.89771091643915,0.7954317277390521,0.9710099486147028,0.9628457203062738,23261,2383,2276,18186,46106,0.44380340953455083,0.0
UNSW-NB15__imbalanced__top20__MLP__seed43,UNSW-NB15,43,top20,imbalanced,MLP,DL,20,96820,96820,10758,,200.0,200,16.386539220809937,0.07988429069519043,0.33412885665893555,16.466423511505127,2026-09-02T01:15:30.542981+00:00,gpu1.nitsri.ac.in,0.8980176115906824,0.8965795444221482,0.8861230889847119,0.8837845762877529,0.8849522877416198,0.8967933524151515,0.8965795444221482,0.8966851735151558,0.7933728680274809,0.9694866932919899,0.9613883466068885,23320,2324,2378,18084,46106,0.44380340953455083,1.1102230246251565e-16
UNSW-NB15__imbalanced__top20__MLP__seed44,UNSW-NB15,44,top20,imbalanced,MLP,DL,20,96820,96820,10758,,200.0,200,16.422266721725464,0.08151960372924805,0.33735108375549316,16.503786325454712,2026-09-02T01:38:09.707695+00:00,gpu1.nitsri.ac.in,0.8964343035613586,0.8938970703286602,0.8927444794952681,0.8713224513732772,0.8819033957411025,0.8959991768052197,0.8938970703286602,0.8948422712690333,0.789893450020032,0.9697302749475722,0.9618736429498503,23502,2142,2633,17829,46106,0.44380340953455083,0.0
UNSW-NB15__imbalanced__top20__MLP__seed45,UNSW-NB15,45,top20,imbalanced,MLP,DL,20,96820,96820,10758,,200.0,200,16.353334665298462,0.08140325546264648,0.33604884147644043,16.43473792076111,2026-09-02T01:59:58.481953+00:00,gpu1.nitsri.ac.in,0.8973886262091701,0.8963153158604631,0.8825818376380175,0.8867657120516078,0.8846688281611857,0.8959431284718056,0.8963153158604631,0.896125119478026,0.7922583569091172,0.9697122856112096,0.9619992425391322,23230,2414,2317,18145,46106,0.44380340953455083,0.0
UNSW-NB15__imbalanced__top20__MLP__seed46,UNSW-NB15,46,top20,imbalanced,MLP,DL,20,96820,96820,10758,,200.0,200,16.352438926696777,0.07974028587341309,0.3373374938964844,16.43217921257019,2026-09-02T02:20:58.818632+00:00,gpu1.nitsri.ac.in,0.8994490955623997,0.8983601752260271,0.8852107876545614,0.8886716840973512,0.8869378597210028,0.8980505510796668,0.8983601752260271,0.898202565229975,0.7964106661187123,0.9702864702764364,0.9623964618015453,23286,2358,2278,18184,46106,0.44380340953455083,1.1102230246251565e-16
UNSW-NB15__imbalanced__top20__RF__seed42,UNSW-NB15,42,top20,imbalanced,RF,ML,20,96820,96820,10758,,,200,1.1079323291778564,0.06484127044677734,0.3392660617828369,1.1727735996246338,2026-09-02T00:51:17.316886+00:00,gpu1.nitsri.ac.in,0.9088838762850822,0.9076070504919269,0.8982220698437576,0.8962467012022285,0.8972332982705057,0.9077898468647337,0.9076070504919269,0.9076975522580004,0.815396876866937,0.9759069882455261,0.9690065240768457,23566,2078,2123,18339,46106,0.44380340953455083,1.1102230246251565e-16
UNSW-NB15__imbalanced__top20__RF__seed43,UNSW-NB15,43,top20,imbalanced,RF,ML,20,96820,96820,10758,,,200,1.080115556716919,0.05491805076599121,0.33412885665893555,1.1350336074829102,2026-09-02T01:13:33.389913+00:00,gpu1.nitsri.ac.in,0.9072355008024986,0.9059622749580616,0.8961668380085182,0.8946339556250611,0.895399740761574,0.9061035911293418,0.9059622749580616,0.9060323918623839,0.8120658537914425,0.975600598754941,0.9693217050097784,23523,2121,2156,18306,46106,0.44380340953455083,1.1102230246251565e-16
UNSW-NB15__imbalanced__top20__RF__seed44,UNSW-NB15,44,top20,imbalanced,RF,ML,20,96820,96820,10758,,,200,1.0927553176879883,0.05847740173339844,0.33735108375549316,1.1512327194213867,2026-09-02T01:36:12.913092+00:00,gpu1.nitsri.ac.in,0.9086019173209561,0.9074918383165138,0.8965635067851215,0.897615091388916,0.8970889909153072,0.9073957268507965,0.9074918383165138,0.9074435279170794,0.8148875594994034,0.9761595536112221,0.9700313132767727,23525,2119,2095,18367,46106,0.44380340953455083,0.0
UNSW-NB15__imbalanced__top20__RF__seed45,UNSW-NB15,45,top20,imbalanced,RF,ML,20,96820,96820,10758,,,200,1.1587252616882324,0.08504271507263184,0.33604884147644043,1.2437679767608643,2026-09-02T01:58:02.547456+00:00,gpu1.nitsri.ac.in,0.9087971196807357,0.9074303035231649,0.8988273391884598,0.8952692796403089,0.8970447812354626,0.9077615801870385,0.9074303035231649,0.9075930363379128,0.8151918163983013,0.9765086786146275,0.9705160189690584,23582,2062,2143,18319,46106,0.44380340953455083,1.1102230246251565e-16
UNSW-NB15__imbalanced__top20__RF__seed46,UNSW-NB15,46,top20,imbalanced,RF,ML,20,96820,96820,10758,,,200,1.11708402633667,0.06474900245666504,0.3373374938964844,1.181833028793335,2026-09-02T02:19:02.180148+00:00,gpu1.nitsri.ac.in,0.907907864486184,0.9065272024379099,0.8978410206084396,0.8942429870002933,0.8960383918515253,0.9068618925634129,0.9065272024379099,0.9066915727994244,0.8133890261428357,0.9758858582315506,0.9696956341379143,23562,2082,2164,18298,46106,0.44380340953455083,1.1102230246251565e-16
UNSW-NB15__imbalanced__top20__SVM__seed42,UNSW-NB15,42,top20,imbalanced,SVM,ML,20,96820,96820,10758,100000.0,,200,6.124032497406006,6.092146635055542,0.3392660617828369,12.216179132461548,2026-09-02T00:51:37.391523+00:00,gpu1.nitsri.ac.in,0.868195028846571,0.873611763322621,0.8081751574617593,0.9218062750464275,0.8612588753681423,0.8689490009648146,0.873611763322621,0.867864776759901,0.7425461246995606,0.9525260898833574,0.935077628393131,21167,4477,1600,18862,46106,0.44380340953455083,0.0
UNSW-NB15__imbalanced__top20__SVM__seed43,UNSW-NB15,43,top20,imbalanced,SVM,ML,20,96820,96820,10758,100000.0,,200,6.152385711669922,6.216996669769287,0.33412885665893555,12.369382381439209,2026-09-02T01:13:53.940528+00:00,gpu1.nitsri.ac.in,0.8689107708324296,0.8735441453721482,0.8131896776435833,0.914768839800606,0.8609935602575897,0.8688263010532539,0.8735441453721482,0.8684841395640734,0.7423554550690885,0.9511366201850954,0.9326513769709658,21344,4300,1744,18718,46106,0.44380340953455083,0.0
UNSW-NB15__imbalanced__top20__SVM__seed44,UNSW-NB15,44,top20,imbalanced,SVM,ML,20,96820,96820,10758,100000.0,,200,6.1705100536346436,6.115496635437012,0.33735108375549316,12.286006689071655,2026-09-02T01:36:33.333110+00:00,gpu1.nitsri.ac.in,0.8685637444150436,0.8738987846660105,0.8090027463096464,0.9213664353435637,0.8615363524196865,0.8692193803471748,0.8738987846660105,0.8682243129393978,0.7431034317965329,0.951924640591755,0.9336276264022106,21193,4451,1609,18853,46106,0.44380340953455083,0.0
UNSW-NB15__imbalanced__top20__SVM__seed45,UNSW-NB15,45,top20,imbalanced,SVM,ML,20,96820,96820,10758,100000.0,,200,6.09060001373291,6.100658655166626,0.33604884147644043,12.191258668899536,2026-09-02T01:58:22.628927+00:00,gpu1.nitsri.ac.in,0.8702338090487138,0.8750149620509332,0.8137922066663777,0.917554491252077,0.8625640318838582,0.87027791362188,0.8750149620509332,0.8698284117183419,0.7452778212860169,0.9518905352722414,0.9330453129876161,21348,4296,1687,18775,46106,0.44380340953455083,1.1102230246251565e-16
UNSW-NB15__imbalanced__top20__SVM__seed46,UNSW-NB15,46,top20,imbalanced,SVM,ML,20,96820,96820,10758,100000.0,,200,6.068588018417358,6.035270690917969,0.3373374938964844,12.103858709335327,2026-09-02T02:19:22.107690+00:00,gpu1.nitsri.ac.in,0.8665032750618141,0.8715625950540944,0.8083006507779167,0.9165770696901574,0.8590404213901294,0.866884465021321,0.8715625950540944,0.8661280340415125,0.7384322417347583,0.9494972303034956,0.9292900622845739,21196,4448,1707,18755,46106,0.44380340953455083,0.0
UNSW-NB15__imbalanced__top20__SimpleRNN__seed42,UNSW-NB15,42,top20,imbalanced,SimpleRNN,DL,20,96820,96820,10758,,200.0,200,26.20321559906006,0.16580748558044434,0.3392660617828369,26.369023084640503,2026-09-02T00:53:41.255261+00:00,gpu1.nitsri.ac.in,0.9020301045417083,0.9011939373609535,0.8864330376617712,0.8937542762193333,0.890078602195021,0.9005472352195019,0.9011939373609535,0.9008580768951591,0.8017409117582961,0.9726893430679703,0.9651538941774096,23301,2343,2174,18288,46106,0.44380340953455083,1.1102230246251565e-16
UNSW-NB15__imbalanced__top20__SimpleRNN__seed43,UNSW-NB15,43,top20,imbalanced,SimpleRNN,DL,20,96820,96820,10758,,200.0,200,26.520030736923218,0.16574573516845703,0.33412885665893555,26.685776472091675,2026-09-02T01:15:57.709860+00:00,gpu1.nitsri.ac.in,0.8988417993319742,0.8957798646310015,0.900030385900942,0.8685367999218063,0.8840031834460804,0.8989909137395453,0.8957798646310015,0.8971588873156869,0.7947642916710257,0.970928373896938,0.9634193503265795,23670,1974,2690,17772,46106,0.44380340953455083,1.1102230246251565e-16
UNSW-NB15__imbalanced__top20__SimpleRNN__seed44,UNSW-NB15,44,top20,imbalanced,SimpleRNN,DL,20,96820,96820,10758,,200.0,200,26.588656187057495,0.16686725616455078,0.33735108375549316,26.755523443222046,2026-09-02T01:38:36.942641+00:00,gpu1.nitsri.ac.in,0.9017915238797554,0.9002832323292937,0.8913064833005894,0.8868634542077998,0.8890794179609034,0.9006948015042526,0.9002832323292937,0.900484445310477,0.8009779280945686,0.9725230415203223,0.9657839689399875,23431,2213,2315,18147,46106,0.44380340953455083,1.1102230246251565e-16
UNSW-NB15__imbalanced__top20__SimpleRNN__seed45,UNSW-NB15,45,top20,imbalanced,SimpleRNN,DL,20,96820,96820,10758,,200.0,200,26.296780347824097,0.16699481010437012,0.33604884147644043,26.463775157928467,2026-09-02T02:00:25.436383+00:00,gpu1.nitsri.ac.in,0.9007070663254241,0.8982812828527647,0.8972191657497249,0.8766982699638354,0.8868400237294839,0.900298461551333,0.8982812828527647,0.899193255546634,0.7985771967459452,0.972175930895701,0.9656842004704924,23589,2055,2523,17939,46106,0.44380340953455083,1.1102230246251565e-16
UNSW-NB15__imbalanced__top20__SimpleRNN__seed46,UNSW-NB15,46,top20,imbalanced,SimpleRNN,DL,20,96820,96820,10758,,200.0,200,26.47182869911194,0.16613054275512695,0.3373374938964844,26.637959241867065,2026-09-02T02:21:25.939170+00:00,gpu1.nitsri.ac.in,0.9009239578362903,0.899281121763446,0.8912850812407681,0.8846642556934806,0.8879623270872167,0.8998990144923023,0.899281121763446,0.8995799193756457,0.7991798973912768,0.9721999681327944,0.9652343962659005,23436,2208,2360,18102,46106,0.44380340953455083,1.1102230246251565e-16
